statement,original_label,binary_label,true_id,predicted_id,predicted_label,prob_fake,prob_real,confidence,correct,error_type,token_length
Building a wall on the U.S.-Mexico border will take literally years.,true,REAL,1,0,FAKE,0.9499502778053284,0.050049789249897,0.9499502778053284,False,REAL_TO_FAKE,19
Wisconsin is on pace to double the number of layoffs this year.,false,FAKE,0,1,REAL,0.19807569682598114,0.8019243478775024,0.8019243478775024,False,FAKE_TO_REAL,16
Says John McCain has done nothing to help the vets.,false,FAKE,0,0,FAKE,0.8167228102684021,0.18327724933624268,0.8167228102684021,True,CORRECT,14
Suzanne Bonamici supports a plan that will cut choice for Medicare Advantage seniors.,half-true,FAKE,0,0,FAKE,0.9910086989402771,0.008991282433271408,0.9910086989402771,True,CORRECT,18
"When asked by a reporter whether hes at the center of a criminal scheme to violate campaign laws, Gov. Scott Walker nodded yes.",pants-fire,FAKE,0,0,FAKE,0.8758876323699951,0.12411238998174667,0.8758876323699951,True,CORRECT,29
Over the past five years the federal government has paid out $601 million in retirement and disability benefits to deceased former federal employees.,true,REAL,1,1,REAL,0.23971450328826904,0.7602854371070862,0.7602854371070862,True,CORRECT,28
Says that Tennessee law requires that schools receive half of proceeds -- $31 million per year -- from a half-cent increase in the Shelby County sales tax.,true,REAL,1,1,REAL,0.12521278858184814,0.8747872710227966,0.8747872710227966,True,CORRECT,35
"Says Vice President Joe Biden ""admits that the American people are being scammed"" with the economic stimulus package.",barely-true,FAKE,0,0,FAKE,0.8121980428695679,0.18780198693275452,0.8121980428695679,True,CORRECT,25
Donald Trump is against marriage equality. He wants to go back.,true,REAL,1,1,REAL,0.42687395215034485,0.5731260776519775,0.5731260776519775,True,CORRECT,15
We know that more than half of Hillary Clintons meetings while she was secretary of state were given to major contributors to the Clinton Foundation.,barely-true,FAKE,0,1,REAL,0.4745214581489563,0.5254785418510437,0.5254785418510437,False,FAKE_TO_REAL,29
We know there are more Democrats in Georgia than Republicans. We know that for a fact.,barely-true,FAKE,0,1,REAL,0.3602047860622406,0.6397952437400818,0.6397952437400818,False,FAKE_TO_REAL,20
PolitiFact Texas says Congressman Edwards attacks on Bill Flores are false.,barely-true,FAKE,0,0,FAKE,0.9823471307754517,0.017652854323387146,0.9823471307754517,True,CORRECT,17
Denali is the Kenyan word for black power.,pants-fire,FAKE,0,0,FAKE,0.9658871293067932,0.034112852066755295,0.9658871293067932,True,CORRECT,12
"Says 57 percent of federal spending goes to the military and just 1 percent goes to food and agriculture, including food stamps.",false,FAKE,0,1,REAL,0.14048334956169128,0.8595166206359863,0.8595166206359863,False,FAKE_TO_REAL,26
On residency requirements for public workers,half-true,FAKE,0,0,FAKE,0.9657660126686096,0.034233931452035904,0.9657660126686096,True,CORRECT,8
Says the unemployment rate for college graduates is 4.4 percent and over 10 percent for noncollege-educated.,true,REAL,1,0,FAKE,0.97562575340271,0.024374261498451233,0.97562575340271,False,REAL_TO_FAKE,25
Unfortunately we have documented instances where people defecated in the (Statehouse) building.,pants-fire,FAKE,0,1,REAL,0.2480124533176422,0.7519875168800354,0.7519875168800354,False,FAKE_TO_REAL,20
A recent Gallup poll found that 72 percent of Americans and 56 percent of Democrats say the biggest threat to our nations security is big government.,half-true,FAKE,0,0,FAKE,0.8051581382751465,0.19484177231788635,0.8051581382751465,True,CORRECT,30
"Each year, 18,000 people die in America because they don't have health care.",true,REAL,1,0,FAKE,0.9246439933776855,0.07535602152347565,0.9246439933776855,False,REAL_TO_FAKE,21
Ronald Reagan faced an even worse recession than the current one.,false,FAKE,0,0,FAKE,0.923613429069519,0.07638657093048096,0.923613429069519,True,CORRECT,14
There have not been any public safety issues in cities that allow transgender people to use the bathroom of the gender they identify as.,mostly-true,REAL,1,0,FAKE,0.9679585099220276,0.03204149752855301,0.9679585099220276,False,REAL_TO_FAKE,27
Says Mitt Romney was one of the first national Republican leaders to endorse Marco Rubio.,half-true,FAKE,0,1,REAL,0.21109949052333832,0.7889004945755005,0.7889004945755005,False,FAKE_TO_REAL,22
The number of illegal immigrants could be 3 million. It could be 30 million.,pants-fire,FAKE,0,0,FAKE,0.8229483366012573,0.1770516335964203,0.8229483366012573,True,CORRECT,18
Marijuana is less toxic than alcohol.,mostly-true,REAL,1,1,REAL,0.11775574833154678,0.8822442889213562,0.8822442889213562,True,CORRECT,9
Says Charlie Crist is embroiled in a fraud case for steering taxpayer money to a de facto Ponzi scheme.,false,FAKE,0,0,FAKE,0.9796238541603088,0.02037620171904564,0.9796238541603088,True,CORRECT,27
"Now, there was a time when someone like Scalia and Ginsburg got 95-plus votes.",true,REAL,1,1,REAL,0.13563957810401917,0.8643603920936584,0.8643603920936584,True,CORRECT,22
I was gone when there was a red line against Syria.,barely-true,FAKE,0,0,FAKE,0.9340551495552063,0.06594491004943848,0.9340551495552063,True,CORRECT,14
"Tim Kaine hiked tuition as governor, but now claims to champion affordability.",half-true,FAKE,0,0,FAKE,0.5269126296043396,0.4730873703956604,0.5269126296043396,True,CORRECT,19
"Contends that President Obama literally said (if) his cap-and-trade proposals were to pass, that utility rates, his words now, would, necessarily skyrocket.",true,REAL,1,0,FAKE,0.9556803107261658,0.044319670647382736,0.9556803107261658,False,REAL_TO_FAKE,38
Active duty males in the military are twice as likely to develop prostate cancer than their civilian counterparts.,mostly-true,REAL,1,1,REAL,0.09199389815330505,0.9080060720443726,0.9080060720443726,True,CORRECT,21
Its been since 1888 that a Senate of a different party than the president in the White House confirmed a Supreme Court nominee.,false,FAKE,0,1,REAL,0.3244483470916748,0.6755515933036804,0.6755515933036804,False,FAKE_TO_REAL,26
"Under Rosemary Lehmberg, the Travis County D.A.s office convened the grand jury that indicted Rick Perry.",false,FAKE,0,0,FAKE,0.9658871293067932,0.03411290794610977,0.9658871293067932,True,CORRECT,26
On which team hes rooting for in the World Series.,half-true,FAKE,0,0,FAKE,0.9087010025978088,0.09129899740219116,0.9087010025978088,True,CORRECT,15
Tom Ganley has two Fs from the Better Business Bureau and over 160 complaints in just three years.,half-true,FAKE,0,0,FAKE,0.9654545783996582,0.034545376896858215,0.9654545783996582,True,CORRECT,23
The United States has a low voter turnout rate.,true,REAL,1,0,FAKE,0.6754876971244812,0.3245123326778412,0.6754876971244812,False,REAL_TO_FAKE,12
"Says Thomas Jefferson said, You might be able to fool the people for awhile, and they may go astray, but sooner or later the American people are going to wake up and they will correct the course.",half-true,FAKE,0,0,FAKE,0.9288045763969421,0.07119539380073547,0.9288045763969421,True,CORRECT,44
"Because of the federal health care law, 300,000 health plans canceled in Florida.",barely-true,FAKE,0,0,FAKE,0.7982443571090698,0.20175567269325256,0.7982443571090698,True,CORRECT,19
"In Massachusetts, Scott Brown pushed for a law to force women considering abortion -- force them -- to look at color photographs of developing fetuses.",mostly-true,REAL,1,0,FAKE,0.7162688970565796,0.2837311327457428,0.7162688970565796,False,REAL_TO_FAKE,33
"The Fed created $1.2 trillion out of nothing, gave it to banks, and some of them foreign banks, so that they could stabilize their operations.",true,REAL,1,0,FAKE,0.9158715009689331,0.08412856608629227,0.9158715009689331,False,REAL_TO_FAKE,34
Texas families have kept more than $10 billion in their family budgets since we successfully fought to restore Texas sales tax deduction a decade ago.,true,REAL,1,1,REAL,0.09194296598434448,0.9080570340156555,0.9080570340156555,True,CORRECT,30
Pre-existing conditions are covered under my (health care) plan.,barely-true,FAKE,0,0,FAKE,0.9409332275390625,0.059066738933324814,0.9409332275390625,True,CORRECT,16
"Greg Abbott activated the state guard to monitor Jade Helm 15 in case the troops try to impose martial law, disarm innocent Texans, and detain them in tunnels beneath closed Walmart stores.",half-true,FAKE,0,0,FAKE,0.959989070892334,0.04001091420650482,0.959989070892334,True,CORRECT,41
Says he won the second debate with Hillary Clinton in a landslide in every poll.,pants-fire,FAKE,0,1,REAL,0.2553201913833618,0.7446798086166382,0.7446798086166382,False,FAKE_TO_REAL,18
Says bag litter increased after San Francisco banned single-use shopping bags.,barely-true,FAKE,0,0,FAKE,0.603367030620575,0.39663299918174744,0.603367030620575,True,CORRECT,16
"In 1993, Newt Gingrich first advocated for the individual mandate in health care. And as recently as May of this year, he was still advocating for it.",mostly-true,REAL,1,1,REAL,0.08816604316234589,0.9118339419364929,0.9118339419364929,True,CORRECT,35
"Says as a result of the national health care reform, the Congressional Budget Office says we save $250 million over the first 10 years. Over the next 10 years, we save $1.2 trillion in savings in terms of health care.",barely-true,FAKE,0,0,FAKE,0.8441542983055115,0.15584564208984375,0.8441542983055115,True,CORRECT,50
"You said you would vote against the Patriot Act, then you came to the Senate, you voted for it.",half-true,FAKE,0,0,FAKE,0.5844840407371521,0.4155159592628479,0.5844840407371521,True,CORRECT,24
The federal minimum wage is worth about 20 percent less than it was when Ronald Reagan gave his first address to a joint session of Congress.,mostly-true,REAL,1,1,REAL,0.22571326792240143,0.774286687374115,0.774286687374115,True,CORRECT,29
"A proposed tax to fund transportation projects would spend $90,000 to take a single vehicle off the road during the morning and afternoon commute.",false,FAKE,0,1,REAL,0.21482619643211365,0.7851738333702087,0.7851738333702087,False,FAKE_TO_REAL,31
A salesclerk at Hobby Lobby who needs contraception is not going to get that service through her employers health care plan because her employer doesnt think she should be using contraception.,barely-true,FAKE,0,0,FAKE,0.9436091780662537,0.05639083310961723,0.9436091780662537,True,CORRECT,39
Says Charlie Crist voted against raising the minimum wage.,half-true,FAKE,0,1,REAL,0.2725507318973541,0.7274492383003235,0.7274492383003235,False,FAKE_TO_REAL,13
Hillary Clinton said gun confiscation would be worth considering.,barely-true,FAKE,0,0,FAKE,0.6938757300376892,0.3061242997646332,0.6938757300376892,True,CORRECT,15
"Already, a prototype driverless car has traveled more than 300,000 miles in the crowded maze of California streets without a single accident.",mostly-true,REAL,1,1,REAL,0.40839141607284546,0.5916085839271545,0.5916085839271545,True,CORRECT,29
"Last year, out of the 500,000 (in) population growth we had in the state of Texas, about 250,000 of the 500,000 came to Texas... from the other 49 states.",half-true,FAKE,0,1,REAL,0.07784947007894516,0.9221505522727966,0.9221505522727966,False,FAKE_TO_REAL,45
When undocumented children are picked up at the border and told to appear later in court ... 90 percent do not then show up.,false,FAKE,0,1,REAL,0.33747997879981995,0.6625200510025024,0.6625200510025024,False,FAKE_TO_REAL,31
Says Gov. Chris Christie cut spending (by) $1 billion and provided $850 million in new education funding.,half-true,FAKE,0,1,REAL,0.4660724699497223,0.5339276194572449,0.5339276194572449,False,FAKE_TO_REAL,25
Hes the only candidate whos balanced budgets and brought jobs to Providence.,mostly-true,REAL,1,0,FAKE,0.9791755676269531,0.020824462175369263,0.9791755676269531,False,REAL_TO_FAKE,17
"Studies have shown that in the absence of federal reproductive health funds, we are going to see the level of abortion in Georgia increase by about 44 percent.",half-true,FAKE,0,0,FAKE,0.8859257698059082,0.1140742376446724,0.8859257698059082,True,CORRECT,32
ACORN will be a paid partner with the Census Bureau and they will be in charge of going door-to-door and collecting data from the American public.,pants-fire,FAKE,0,0,FAKE,0.8926450610160828,0.10735494643449783,0.8926450610160828,True,CORRECT,34
Sixty percent of the Hispanics support the Arizona immigration law,pants-fire,FAKE,0,1,REAL,0.22980144619941711,0.7701985239982605,0.7701985239982605,False,FAKE_TO_REAL,13
"If the sequester hits, federal prosecutors will have to let criminals go.",barely-true,FAKE,0,0,FAKE,0.9616239070892334,0.03837605565786362,0.9616239070892334,True,CORRECT,18
Says Dick Cheney de-Baathisized the Iraqi government and created ISIS.,barely-true,FAKE,0,0,FAKE,0.9855637550354004,0.014436240307986736,0.9855637550354004,True,CORRECT,18
Says Bill and Hillary Clinton attended Donald Trumps last wedding.,true,REAL,1,1,REAL,0.39437761902809143,0.6056223511695862,0.6056223511695862,True,CORRECT,14
I did not play any role in bringing the company to RI as did others in government. I was tasked with handling the legislation affecting the company by my superiors.,false,FAKE,0,0,FAKE,0.8941367864608765,0.10586319863796234,0.8941367864608765,True,CORRECT,34
"Obamacare insurance cooperative failures should be expected because theyre like any business, and when you start businesses in America, at the fifth year, half of the businesses have closed.",half-true,FAKE,0,0,FAKE,0.9745408892631531,0.025459181517362595,0.9745408892631531,True,CORRECT,37
The tax cut deal is giving $700 billion to millionaires and billionaires.,false,FAKE,0,0,FAKE,0.9835631847381592,0.016436731442809105,0.9835631847381592,True,CORRECT,18
Says Marco Rubio said Social Security and Medicare haveweakened us as a people.,mostly-true,REAL,1,0,FAKE,0.9200610518455505,0.07993895560503006,0.9200610518455505,False,REAL_TO_FAKE,20
"Across the country, $174 billion of the Recovery Act have been committed in its first 130 days.",mostly-true,REAL,1,0,FAKE,0.8970791697502136,0.10292083770036697,0.8970791697502136,False,REAL_TO_FAKE,22
"As secretary of the Department of Energy under former President Bill Clinton, ""I created reserves of home heating oil.""",true,REAL,1,1,REAL,0.2001742124557495,0.7998257875442505,0.7998257875442505,True,CORRECT,25
Twenty-five states have lower unemployment than Texas which is tied with Mississippi for more minimum-wage jobs than anywhere in the United States.,true,REAL,1,1,REAL,0.04962681606411934,0.9503732323646545,0.9503732323646545,True,CORRECT,29
"Of the 20 bills [Rep. David] Cicilline has sponsored in his three years in office, not a single one has advanced past the embryonic committee stage.",half-true,FAKE,0,1,REAL,0.08327504247426987,0.9167249202728271,0.9167249202728271,False,FAKE_TO_REAL,37
"Says Donald Trump has said he loves war, including with nukes.",half-true,FAKE,0,1,REAL,0.11536700278520584,0.8846330642700195,0.8846330642700195,False,FAKE_TO_REAL,16
"Any state tax law has to start in the House and the renewal of the state hospital bed tax this year started in the Senate, which is unconstitutional.",barely-true,FAKE,0,0,FAKE,0.5647289156913757,0.43527108430862427,0.5647289156913757,True,CORRECT,32
"Every child born today inherits a $30,000 share in a national debt that stands at more than $13 trillion.",mostly-true,REAL,1,1,REAL,0.022071855142712593,0.9779281616210938,0.9779281616210938,True,CORRECT,27
A strong bipartisan majority in the House of Representatives voted to defund Obamacare.,false,FAKE,0,0,FAKE,0.9747387766838074,0.02526119165122509,0.9747387766838074,True,CORRECT,19
Proximity to high-voltage power lines lowers property values by as much as 30 percent.,half-true,FAKE,0,1,REAL,0.15024663507938385,0.8497533798217773,0.8497533798217773,False,FAKE_TO_REAL,19
What the facts say is ...the best scenario for kids is a loving mom and dad.,false,FAKE,0,0,FAKE,0.9460020661354065,0.053997885435819626,0.9460020661354065,True,CORRECT,22
Says Mark Neumann = Nancy Pelosi,false,FAKE,0,0,FAKE,0.969271183013916,0.03072880394756794,0.969271183013916,True,CORRECT,10
"To hear Gov. Christie tell it, everything in New Jersey is going just fine. Well I see another New Jersey with 400,000 unemployed. One of the worst jobless rates in the country. Working and middle class families have seen costs soar, from property taxes to college tuition.",half-true,FAKE,0,0,FAKE,0.9787736535072327,0.02122638002038002,0.9787736535072327,True,CORRECT,60
Says delegates cant legally change the Republican National Convention rules to prevent Donald Trumps nomination.,barely-true,FAKE,0,0,FAKE,0.8708016276359558,0.12919840216636658,0.8708016276359558,True,CORRECT,20
Rebuilding three high schools will benefit 40 percent of Portland Public School students.,pants-fire,FAKE,0,0,FAKE,0.8584417104721069,0.14155837893486023,0.8584417104721069,True,CORRECT,16
Proposition 2 on Novembers Texas ballot does not cost state taxpayers any money.,half-true,FAKE,0,0,FAKE,0.9656935334205627,0.03430640697479248,0.9656935334205627,True,CORRECT,17
Providence has the lowest crime rate in three decades.,true,REAL,1,1,REAL,0.04777754470705986,0.9522224068641663,0.9522224068641663,True,CORRECT,12
On banning earmarks.,false,FAKE,0,0,FAKE,0.9762935638427734,0.02370643988251686,0.9762935638427734,True,CORRECT,7
Says hes taken an 8% pay decrease in each of the nine years he has been in office.,half-true,FAKE,0,0,FAKE,0.6757782101631165,0.32422173023223877,0.6757782101631165,True,CORRECT,23
1 percent of Americans are millionaires. 47 percent of House Reps. are millionaires. 56 percent of Senators are millionaires.,half-true,FAKE,0,1,REAL,0.017184672877192497,0.9828153252601624,0.9828153252601624,False,FAKE_TO_REAL,29
The decision for the United States to buy heavy water from Iran will directly subsidize Irans nuclear program.,barely-true,FAKE,0,0,FAKE,0.9157038331031799,0.08429618179798126,0.9157038331031799,True,CORRECT,25
The Texas Department of Transportation... misplaced a billion dollars.,mostly-true,REAL,1,0,FAKE,0.940096378326416,0.059903595596551895,0.940096378326416,False,REAL_TO_FAKE,16
A judges order means theres a Constitution exemption zone if you live within 100 miles of the United States border.,false,FAKE,0,0,FAKE,0.7881242632865906,0.21187575161457062,0.7881242632865906,True,CORRECT,24
"Pepper ... kicked off a jock tax, imposing a levy on the sports and entertainment industry.",true,REAL,1,0,FAKE,0.965381383895874,0.03461866453289986,0.965381383895874,False,REAL_TO_FAKE,22
"Mitch McConnell opposed ""legislation to create and protect Kentucky jobs . . . help for the unemployed. . . health care for Kentucky's children,"" and ""fair pay for women.""",barely-true,FAKE,0,1,REAL,0.3324926793575287,0.6675074100494385,0.6675074100494385,False,FAKE_TO_REAL,40
"Under Mayor Tom Barrett, the number of Milwaukee police officers has not increased.",true,REAL,1,0,FAKE,0.9845770001411438,0.015422987751662731,0.9845770001411438,False,REAL_TO_FAKE,17
Taxpayers subsidize 80 percent of each MARTA trip,barely-true,FAKE,0,1,REAL,0.10783257335424423,0.8921674489974976,0.8921674489974976,False,FAKE_TO_REAL,13
"President Obama, Sen. Harry Reid and Rep. Nancy Pelosi passed a $1.2 trillion stimulus bill.",pants-fire,FAKE,0,0,FAKE,0.9107569456100464,0.0892430767416954,0.9107569456100464,True,CORRECT,26
Says Milken Institute rated San Antonio as nations top-performing local economy.,true,REAL,1,1,REAL,0.3524796962738037,0.6475203633308411,0.6475203633308411,True,CORRECT,17
Says people in Africa literally walk two and three hundred miles in order to vote.,pants-fire,FAKE,0,0,FAKE,0.9164339303970337,0.08356604725122452,0.9164339303970337,True,CORRECT,18
"Before World War II, very few people actually had health insurance.",true,REAL,1,1,REAL,0.07043065130710602,0.9295693635940552,0.9295693635940552,True,CORRECT,15
Half of children struck by cars near schools are hit by parents driving children to school.,false,FAKE,0,1,REAL,0.29456600546836853,0.7054340243339539,0.7054340243339539,False,FAKE_TO_REAL,19
"Citizens Property Insurance has over $500 billion worth of risk, with less than $10 billion worth of surplus.",barely-true,FAKE,0,1,REAL,0.32530078291893005,0.6746991872787476,0.6746991872787476,False,FAKE_TO_REAL,24
Tom Leppert pledged to make Dallas a sanctuary city for illegal immigrants.,barely-true,FAKE,0,0,FAKE,0.9297383427619934,0.0702616274356842,0.9297383427619934,True,CORRECT,17
Putting three Republicans in my Cabinet...is unprecedented.,true,REAL,1,0,FAKE,0.7515951991081238,0.248404860496521,0.7515951991081238,False,REAL_TO_FAKE,14
"When Atlanta Police Chief George Turner was interim head of the department, overall crime fell 14 percent and violent crime dropped 22.7 percent.",barely-true,FAKE,0,0,FAKE,0.936119794845581,0.06388023495674133,0.936119794845581,True,CORRECT,29
"From 1980 to 1990, the top 1 percent saw their income go up by roughly 80 percent while the median wage in the country over (the same) 10 years went up 3 percent.",mostly-true,REAL,1,1,REAL,0.14723826944828033,0.8527617454528809,0.8527617454528809,True,CORRECT,39
"I am very proud, as governor of Florida, that we signed the first divestment act, as it relates to Iran, divesting any investments in companies that would invest in Iran.",true,REAL,1,1,REAL,0.1381479799747467,0.8618519902229309,0.8618519902229309,True,CORRECT,41
"As a result of climate change, ice fishermen in Wisconsin are already noticing fewer days they can be out on our ice covered lakes.",true,REAL,1,0,FAKE,0.8711418509483337,0.12885811924934387,0.8711418509483337,False,REAL_TO_FAKE,28
Muslim nations did not call out the people who celebrated the 9/11 attacks.,half-true,FAKE,0,0,FAKE,0.9265591502189636,0.07344085723161697,0.9265591502189636,True,CORRECT,18
"Says Donald Trump said of women, And you can tell them to go f--- themselves.",pants-fire,FAKE,0,1,REAL,0.44565877318382263,0.554341197013855,0.554341197013855,False,FAKE_TO_REAL,22
"The Taliban has been there for years and years, I mean, hundreds of thousands of years.",pants-fire,FAKE,0,0,FAKE,0.9472545981407166,0.05274543911218643,0.9472545981407166,True,CORRECT,21
Iran President Hassan Rouhani has more Cabinet members with Ph.D.s from American universities than members of Barack Obamas Cabinet.,true,REAL,1,0,FAKE,0.8095846176147461,0.1904154270887375,0.8095846176147461,False,REAL_TO_FAKE,29
"The words subhuman mongrel, which Ted Nugent called President Barack Obama, were used by the Nazis to justify the genocide of the Jewish community.",true,REAL,1,0,FAKE,0.9685242176055908,0.03147577866911888,0.9685242176055908,False,REAL_TO_FAKE,34
"(Barack Obama) says hes going to reduce the long-term debt and deficit by $4 trillion, doesnt say how hes going to do it.",pants-fire,FAKE,0,0,FAKE,0.9065908193588257,0.09340914338827133,0.9065908193588257,True,CORRECT,35
Birth control pioneer Margaret Sanger wasan active participant in the Ku Klux Klan.,false,FAKE,0,0,FAKE,0.935087263584137,0.06491267681121826,0.935087263584137,True,CORRECT,19
Says President Obama and his National Labor Relations Board sued Boeing over its decision to open a plant in South Carolina.,half-true,FAKE,0,0,FAKE,0.8538933396339417,0.14610664546489716,0.8538933396339417,True,CORRECT,24
"Says U.S. Sen. Ron Johnson led the fight to let polluters release unlimited amounts of carbon pollution and took nearly $225,000 from polluters.",mostly-true,REAL,1,0,FAKE,0.8706892132759094,0.12931077182292938,0.8706892132759094,False,REAL_TO_FAKE,37
Orrin Hatch co-sponsored a 1993 health care bill that had an individual mandate.,true,REAL,1,0,FAKE,0.7321959137916565,0.2678041160106659,0.7321959137916565,False,REAL_TO_FAKE,19
More (student-athletes) graduate than the students who arent student-athletes.,half-true,FAKE,0,1,REAL,0.05697989463806152,0.9430201053619385,0.9430201053619385,False,FAKE_TO_REAL,19
U.S. Rep. Lloyd Doggett is the most liberal man in the United States Congress.,false,FAKE,0,0,FAKE,0.9940650463104248,0.005934947170317173,0.9940650463104248,True,CORRECT,22
"Its entirely possible that the Democratic nominee, [Hillary Clinton], earned more money giving a single speech on Wall Street than I made the six years that I was there back in the 1980s In fact, its quite likely.",barely-true,FAKE,0,0,FAKE,0.8240646123886108,0.17593537271022797,0.8240646123886108,True,CORRECT,46
Says Mitt Romney flip-flopped on an assault weapons ban.,half-true,FAKE,0,1,REAL,0.06644220650196075,0.9335578083992004,0.9335578083992004,False,FAKE_TO_REAL,15
"Says state Senate President Stephen Sweeney gave us the nations highest income tax rates, driving out jobs.",false,FAKE,0,0,FAKE,0.982154369354248,0.01784559339284897,0.982154369354248,True,CORRECT,21
Delaware Democratic Senate candidate Chris Coons thought that a 911 call should be taxed.,barely-true,FAKE,0,0,FAKE,0.8669488430023193,0.13305115699768066,0.8669488430023193,True,CORRECT,19
"When Tim Kaine was governor, spending soared, blowing holes in the budget every year.",barely-true,FAKE,0,0,FAKE,0.8290196657180786,0.1709802746772766,0.8290196657180786,True,CORRECT,20
President Obama has the lowest public approval ratings of any president in modern times.,pants-fire,FAKE,0,0,FAKE,0.941746175289154,0.058253806084394455,0.941746175289154,True,CORRECT,17
"Neville Chamberlain told the British people: Accept the Nazis. Yes, they will dominate the continent of Europe, but that is not our problem. Lets appease them. Why? Because it cant be done. We cannot possibly stand against them.",barely-true,FAKE,0,0,FAKE,0.9500832557678223,0.04991676285862923,0.9500832557678223,True,CORRECT,51
On an income cap for recipients of the popular HOPE scholarship,false,FAKE,0,0,FAKE,0.9781559705734253,0.021843966096639633,0.9781559705734253,True,CORRECT,13
Wisconsin is dead last in the Midwest for job creation.,mostly-true,REAL,1,0,FAKE,0.8831964731216431,0.11680353432893753,0.8831964731216431,False,REAL_TO_FAKE,13
On running a civil and polite campaign.,half-true,FAKE,0,0,FAKE,0.987051248550415,0.012948745861649513,0.987051248550415,True,CORRECT,10
"Says President Barack Obama has taken 92 days of vacation since he was sworn in, compared to 367 for President George W. Bush at the same point in his presidency.",mostly-true,REAL,1,0,FAKE,0.8275410532951355,0.17245902121067047,0.8275410532951355,False,REAL_TO_FAKE,36
"The federal government reviewed and verified his administrations numbers showing Wisconsin added 23,608 jobs in 2011.",half-true,FAKE,0,0,FAKE,0.9099422097206116,0.09005773812532425,0.9099422097206116,True,CORRECT,22
Tom Suozzi raised taxes by hundreds of millions of dollars as Nassau County executive.,true,REAL,1,0,FAKE,0.7083877325057983,0.2916122376918793,0.7083877325057983,False,REAL_TO_FAKE,19
"John Holdren, director of the White House Office of Science and Technology Policy, has proposed forcing abortions and putting sterilants in the drinking water to control population.",pants-fire,FAKE,0,0,FAKE,0.96970134973526,0.03029867261648178,0.96970134973526,True,CORRECT,36
Mitt Romney drove to Canada with the family dog Seamus strapped to the roof of the car.,mostly-true,REAL,1,1,REAL,0.3413829505443573,0.6586170792579651,0.6586170792579651,True,CORRECT,21
Many of the founding fathers were very actively involved in cockfighting.,false,FAKE,0,0,FAKE,0.5400995016098022,0.45990049839019775,0.5400995016098022,True,CORRECT,15
Says state Sen. Sheila Harsdorf wants to eliminate Medicare as we know it.,pants-fire,FAKE,0,0,FAKE,0.9777921438217163,0.0222078338265419,0.9777921438217163,True,CORRECT,19
The majority of people travelling to these destination resorts are not going for the primary purpose of gambling.,barely-true,FAKE,0,0,FAKE,0.7717379927635193,0.2282620370388031,0.7717379927635193,True,CORRECT,21
Says Bill Nelson voted 98 percent of the time with Barack Obama.,mostly-true,REAL,1,0,FAKE,0.7568694949150085,0.24313051998615265,0.7568694949150085,False,REAL_TO_FAKE,15
I did not I did not I do not say that. I do not say that climate change is a hoax perpetrated by the Chinese.,barely-true,FAKE,0,0,FAKE,0.9441379308700562,0.05586211383342743,0.9441379308700562,True,CORRECT,31
"In Florida we have 75,000 on (a) waiting list for child care and 23,000 on waiting lists for community care for the elderly.",mostly-true,REAL,1,1,REAL,0.17773321270942688,0.8222668170928955,0.8222668170928955,True,CORRECT,32
"Says NFL Commissioner Roger Goodell interviewed domestic abuse victim Janay Rice with Ray Rice present and for every domestic violence agency, every law enforcement agency, thats a no-no.",mostly-true,REAL,1,0,FAKE,0.8392485976219177,0.1607513725757599,0.8392485976219177,False,REAL_TO_FAKE,38
I can tell you that the enhanced interrogation techniques that have since been banned by this administration specifically waterboarding work.,false,FAKE,0,0,FAKE,0.916097104549408,0.08390290290117264,0.916097104549408,True,CORRECT,24
Virginia has made no progress on jobs since Bob McDonnell took office.,false,FAKE,0,0,FAKE,0.9623785018920898,0.03762151300907135,0.9623785018920898,True,CORRECT,15
The Iraq Study Group reported that (Saddam Hussein) had designs on reviving his nuclear program.,false,FAKE,0,0,FAKE,0.8762022852897644,0.1237977147102356,0.8762022852897644,True,CORRECT,21
"The sex-offender registry has been around for a long time, and the research thats out there says that it has no positive impact on the public safety.",mostly-true,REAL,1,0,FAKE,0.9606909155845642,0.03930910676717758,0.9606909155845642,False,REAL_TO_FAKE,34
Ronald Reagan raised the national debt 18 times.,true,REAL,1,1,REAL,0.029465798288583755,0.9705342650413513,0.9705342650413513,True,CORRECT,11
On whether global warming is man-made.,false,FAKE,0,0,FAKE,0.9814272522926331,0.01857270859181881,0.9814272522926331,True,CORRECT,11
The number of inmates since 2000 on death row dying of natural causes has now surpassed the number of inmates executed.,true,REAL,1,1,REAL,0.05043285712599754,0.9495671391487122,0.9495671391487122,True,CORRECT,24
"Quite frankly, it was during the Bush years of spending, multiplied now by the Obama years that we have this mess.",mostly-true,REAL,1,0,FAKE,0.7202814221382141,0.2797185480594635,0.7202814221382141,False,REAL_TO_FAKE,26
Republicans have proposed dozens of (health care) solutions designed to help control costs and improve quality.,half-true,FAKE,0,1,REAL,0.11415431648492813,0.8858457207679749,0.8858457207679749,False,FAKE_TO_REAL,21
"When the union says I want to eliminate tenure, thats not true.",half-true,FAKE,0,0,FAKE,0.7731896042823792,0.22681032121181488,0.7731896042823792,True,CORRECT,17
Says Hillary Clinton has donated every cent shes ever earned from speaking fees to charity.,false,FAKE,0,0,FAKE,0.8897457122802734,0.11025430262088776,0.8897457122802734,True,CORRECT,19
Charlottes anti-discrimination ordinance would have opened all bathrooms to all sexes at all times if it hadnt been overturned.,false,FAKE,0,0,FAKE,0.6350677609443665,0.36493226885795593,0.6350677609443665,True,CORRECT,26
Eighty percent of the American people support an approach (to federal budget problems) that includes revenues and includes cuts.,mostly-true,REAL,1,1,REAL,0.025329139083623886,0.9746708273887634,0.9746708273887634,True,CORRECT,24
Social Security has nothing to do with the federal deficit.,barely-true,FAKE,0,0,FAKE,0.9791874885559082,0.020812544971704483,0.9791874885559082,True,CORRECT,13
About 1 percent of all the gun sellers are responsible for more than half of the guns that are used in crimes.,half-true,FAKE,0,1,REAL,0.4953066110610962,0.5046933889389038,0.5046933889389038,False,FAKE_TO_REAL,25
On pay for fired Milwaukee police officers,false,FAKE,0,0,FAKE,0.9864748120307922,0.01352513488382101,0.9864748120307922,True,CORRECT,9
Texas is the state that has now gone the longest without electing a Democrat statewide.,true,REAL,1,1,REAL,0.1877525895833969,0.8122474551200867,0.8122474551200867,True,CORRECT,19
Says CNN reported Ben Carson was taking a break from campaigning and the Cruz campaign forwarded that news to our volunteers.,false,FAKE,0,0,FAKE,0.8257694840431213,0.17423057556152344,0.8257694840431213,True,CORRECT,25
"Today, if you were raised poor, youre just as likely to stay poor as you were 50 years ago.",true,REAL,1,1,REAL,0.4182514548301697,0.5817485451698303,0.5817485451698303,True,CORRECT,25
"Says President Barack Obama told a room of students, Children, every time I clap my hands together, a child in America dies from gun violence, and then a child told him he could solve the problem by not clapping any more.",pants-fire,FAKE,0,0,FAKE,0.8002089262008667,0.1997910737991333,0.8002089262008667,True,CORRECT,48
The United States has the longest surviving constitution.,mostly-true,REAL,1,0,FAKE,0.5324599742889404,0.46754005551338196,0.5324599742889404,False,REAL_TO_FAKE,11
"Says, In Oregon in 2010, 49 percent of all pregnancies were unintended.",mostly-true,REAL,1,0,FAKE,0.9329504370689392,0.06704960763454437,0.9329504370689392,False,REAL_TO_FAKE,21
Austin school district teachers are the lowest paid of any urban Texas district and the lowest paid of any surrounding school district.,half-true,FAKE,0,1,REAL,0.3095860183238983,0.6904140710830688,0.6904140710830688,False,FAKE_TO_REAL,25
Says Clackamas County has more urban renewal debt than all the other Oregon counties combined.,half-true,FAKE,0,1,REAL,0.08027147501707077,0.9197284579277039,0.9197284579277039,False,FAKE_TO_REAL,21
NASA scientists fudged the numbers to make 1998 the hottest year to overstate the extent of global warming.,pants-fire,FAKE,0,0,FAKE,0.9513164758682251,0.048683490604162216,0.9513164758682251,True,CORRECT,24
The University of Wisconsin System is larger than any business in the state of Wisconsin.,mostly-true,REAL,1,1,REAL,0.28648829460144043,0.7135117053985596,0.7135117053985596,True,CORRECT,18
There is no record of congresswoman Betty Sutton ... ever holding a single in-person town hall meeting open to the general public.,false,FAKE,0,1,REAL,0.30336233973503113,0.6966376900672913,0.6966376900672913,False,FAKE_TO_REAL,30
"Mark Herring voted to allow sex offenders, including rapists, to serve shorter sentences.",barely-true,FAKE,0,1,REAL,0.290776789188385,0.709223210811615,0.709223210811615,False,FAKE_TO_REAL,19
Iraq has the second-largest oilfields in the world (behind) Saudi Arabia.,mostly-true,REAL,1,1,REAL,0.05442631617188454,0.9455736875534058,0.9455736875534058,True,CORRECT,19
Says states mandated tests come from an English company.,mostly-true,REAL,1,0,FAKE,0.9404289126396179,0.05957111343741417,0.9404289126396179,False,REAL_TO_FAKE,12
Says he got twice as much money from the sale of County Grounds land than Milwaukee County Executive Scott Walker was willing to accept.,barely-true,FAKE,0,0,FAKE,0.9096197485923767,0.09038025885820389,0.9096197485923767,True,CORRECT,27
"We spend in tax loopholes annually $1.1 trillion. Thats more than we spend on our defense budget in a year, on Medicare or Medicaid in a year.",barely-true,FAKE,0,1,REAL,0.016130896285176277,0.9838691353797913,0.9838691353797913,False,FAKE_TO_REAL,39
On the Bush tax cuts.,false,FAKE,0,0,FAKE,0.9687594175338745,0.031240584328770638,0.9687594175338745,True,CORRECT,8
Over half of the black workers in this country earn less than $15 an hour.,mostly-true,REAL,1,1,REAL,0.21500356495380402,0.7849964499473572,0.7849964499473572,True,CORRECT,19
"Insured Floridians pay about $2,000 for every hospital stay to cover the cost of the uninsured.",half-true,FAKE,0,1,REAL,0.3062364459037781,0.6937636137008667,0.6937636137008667,False,FAKE_TO_REAL,28
Sixteen million jobs were created under Ronald Reagans presidency.,true,REAL,1,0,FAKE,0.8979542851448059,0.1020456999540329,0.8979542851448059,False,REAL_TO_FAKE,13
This would be the largest casino in the United States.,pants-fire,FAKE,0,1,REAL,0.4489278197288513,0.5510722398757935,0.5510722398757935,False,FAKE_TO_REAL,13
"Barack Obama's health care plan ""will cost taxpayers $1,700 more to cover each new person.""",barely-true,FAKE,0,0,FAKE,0.9088720083236694,0.09112793952226639,0.9088720083236694,True,CORRECT,25
Barack Obama ... 96 percent of his votes have been solely along party line.,true,REAL,1,0,FAKE,0.7815173268318176,0.21848265826702118,0.7815173268318176,False,REAL_TO_FAKE,19
President Obama and Nancy Pelosi said Obamacare would save money because they factored in 10 years worth of tax revenue and only six and half years worth of expenses.,half-true,FAKE,0,0,FAKE,0.6477775573730469,0.3522224426269531,0.6477775573730469,True,CORRECT,36
"John McCain ""has not led on nonproliferation issues when he had the chance in the Senate.""",true,REAL,1,1,REAL,0.237405464053154,0.76259446144104,0.76259446144104,True,CORRECT,24
Says American polling shows Russian President Vladimir Putin has an 80 percent approval rating.,true,REAL,1,1,REAL,0.3825119733810425,0.6174880862236023,0.6174880862236023,True,CORRECT,17
Pasco County schools have graduation rates substantially higher than the state average and dropout rates below the state average.,true,REAL,1,0,FAKE,0.9741001725196838,0.025899779051542282,0.9741001725196838,False,REAL_TO_FAKE,24
Eighty-five percent of the states in the United States that had electrocution have now abolished it.,mostly-true,REAL,1,0,FAKE,0.5523794889450073,0.4476205110549927,0.5523794889450073,False,REAL_TO_FAKE,23
"Says that each year, about 25,000 American women become pregnant through rape or incest.",half-true,FAKE,0,1,REAL,0.18987998366355896,0.8101199865341187,0.8101199865341187,False,FAKE_TO_REAL,21
"Bill Nelson leased land that he owned for six cows, taking advantage of an agricultural tax loophole to dodge $43,000 in taxes just last year.",half-true,FAKE,0,1,REAL,0.098393514752388,0.9016065001487732,0.9016065001487732,False,FAKE_TO_REAL,33
"In rural Virginia, Sen. Warner ran 8-10 points ahead of a traditional Democrat -- ahead of Senator Kaine, ahead of Governor McAuliffe.",false,FAKE,0,0,FAKE,0.6217325329780579,0.37826743721961975,0.6217325329780579,True,CORRECT,34
I can tell you with certainty (capandtrade)would have a devastating impact on our economy.,false,FAKE,0,0,FAKE,0.9025974273681641,0.09740255028009415,0.9025974273681641,True,CORRECT,23
Today many Florida teachers are at risk of having their pay impacted by the performance of children who are not even in their classrooms or subject areas.,mostly-true,REAL,1,0,FAKE,0.8366161584854126,0.1633838713169098,0.8366161584854126,False,REAL_TO_FAKE,30
Mitt Romney left Massachusetts $1 billion in debt.,false,FAKE,0,0,FAKE,0.6142435669898987,0.38575640320777893,0.6142435669898987,True,CORRECT,13
Says Barack Obama promised he would cut the deficit in half but didnt.,true,REAL,1,1,REAL,0.14679290354251862,0.8532071113586426,0.8532071113586426,True,CORRECT,17
Old City in Philadelphiaused to have more than a dozen clubs and thats what we were known for and now were down to two.,mostly-true,REAL,1,1,REAL,0.05834025889635086,0.9416597485542297,0.9416597485542297,True,CORRECT,29
Says Denmarks suicide rate has been about twice as high as the United States over the past five decades.,barely-true,FAKE,0,0,FAKE,0.8448458313941956,0.15515410900115967,0.8448458313941956,True,CORRECT,23
"China has total control, just about, of North Korea.",barely-true,FAKE,0,0,FAKE,0.9237532615661621,0.07624676078557968,0.9237532615661621,True,CORRECT,14
The fact is the Clinton Foundation has got about 80 percent in overhead and 20 percent of the money is actually getting into the places it should.,false,FAKE,0,0,FAKE,0.9468078017234802,0.05319223180413246,0.9468078017234802,True,CORRECT,30
The U.S. Constitution owes its notion of democracy to the Iroquois Tribes.,barely-true,FAKE,0,0,FAKE,0.5847862362861633,0.41521376371383667,0.5847862362861633,True,CORRECT,18
"Since the first of the year, 153 businesses at last count had moved out of California to Texas.",half-true,FAKE,0,1,REAL,0.14047843217849731,0.8595215678215027,0.8595215678215027,False,FAKE_TO_REAL,22
Barack Obama has provided guns to Mexican drug cartels.,half-true,FAKE,0,0,FAKE,0.9885222911834717,0.011477715335786343,0.9885222911834717,True,CORRECT,13
"Says Chris Koster fell silentas attorney general in pursuing a case against a free classified service accused of promoting prostitution after accepting over $12,000 in campaign contributions from people affiliated with the service.",barely-true,FAKE,0,0,FAKE,0.954623281955719,0.04537671059370041,0.954623281955719,True,CORRECT,41
Health care premiums for consumers have doubled since 2001.,true,REAL,1,1,REAL,0.039158545434474945,0.9608414769172668,0.9608414769172668,True,CORRECT,13
"Says, Less than half of all states have legal protections on the basis of sexual orientation or gender identity, despite the fact that LGBT Americans report employment discrimination and unemployment at much higher rates than the U.S. average.",mostly-true,REAL,1,1,REAL,0.09836720675230026,0.9016328454017639,0.9016328454017639,True,CORRECT,46
"Gov. Romney himself, with 28 other Republican governors, supported policies that would have eliminated the time limits in the welfare reform law and allowed people to stay on welfare forever.",false,FAKE,0,1,REAL,0.190174862742424,0.80982506275177,0.80982506275177,False,FAKE_TO_REAL,36
"Under Lt. Gov. Lee Fisher, Ohio is 44th in the country in terms of getting money actually into worker retraining.",false,FAKE,0,0,FAKE,0.9465380311012268,0.0534619577229023,0.9465380311012268,True,CORRECT,28
"Im well aware that medical marijuana is a recognized, medical, viable treatment for this sort of [pancreas] pain condition.",false,FAKE,0,0,FAKE,0.5019165277481079,0.49808353185653687,0.5019165277481079,True,CORRECT,28
Says Rick Perry recently said he wanted another (Texas) business tax.,pants-fire,FAKE,0,1,REAL,0.4011290371417999,0.5988710522651672,0.5988710522651672,False,FAKE_TO_REAL,16
"By a two-to-one margin, Rhode Islanders want to ban assault weapons and we have a very small percentage of gun owners in this state, less than 13 percent.",mostly-true,REAL,1,1,REAL,0.030148597434163094,0.9698514342308044,0.9698514342308044,True,CORRECT,37
"Right now, an employer has more of a chance of getting hit by lightning than be prosecuted for hiring an undocumented worker. That has to change.",false,FAKE,0,1,REAL,0.4520825147628784,0.5479174256324768,0.5479174256324768,False,FAKE_TO_REAL,33
Wisconsin dropped from second in the country to 41st among states where more than half the students took the ACT exam.,pants-fire,FAKE,0,1,REAL,0.39602336287498474,0.6039766669273376,0.6039766669273376,False,FAKE_TO_REAL,24
"Says 315,000 mostly minority Texas students are enrolled in failing schools.",mostly-true,REAL,1,0,FAKE,0.981270432472229,0.01872960478067398,0.981270432472229,False,REAL_TO_FAKE,16
"Says At age 76 when you most need it, you are not eligible for cancer treatment under Affordable Care Act.",pants-fire,FAKE,0,0,FAKE,0.9109657406806946,0.08903424441814423,0.9109657406806946,True,CORRECT,24
Says an Obama administration policy prohibits people who work with at-risk youth from promoting marriage as a way to avoid poverty.,false,FAKE,0,0,FAKE,0.9724170565605164,0.027582941576838493,0.9724170565605164,True,CORRECT,26
...Secret documents reveal that Iran could obtain a nuclear weapon far sooner than we were told. And Tammy Duckworth voted yes (on the Iran nuclear deal).,barely-true,FAKE,0,1,REAL,0.36757558584213257,0.6324244141578674,0.6324244141578674,False,FAKE_TO_REAL,36
"If you look at the results of Obamacare, what you see is emergency room visits are up over 50 percent.",barely-true,FAKE,0,0,FAKE,0.9911832809448242,0.00881674513220787,0.9911832809448242,True,CORRECT,25
Loranne Ausley voted six times to tax your savings.,false,FAKE,0,0,FAKE,0.9417977929115295,0.05820220336318016,0.9417977929115295,True,CORRECT,15
Four state Assembly Democrats scored a death blow to northeast Wisconsins economy by killing hundreds of jobs at a potential Bass Pro Shops near Green Bay.,pants-fire,FAKE,0,0,FAKE,0.990152895450592,0.009847103618085384,0.990152895450592,True,CORRECT,30
The president campaigned against this type of legislation.,true,REAL,1,1,REAL,0.4800630211830139,0.5199369788169861,0.5199369788169861,True,CORRECT,11
One in every three women has an abortion during her lifetime.,half-true,FAKE,0,1,REAL,0.47070738673210144,0.529292643070221,0.529292643070221,False,FAKE_TO_REAL,14
"Barack Obama ""is more to the left of the announced Socialist in the United States Senate.""",barely-true,FAKE,0,0,FAKE,0.9792171716690063,0.02078275941312313,0.9792171716690063,True,CORRECT,21
What president has the worst record on female labor force participation? Barack Obama.,barely-true,FAKE,0,0,FAKE,0.9918335676193237,0.00816645473241806,0.9918335676193237,True,CORRECT,17
Two million more Latinos are in poverty today than when President Obamatook his oath of office less than eight years ago.,half-true,FAKE,0,0,FAKE,0.9090418219566345,0.09095820039510727,0.9090418219566345,True,CORRECT,27
The Social Security trust fund is already facing imminent bankruptcy.,barely-true,FAKE,0,0,FAKE,0.9086636900901794,0.09133628010749817,0.9086636900901794,True,CORRECT,13
"Seven hundred thousand. Thats how many California jobs will be lost thanks to the politicians raising the minimum wage.Now Florida is adding one million jobs, not losing them.",barely-true,FAKE,0,0,FAKE,0.782975435256958,0.217024564743042,0.782975435256958,True,CORRECT,36
America is No. 1 in wind power.,mostly-true,REAL,1,1,REAL,0.01449059508740902,0.98550945520401,0.98550945520401,True,CORRECT,11
"The percentage of black children born without a father in the home has risen from 7 percent in 1964 to 73 percent today, due to changes from President Lyndon Johnsons Great Society.",false,FAKE,0,0,FAKE,0.9885261058807373,0.011473819613456726,0.9885261058807373,True,CORRECT,37
I said no to these big bank bailouts.,true,REAL,1,0,FAKE,0.9848679900169373,0.015132050961256027,0.9848679900169373,False,REAL_TO_FAKE,12
People have a constitutional right to have semiautomatic rifles.,mostly-true,REAL,1,1,REAL,0.32603755593299866,0.673962414264679,0.673962414264679,True,CORRECT,15
"This budget also reflects the smallest state government workforce per 1,000 residents in Florida in this century.",mostly-true,REAL,1,1,REAL,0.04708176851272583,0.9529182314872742,0.9529182314872742,True,CORRECT,22
"The film and TV industry supports more than 24,000 direct jobs and pays local workers more than $1.68 billion in wages in Georgia.",mostly-true,REAL,1,1,REAL,0.04638698324561119,0.9536130428314209,0.9536130428314209,True,CORRECT,31
Property taxes have increased 20 percent under four years of Chris Christie.,mostly-true,REAL,1,0,FAKE,0.9041248559951782,0.09587513655424118,0.9041248559951782,False,REAL_TO_FAKE,15
"When it comes to income taxes, Wisconsin is one of the best places in the country to be poor but top 4 or 5 worst for middle-income earners.",mostly-true,REAL,1,0,FAKE,0.8400757312774658,0.15992432832717896,0.8400757312774658,False,REAL_TO_FAKE,35
ACORN could get up to $8.5 billion more tax dollars despite being under investigation for voter registration fraud in a dozen states.,false,FAKE,0,1,REAL,0.10187333077192307,0.8981266617774963,0.8981266617774963,False,FAKE_TO_REAL,29
"Says Congressman Jon Runyan does not want to cut taxes for the middle class, but only for millionaires.",barely-true,FAKE,0,0,FAKE,0.9794765114784241,0.020523492246866226,0.9794765114784241,True,CORRECT,24
On his half pay pledge.,half-true,FAKE,0,0,FAKE,0.9687399864196777,0.03126000240445137,0.9687399864196777,True,CORRECT,8
"Over 10 years, (extending tax cuts for the wealthy) would add less to the deficit than Obama added with the stimulus in one year.",barely-true,FAKE,0,1,REAL,0.11709927767515182,0.8829007744789124,0.8829007744789124,False,FAKE_TO_REAL,30
The collective net worth of Americans has taken a $5.5 trillion hit ... mainly due to plummeting home values.,true,REAL,1,1,REAL,0.19138804078102112,0.8086119890213013,0.8086119890213013,True,CORRECT,29
Gov. Rick Scott backed the federal shutdown.,barely-true,FAKE,0,1,REAL,0.3505606949329376,0.64943927526474,0.64943927526474,False,FAKE_TO_REAL,12
"The average Georgia family makes $6,000 less than the average family did 10 years ago when inflation is factored in.",true,REAL,1,1,REAL,0.014152167364954948,0.9858478307723999,0.9858478307723999,True,CORRECT,27
"As weve seen that federal support for states diminish, youve seen the biggest job losses in the public sector -- teachers, police officers, firefighters losing their jobs.",mostly-true,REAL,1,1,REAL,0.2642520070075989,0.7357479929924011,0.7357479929924011,True,CORRECT,38
"Says New START, passed while Clinton was secretary of state, is a treaty cutting Russias nuclear arms.",half-true,FAKE,0,0,FAKE,0.9803388714790344,0.01966114155948162,0.9803388714790344,True,CORRECT,23
Says his free public university tuition program is paid for by a tax on Wall Streets speculation.,barely-true,FAKE,0,0,FAKE,0.9594386219978333,0.040561385452747345,0.9594386219978333,True,CORRECT,20
Ohio ranks 46th in the country in putting dollars in the classroom.,mostly-true,REAL,1,1,REAL,0.10558518767356873,0.8944147825241089,0.8944147825241089,True,CORRECT,15
"Under a Wisconsin bill, minor offenses such as violating pet leash laws, seat belt laws, parking infractions, etc., would now be arrestable offenses.",half-true,FAKE,0,0,FAKE,0.6984778642654419,0.3015221357345581,0.6984778642654419,True,CORRECT,35
"Says in 2003 Texas cut $10 billion out of the entire budget, yet we put $1.8 billion more into public education. We put $800 million more into health and human services.",barely-true,FAKE,0,1,REAL,0.48595383763313293,0.5140461921691895,0.5140461921691895,False,FAKE_TO_REAL,41
Under Hillary Clintons plan illegal immigrants convicted of committing crimes get to stay.,half-true,FAKE,0,0,FAKE,0.9737083911895752,0.02629157342016697,0.9737083911895752,True,CORRECT,17
"The Obama administration leaked information, deliberately or otherwise, that led to the identification of the Pakistani doctor that helped us in achieving our goals and killing bin Laden.",false,FAKE,0,0,FAKE,0.9904859662055969,0.00951406080275774,0.9904859662055969,True,CORRECT,33
"Over the last several months, there was a review board headed by two distinguished Americans, Mike Mullen and Tom Pickering, who investigated every element of the Benghazi incident.",barely-true,FAKE,0,0,FAKE,0.9473568201065063,0.05264320597052574,0.9473568201065063,True,CORRECT,37
"Says, when this governor came to office, he had (an) 11 billion dollar - I call it mismanagement deficit.",mostly-true,REAL,1,0,FAKE,0.868121862411499,0.13187813758850098,0.868121862411499,False,REAL_TO_FAKE,28
Georgia and other states with weak gun laws have more crime.,mostly-true,REAL,1,1,REAL,0.30267488956451416,0.6973250508308411,0.6973250508308411,True,CORRECT,14
Says President Barack Obama spent nearly a trillion dollars on make-work government jobs.,false,FAKE,0,0,FAKE,0.9691374897956848,0.03086250089108944,0.9691374897956848,True,CORRECT,18
"Among Hispanics, support for immigration reform is close to universal.",mostly-true,REAL,1,1,REAL,0.07709354162216187,0.9229064583778381,0.9229064583778381,True,CORRECT,15
Says a Ted Cruz ad has got me bull-dozing down a house.I never bulldozed it down. Its false advertising.,half-true,FAKE,0,0,FAKE,0.9877591729164124,0.012240813113749027,0.9877591729164124,True,CORRECT,30
Wages adjusted for inflation havent risen since the turn of the last century.,half-true,FAKE,0,1,REAL,0.26228222250938416,0.7377177476882935,0.7377177476882935,False,FAKE_TO_REAL,17
Says 95 percent of people caught crossing the U.S.-Mexico border said in a survey we are coming because weve been promised amnesty.,half-true,FAKE,0,0,FAKE,0.9841895699501038,0.015810366719961166,0.9841895699501038,True,CORRECT,31
There would be tens of thousands of jobs created if President Barack Obama approved the Keystone XL pipeline.,barely-true,FAKE,0,0,FAKE,0.9828451871871948,0.017154844477772713,0.9828451871871948,True,CORRECT,21
Weve brought trade cases against China at nearly twice the rate as the last administration.,half-true,FAKE,0,0,FAKE,0.9076756834983826,0.09232430905103683,0.9076756834983826,True,CORRECT,19
"When we started this health care debate a year ago, 85 percent of the American people had health insurance, and 95 percent of the 85 percent were happy with it.",mostly-true,REAL,1,1,REAL,0.028298048302531242,0.971701979637146,0.971701979637146,True,CORRECT,35
"Since John F. Kennedy was assassinated in 1963, more Americans have died by gunfire within our own country than American servicemen and women who were killed in all our wars.",true,REAL,1,1,REAL,0.03344261646270752,0.9665574431419373,0.9665574431419373,True,CORRECT,35
Obama said he would unilaterally renegotiate the North American Free Trade Agreement.,mostly-true,REAL,1,0,FAKE,0.8897576928138733,0.1102423295378685,0.8897576928138733,False,REAL_TO_FAKE,21
"In the 513 days between Trayvon dying, and todays verdict, 11,106 African-Americans have been murdered by other African-Americans.",barely-true,FAKE,0,0,FAKE,0.9617294073104858,0.03827057033777237,0.9617294073104858,True,CORRECT,32
Says If you compare the Portland Metro area to the CDCs statewide cavity rates ... the Portland Metro area would actually rank as having the 15th lowest cavity rate in the U.S.,false,FAKE,0,1,REAL,0.043820906430482864,0.9561790823936462,0.9561790823936462,False,FAKE_TO_REAL,40
"He received ""A"" ratings from ""every conservative organization that gives ratings.""",mostly-true,REAL,1,1,REAL,0.2406357228755951,0.7593643069267273,0.7593643069267273,True,CORRECT,18
"It costs $10,000 a year to keep a child in school; it costs $30,000 a year to keep someone in prison.",true,REAL,1,0,FAKE,0.5061678290367126,0.49383220076560974,0.5061678290367126,False,REAL_TO_FAKE,31
Says Republican Rep. Charlie Dent wants to kick the Freedom Caucus out of the Republican conference for voting our conscience.,false,FAKE,0,0,FAKE,0.9568340182304382,0.04316599294543266,0.9568340182304382,True,CORRECT,24
"He was offered medical care for his injuries if he would give up military information in return. John McCain said, 'No.'",false,FAKE,0,1,REAL,0.20804893970489502,0.7919510006904602,0.7919510006904602,False,FAKE_TO_REAL,28
Two-thirds of Wisconsin corporations dont pay state income taxes.,mostly-true,REAL,1,1,REAL,0.03905852884054184,0.9609414935112,0.9609414935112,True,CORRECT,15
There are literally teachers now who are getting pink slips because of sequestration.,barely-true,FAKE,0,0,FAKE,0.977577269077301,0.022422729060053825,0.977577269077301,True,CORRECT,18
Obamacare ... will kill jobs across America.,false,FAKE,0,0,FAKE,0.9931614398956299,0.006838581059128046,0.9931614398956299,True,CORRECT,13
"Last weeks three most-viewed television programs wereSunday Night Football, Thursday Night Football and Monday Night Football.",true,REAL,1,1,REAL,0.07532908022403717,0.924670934677124,0.924670934677124,True,CORRECT,24
On federal stimulus money for expanding rail service.,true,REAL,1,0,FAKE,0.9766938090324402,0.02330620400607586,0.9766938090324402,False,REAL_TO_FAKE,11
"About 106,000 soldiers had a prescription of three weeks or more for pain, depression or anxiety medication.",true,REAL,1,1,REAL,0.08615930378437042,0.9138407111167908,0.9138407111167908,True,CORRECT,23
Georgia loses millions of dollars of revenue because people go out of state to buy fireworks.,mostly-true,REAL,1,0,FAKE,0.8780500292778015,0.12195002287626266,0.8780500292778015,False,REAL_TO_FAKE,19
"If you and I fail to defund ObamaCare now, some 16,000 new IRS agents will be begin prying into our private medical records, eyeing each and every one of our treatments and prescriptions for violations.",pants-fire,FAKE,0,0,FAKE,0.9841606020927429,0.015839451923966408,0.9841606020927429,True,CORRECT,46
John McCain says it's okay with him if the U.S. spends the next thousand years in Iraq.,true,REAL,1,1,REAL,0.4202128052711487,0.5797871947288513,0.5797871947288513,True,CORRECT,25
"Says that in 2015, illegal immigrants accounted for 75 percent of federal drug possession convictions and 5 percent to 30 percent of convictions for murder and kidnapping plus two other crimes.",true,REAL,1,0,FAKE,0.6032495498657227,0.39675042033195496,0.6032495498657227,False,REAL_TO_FAKE,35
"The Clinton Foundation is a charity where President and Secretary Clinton and their daughter, they take no salary, they get no money from it, they take no personal benefit from it.",mostly-true,REAL,1,0,FAKE,0.9884688258171082,0.01153113879263401,0.9884688258171082,False,REAL_TO_FAKE,37
"Says his bill, HB 97, would prevent the use of taxpayer dollars on abortions.",false,FAKE,0,0,FAKE,0.9168968796730042,0.08310312032699585,0.9168968796730042,True,CORRECT,21
The average Atlanta resident spends an extra $924 each year in additional gasoline and wasted time.,mostly-true,REAL,1,1,REAL,0.32896021008491516,0.6710397601127625,0.6710397601127625,True,CORRECT,21
Federal health care reforms amounted to the government takeover of health care.,pants-fire,FAKE,0,0,FAKE,0.9859948754310608,0.01400507427752018,0.9859948754310608,True,CORRECT,15
Barack Obama and Hillary Clinton have changed their positions (on the Iraq war withdrawal) to follow Chris Dodd.,half-true,FAKE,0,0,FAKE,0.9761147499084473,0.023885294795036316,0.9761147499084473,True,CORRECT,23
Saturday Night Live executive producer Lorne Michaels could be put in jail under this amendment for making fun of any politician.,half-true,FAKE,0,1,REAL,0.31019166111946106,0.6898083090782166,0.6898083090782166,False,FAKE_TO_REAL,25
"When he worked for ATT, he ""was responsible for large parts in a $5 billion organization.""",false,FAKE,0,0,FAKE,0.6510065197944641,0.34899356961250305,0.6510065197944641,True,CORRECT,24
"6,400 Ohioans ... lost manufacturing jobs in the month of September.",mostly-true,REAL,1,1,REAL,0.059084419161081314,0.940915584564209,0.940915584564209,True,CORRECT,19
Mitch McConnell voted with Harry Reid to infringe on our gun rights.,pants-fire,FAKE,0,0,FAKE,0.983080267906189,0.016919799149036407,0.983080267906189,True,CORRECT,17
Says Ron Johnson gave himself a $10 million sweetheart corporate payout,half-true,FAKE,0,0,FAKE,0.9432548880577087,0.05674515664577484,0.9432548880577087,True,CORRECT,15
"Of the roughly 15 percent of Americans who dont have health insurance, half of them made more than $50,000 a year.",false,FAKE,0,1,REAL,0.04263423755764961,0.9573657512664795,0.9573657512664795,False,FAKE_TO_REAL,29
"The United States can immediately tap a domestic energy resource of more than 1.5 trillion barrels of oil, six times more than Saudi Arabia.",barely-true,FAKE,0,1,REAL,0.033071085810661316,0.9669288992881775,0.9669288992881775,False,FAKE_TO_REAL,30
Says House Democrats voted to use your tax dollars for abortions by voting against bill defunding Planned Parenthood.,false,FAKE,0,0,FAKE,0.6554579734802246,0.3445420563220978,0.6554579734802246,True,CORRECT,25
We need a Senator who shows up to work. Sherrod Brown missed over 350 official votes.,barely-true,FAKE,0,0,FAKE,0.9412055015563965,0.05879446864128113,0.9412055015563965,True,CORRECT,22
It is already in the law that there is a requirement to screen (refugees) for religion.,mostly-true,REAL,1,0,FAKE,0.6389691233634949,0.36103081703186035,0.6389691233634949,False,REAL_TO_FAKE,21
"At the mere request from Putin, President Obama withdrew the plans for a missile defense program based in Poland and the Czech Republic.",barely-true,FAKE,0,0,FAKE,0.6851550936698914,0.31484487652778625,0.6851550936698914,True,CORRECT,27
"I did very well with young people in Ohio, Massachusetts, California.",half-true,FAKE,0,1,REAL,0.4219818413257599,0.5780181288719177,0.5780181288719177,False,FAKE_TO_REAL,16
"Health care reform ""would bring down the deficit by as much as $1 trillion over the next two decades.""",half-true,FAKE,0,0,FAKE,0.8963471055030823,0.10365287214517593,0.8963471055030823,True,CORRECT,25
"McCain ""has opposed stem cell research.""",false,FAKE,0,1,REAL,0.027646493166685104,0.972353458404541,0.972353458404541,False,FAKE_TO_REAL,11
Austin has more lobbyists working for it than any other municipality in Texas.,mostly-true,REAL,1,0,FAKE,0.6485373377799988,0.3514626622200012,0.6485373377799988,False,REAL_TO_FAKE,17
"The EPA wants to hire 230,000 new government regulators that will cost the taxpayer $21 billion.",false,FAKE,0,0,FAKE,0.9745600819587708,0.025439919903874397,0.9745600819587708,True,CORRECT,22
"If the Trans-Pacific Partnership is fast-tracked through the Senate, it wont receive a committee assignment and the consideration will include no debate.",false,FAKE,0,0,FAKE,0.8018925189971924,0.19810745120048523,0.8018925189971924,True,CORRECT,31
On whether the government should bail out insurance giant AIG.,half-true,FAKE,0,0,FAKE,0.9883037805557251,0.011696184054017067,0.9883037805557251,True,CORRECT,14
The Cleveland police has issued a stand down order to officers.,pants-fire,FAKE,0,0,FAKE,0.855210542678833,0.14478948712348938,0.855210542678833,True,CORRECT,14
"The Keystone pipeline creates 35 permanent jobs after construction, according to a government report.",true,REAL,1,0,FAKE,0.9119913578033447,0.08800865709781647,0.9119913578033447,False,REAL_TO_FAKE,18
We already pay the highest electricity prices in the country here in New England.,half-true,FAKE,0,1,REAL,0.0389702133834362,0.9610297679901123,0.9610297679901123,False,FAKE_TO_REAL,17
We're going to have more troops (in Afghanistan) . . . than the Russians had.,barely-true,FAKE,0,1,REAL,0.4305732250213623,0.5694267153739929,0.5694267153739929,False,FAKE_TO_REAL,22
Victory! Republicans by 2 to 1 vote to endorse Mark Neumann on first ballot at GOP convention.,false,FAKE,0,0,FAKE,0.9345178604125977,0.06548211723566055,0.9345178604125977,True,CORRECT,24
Florida is investing record amounts of funding for HIV/AIDS prevention.,barely-true,FAKE,0,0,FAKE,0.7536334991455078,0.2463664561510086,0.7536334991455078,True,CORRECT,15
There's only four senators senior to me ... there's still 44 older than me.,mostly-true,REAL,1,1,REAL,0.027518415823578835,0.9724816083908081,0.9724816083908081,True,CORRECT,23
"All four on Mount Rushmore, they were all independents at one critical point in their career.",false,FAKE,0,0,FAKE,0.7047681212425232,0.2952318787574768,0.7047681212425232,True,CORRECT,21
We didnt go out asking people to join the stand your ground task force.,false,FAKE,0,0,FAKE,0.9866791367530823,0.013320796191692352,0.9866791367530823,True,CORRECT,18
Rhode Islands exports have increased by 53 percent in the last two years.,true,REAL,1,1,REAL,0.23952968418598175,0.7604703307151794,0.7604703307151794,True,CORRECT,16
Giant companies like Toyota will not locate in a state that has not passed a right-to-work law,false,FAKE,0,0,FAKE,0.9882441759109497,0.011755824089050293,0.9882441759109497,True,CORRECT,23
"Mitt Romney boasts that he is ""proud to be the only major candidate for president to sign the tax pledge. The others have not.""",mostly-true,REAL,1,1,REAL,0.0851125493645668,0.9148874878883362,0.9148874878883362,True,CORRECT,31
"More than 250 (voter registration) groups, ranging across the entire political spectrum, have filed with the state and are registering voters right now.",half-true,FAKE,0,1,REAL,0.16257351636886597,0.837426483631134,0.837426483631134,False,FAKE_TO_REAL,30
"Barack Obama got more campaign contributions from Fannie Mae and Freddie Mac ""than any other member of Congress, except for the Democratic chairmen of the committee that oversees them.""",mostly-true,REAL,1,1,REAL,0.4390636682510376,0.5609363317489624,0.5609363317489624,True,CORRECT,37
I brought down crime more than anyone in this country -- maybe in the history of this country -- while I was mayor of New York City. -,barely-true,FAKE,0,0,FAKE,0.895269513130188,0.1047305092215538,0.895269513130188,True,CORRECT,33
"A planning group said that to meet anticipated traffic demands by 2035, Interstate 35 between Austin and Round Rock will need a dozen additional lanes going north and 14 additional southbound lanes.",half-true,FAKE,0,0,FAKE,0.7798696756362915,0.2201303094625473,0.7798696756362915,True,CORRECT,37
Foreign Chinese prostitution money is allegedly behind the groups funding Congressman Sean Duffys Republican Majority.,pants-fire,FAKE,0,0,FAKE,0.9860159754753113,0.013984005898237228,0.9860159754753113,True,CORRECT,19
The United States is the only developed country in the world without paid maternity leave.,mostly-true,REAL,1,1,REAL,0.2911309003829956,0.7088690996170044,0.7088690996170044,True,CORRECT,18
A voucher school that closed after 9 days this year collected $5.4 million in taxpayer subsidies since first opening.,mostly-true,REAL,1,1,REAL,0.19203272461891174,0.8079673051834106,0.8079673051834106,True,CORRECT,26
Rhode Islands unemployment insurance system is the most expensive such system in the country.,false,FAKE,0,1,REAL,0.03386841341853142,0.9661316275596619,0.9661316275596619,False,FAKE_TO_REAL,17
"Says a YouTube video shows Thomas DiMassimo, the man who rushed Trump at an Ohio rally, dragging the American flag on the ground like it was a piece of garbage.",true,REAL,1,0,FAKE,0.9249440431594849,0.07505598664283752,0.9249440431594849,False,REAL_TO_FAKE,37
"Obama worked with ""Sen. Dick Lugar, a Republican, to help lock down loose nuclear weapons.""",true,REAL,1,0,FAKE,0.7808099389076233,0.2191900759935379,0.7808099389076233,False,REAL_TO_FAKE,24
"The United States spends $2.2 billion on free cell phones, $27 million on Moroccan pottery classes and pays for the travel expenses for the watermelon queen in Alabama.",half-true,FAKE,0,1,REAL,0.48184382915496826,0.518156111240387,0.518156111240387,False,FAKE_TO_REAL,38
The United States is at historic record highs of individuals being apprehended on the border from countries with terrorist ties such as Pakistan or Afghanistan or Syria.,pants-fire,FAKE,0,1,REAL,0.19456429779529572,0.8054357171058655,0.8054357171058655,False,FAKE_TO_REAL,33
The transportation package passed by the General Assembly would impose the largest tax increase in Virginias history.,half-true,FAKE,0,0,FAKE,0.7902742624282837,0.20972569286823273,0.7902742624282837,True,CORRECT,21
My home state since June of 2009 created 40 percent of the new jobs in America.,mostly-true,REAL,1,1,REAL,0.3183344006538391,0.6816655993461609,0.6816655993461609,True,CORRECT,19
"Onion Creeks highest flow rate on a recent night of flooding was 120,000 cubic feet per second, which is nearly double the average flow rate of Niagara Falls.",barely-true,FAKE,0,1,REAL,0.169985830783844,0.830014169216156,0.830014169216156,False,FAKE_TO_REAL,34
"As governor of Florida, I used a combination of strategies to help reduce heroin use among youth in Florida by approximately 50 percent.",half-true,FAKE,0,1,REAL,0.2745570242404938,0.7254430055618286,0.7254430055618286,False,FAKE_TO_REAL,27
"Says last year 13 million (health insurance) rebates went out, in all 50 states. Another 8.5 (million) rebates are being sent out this summer, averaging around 100 bucks each.",half-true,FAKE,0,1,REAL,0.3548218607902527,0.6451781988143921,0.6451781988143921,False,FAKE_TO_REAL,45
Says his state budget will provide an increase in state funding for the 2011-12 school year.,mostly-true,REAL,1,0,FAKE,0.6181095242500305,0.3818904757499695,0.6181095242500305,False,REAL_TO_FAKE,21
"Says the estate tax, in many cases, forces family farmers and small businesses owners to sell their holdings.",false,FAKE,0,1,REAL,0.31082606315612793,0.6891738772392273,0.6891738772392273,False,FAKE_TO_REAL,23
Sayvideo shows massive alligator strolling across Florida golf course.,true,REAL,1,0,FAKE,0.9861889481544495,0.013811060227453709,0.9861889481544495,False,REAL_TO_FAKE,15
On whether people can keep their insurance under the Affordable Care Act.,half-true,FAKE,0,0,FAKE,0.9768784046173096,0.02312159538269043,0.9768784046173096,True,CORRECT,15
"We're spending $1.6 billion for all of Latin America in terms of aid and assistance, a fraction of what we're spending in Iraq, the $500 billion we've spent there",mostly-true,REAL,1,1,REAL,0.021649595350027084,0.9783504009246826,0.9783504009246826,True,CORRECT,43
"If you look at the number of illegal immigrants coming into the country, it is net zero. Its been that way now for almost two years.",true,REAL,1,0,FAKE,0.5198740363121033,0.48012596368789673,0.5198740363121033,False,REAL_TO_FAKE,31
Weve introduced a bill that includes $12 billion in cuts over the next week.,half-true,FAKE,0,0,FAKE,0.7045741677284241,0.2954258620738983,0.7045741677284241,True,CORRECT,19
Wisconsins lawsuit rules are so anti-business that the states system is one of the most promiscuous in America.,false,FAKE,0,0,FAKE,0.9693654179573059,0.030634647235274315,0.9693654179573059,True,CORRECT,27
"Says Joseph Stalin said if you want to bring America down you, have to undermine three things: our spiritual life, our patriotism and our morality.",pants-fire,FAKE,0,0,FAKE,0.9211978316307068,0.078802190721035,0.9211978316307068,True,CORRECT,32
"From now on, we have to pay the Russians $50 million an astronaut to send Americans to the space station",mostly-true,REAL,1,0,FAKE,0.7845460772514343,0.21545395255088806,0.7845460772514343,False,REAL_TO_FAKE,24
"The gender gap in his support is not unique to me and theres not a huge gap from where Republicans have been in presidential, gubernatorial and US Senate elections in recent years.",mostly-true,REAL,1,1,REAL,0.09882017970085144,0.9011797904968262,0.9011797904968262,True,CORRECT,37
Bryce Reeves chaired a group bankrolled by a New York billionaire who fired hundreds of Virginia workers and sent their jobs to China.,false,FAKE,0,0,FAKE,0.9858270883560181,0.01417293306440115,0.9858270883560181,True,CORRECT,28
"In 2011, Alabama and Massachusetts passed legislation allowing non-citizens who are legal residents to vote in state and local elections.",false,FAKE,0,1,REAL,0.23307980597019196,0.7669201493263245,0.7669201493263245,False,FAKE_TO_REAL,26
"Across the country, more than half of the U.S. attorney seats remain without a prosecutor chosen by Obama.",barely-true,FAKE,0,0,FAKE,0.9659664034843445,0.03403351828455925,0.9659664034843445,True,CORRECT,25
The Red Sox waited 87 long years to win the World Series.,false,FAKE,0,0,FAKE,0.6034598350524902,0.39654019474983215,0.6034598350524902,True,CORRECT,15
Almost every state has offered an insurance plan on its health exchange that does not cover abortion.,true,REAL,1,1,REAL,0.18720552325248718,0.8127945065498352,0.8127945065498352,True,CORRECT,20
"The largest tax increase that we have ever had in our state is yours it is the business margins tax that you signed, governor.",false,FAKE,0,0,FAKE,0.9611266851425171,0.03887331113219261,0.9611266851425171,True,CORRECT,28
Georgia has the second-highest rate of childhood obesity in the United States.,true,REAL,1,1,REAL,0.02902248501777649,0.9709775447845459,0.9709775447845459,True,CORRECT,17
"Says Tom Ganley has been sued over 400 times, for fraud, discrimination and more, and a judge called Tom Ganleys business practices deceptive and unconscionable.",mostly-true,REAL,1,0,FAKE,0.6452547907829285,0.35474517941474915,0.6452547907829285,False,REAL_TO_FAKE,39
A recall election for Wisconsin governor would cost $7.7 million -- $7.7 million that may already be allocated to merit raises for teachers or health care for the poor or school books for your kids.,half-true,FAKE,0,0,FAKE,0.9374284744262695,0.06257153302431107,0.9374284744262695,True,CORRECT,45
Says my plan is a property tax cut.,half-true,FAKE,0,0,FAKE,0.9749406576156616,0.0250592939555645,0.9749406576156616,True,CORRECT,11
We are giving almost $2 billion of taxpayer money to the junk food and fast food industries every year to make the (childhood obesity) epidemic worse.,false,FAKE,0,0,FAKE,0.9767369031906128,0.023263102397322655,0.9767369031906128,True,CORRECT,32
Not one American flag on the massive stage at the Democratic National Convention until people started complaining- then a small one. Pathetic.,half-true,FAKE,0,0,FAKE,0.9713548421859741,0.028645187616348267,0.9713548421859741,True,CORRECT,27
A bill by Earl Blumenauer would mandate GPS tracking devices on all our vehicles.,pants-fire,FAKE,0,0,FAKE,0.9444953203201294,0.05550466105341911,0.9444953203201294,True,CORRECT,19
"As a prosecutor, Wisconsin Supreme Court Justice David Prosser did not investigate or file charges in a case involving 30-year pedophile priest, then participated in cover-up.",barely-true,FAKE,0,0,FAKE,0.6755234003067017,0.3244765102863312,0.6755234003067017,True,CORRECT,38
There is a precedent for not nominating someone to the U.S. Supreme Court in the middle of a presidential election.,false,FAKE,0,1,REAL,0.36621394753456116,0.633786141872406,0.633786141872406,False,FAKE_TO_REAL,27
Health insurance and medical costs are going down because of Obamacare.,barely-true,FAKE,0,0,FAKE,0.9880475997924805,0.01195244025439024,0.9880475997924805,True,CORRECT,15
"The war on drugs led to a 500 percent increase in incarceration in our country, disproportionately affecting poor and disproportionately affecting minorities.",mostly-true,REAL,1,0,FAKE,0.9384504556655884,0.061549484729766846,0.9384504556655884,False,REAL_TO_FAKE,38
Says Texas GOP platform calls for end to teaching critical thinking in public schools.,half-true,FAKE,0,0,FAKE,0.9741581082344055,0.025841880589723587,0.9741581082344055,True,CORRECT,18
Four out of 10 homicides are committed by gun in this city.,true,REAL,1,1,REAL,0.22212104499340057,0.777878999710083,0.777878999710083,True,CORRECT,16
A picture shows former President Bill Clinton naked with another woman.,pants-fire,FAKE,0,0,FAKE,0.9694471955299377,0.030552776530385017,0.9694471955299377,True,CORRECT,14
"There is no disagreement that we need action by our government, a recovery plan that will help to jump-start the economy.",false,FAKE,0,0,FAKE,0.9131119847297668,0.08688803762197495,0.9131119847297668,True,CORRECT,27
If you want out of the individual mandate... all you have to do now is tick off the box that says hardshipand youre out.,barely-true,FAKE,0,0,FAKE,0.9809135794639587,0.019086433574557304,0.9809135794639587,True,CORRECT,32
"Many Nevadans relied on Uber for work, but after accepting $70,000 from taxi companies, Catherine Cortez Masto went after Uber ... (driving) them out of town.",barely-true,FAKE,0,0,FAKE,0.89449143409729,0.10550852119922638,0.89449143409729,True,CORRECT,42
"Says it probably costs more than $300,000 to run for a seat on the Pedernales Electric Cooperative board of directors.",pants-fire,FAKE,0,0,FAKE,0.8009724617004395,0.19902753829956055,0.8009724617004395,True,CORRECT,28
"Last month, 44 of the 50 states saw an increase in the unemployment rate.",half-true,FAKE,0,0,FAKE,0.7547410130500793,0.24525906145572662,0.7547410130500793,True,CORRECT,18
Wind power is the most undependable form of renewable energy.,false,FAKE,0,0,FAKE,0.7176901698112488,0.2823098599910736,0.7176901698112488,True,CORRECT,16
Charlie Crist allowed college tuition to increase up to 15 percent every year.,mostly-true,REAL,1,0,FAKE,0.8700791597366333,0.1299208551645279,0.8700791597366333,False,REAL_TO_FAKE,17
The House has never failed to pass a budget in the modern era.,true,REAL,1,1,REAL,0.39380761981010437,0.606192409992218,0.606192409992218,True,CORRECT,16
Mr. Renacci was registered as a foreign trade lobbyist in the United States government.,half-true,FAKE,0,0,FAKE,0.6860545873641968,0.3139454126358032,0.6860545873641968,True,CORRECT,21
"Tommy Thompson created the first school choice program in the nation, giving thousands of Milwaukee students the choice of where they go to school no matter where they live or how much money their parents make.",true,REAL,1,0,FAKE,0.8486233353614807,0.15137667953968048,0.8486233353614807,False,REAL_TO_FAKE,40
Says the main Central Texas food bank is delivering 50 percent more food to the poor than three years ago.,mostly-true,REAL,1,0,FAKE,0.9813631772994995,0.01863682270050049,0.9813631772994995,False,REAL_TO_FAKE,23
"McCain ""still thinks it's okay when women don't earn equal pay for equal work.""",false,FAKE,0,1,REAL,0.2320108264684677,0.7679891586303711,0.7679891586303711,False,FAKE_TO_REAL,23
"The Baucus bill ""contains provisions that would send massive federal subsidies directly to both private insurance plans and government-chartered cooperatives that pay for elective abortion.""",true,REAL,1,0,FAKE,0.9426593780517578,0.057340607047080994,0.9426593780517578,False,REAL_TO_FAKE,36
Gene Green is the NRAs favorite Democrat in Congress. ... Its no wonder the congressman has a lifetime A rating from the NRA.,barely-true,FAKE,0,0,FAKE,0.8941167593002319,0.10588324069976807,0.8941167593002319,True,CORRECT,31
"Obama ""won health care for 150,000 people.""",true,REAL,1,0,FAKE,0.9808365106582642,0.019163500517606735,0.9808365106582642,False,REAL_TO_FAKE,14
"The CBO says that if you raise the minimum wage to $10.10 an hour, half a million people would lose their jobs.",mostly-true,REAL,1,0,FAKE,0.9204254746437073,0.07957454025745392,0.9204254746437073,False,REAL_TO_FAKE,30
State lawmakers are spending taxpayer money for parking that billionaire Arthur Blank could build while paying some state employees so little they are on food stamps.,half-true,FAKE,0,0,FAKE,0.9641296863555908,0.035870280116796494,0.9641296863555908,True,CORRECT,30
State governments have little ability to stimulate job growth in the short run.,true,REAL,1,0,FAKE,0.9040034413337708,0.09599658101797104,0.9040034413337708,False,REAL_TO_FAKE,16
He (Obama) chairs the subcommittee on Europe. ... He's held not one substantive hearing to do oversight.,true,REAL,1,1,REAL,0.31243860721588135,0.6875613927841187,0.6875613927841187,True,CORRECT,27
Says the U.S. federal income tax rate was 0 percent until 1913.,half-true,FAKE,0,1,REAL,0.03875471279025078,0.9612452983856201,0.9612452983856201,False,FAKE_TO_REAL,18
"Sarah Palin ""already has more executive experience"" than Barack Obama and Joe Biden ""combined.""",true,REAL,1,0,FAKE,0.9139439463615417,0.08605603873729706,0.9139439463615417,False,REAL_TO_FAKE,23
"Texas has, now, the highest share of minimum-wage workers in the nation.",true,REAL,1,1,REAL,0.1206786185503006,0.8793213367462158,0.8793213367462158,True,CORRECT,19
"Two months ago, Donald Trump said that ISIS was not our fight.",mostly-true,REAL,1,0,FAKE,0.7392158508300781,0.26078417897224426,0.7392158508300781,False,REAL_TO_FAKE,16
"Says that on average, Democratic congressional districts received 81 percent more stimulus funds than Republican districts.",half-true,FAKE,0,0,FAKE,0.8746117949485779,0.1253882646560669,0.8746117949485779,True,CORRECT,20
You had supported John McCain's military strategies pretty adamantly until this race.,barely-true,FAKE,0,1,REAL,0.058550089597702026,0.9414499402046204,0.9414499402046204,False,FAKE_TO_REAL,18
Says critics who say he cut Medicaid are wrong; his budget added $1.2 billion to the program,half-true,FAKE,0,0,FAKE,0.7908751368522644,0.2091248333454132,0.7908751368522644,True,CORRECT,25
Says she will work to raise the federal minimum wage back to the highest level its ever been $12 an hour in todays dollars.,half-true,FAKE,0,0,FAKE,0.9623209834098816,0.0376790389418602,0.9623209834098816,True,CORRECT,29
$29 is what families on SNAP (i.e. food stamps) have to live on for a week.,barely-true,FAKE,0,1,REAL,0.25286272168159485,0.7471373081207275,0.7471373081207275,False,FAKE_TO_REAL,25
"The Medford Water Commission was fined $279,000 for dumping plain drinking water into a stream.",half-true,FAKE,0,1,REAL,0.3449181616306305,0.6550818085670471,0.6550818085670471,False,FAKE_TO_REAL,22
Nothing in the Constitution explicitly guarantees our right to vote.,true,REAL,1,0,FAKE,0.5735249519348145,0.42647507786750793,0.5735249519348145,False,REAL_TO_FAKE,13
Sherrod Brown and his special interest allies in Washington are plotting to spend over $13 million to defeat Josh Mandel.,half-true,FAKE,0,0,FAKE,0.9828488230705261,0.01715116947889328,0.9828488230705261,True,CORRECT,27
"On the new dollar coins, ""'In God We Trust' is gone!""",false,FAKE,0,0,FAKE,0.9672608971595764,0.03273913264274597,0.9672608971595764,True,CORRECT,19
Says Gov. Scott Walkers proposed state budget contained 110 pages of errors -- an unusually high number -- and millions of dollars worth of mistakes that were corrected with a follow-up document.,mostly-true,REAL,1,0,FAKE,0.7673144340515137,0.23268555104732513,0.7673144340515137,False,REAL_TO_FAKE,40
Takes credit for substantially reducing the size of the state workforce.,mostly-true,REAL,1,0,FAKE,0.9390541315078735,0.06094583496451378,0.9390541315078735,False,REAL_TO_FAKE,14
"If you look at most of the polls, this is a margin-of-error race on Fourth of July between Mitt Romney and the president.",true,REAL,1,0,FAKE,0.8760372996330261,0.12396272271871567,0.8760372996330261,False,REAL_TO_FAKE,32
"In the last 10 years, Georgias middle class income has dropped $6,500.",true,REAL,1,1,REAL,0.2983535826206207,0.7016463875770569,0.7016463875770569,True,CORRECT,20
Rooting for the Red Sox is like rooting for the drug companies.,true,REAL,1,0,FAKE,0.9130492210388184,0.08695073425769806,0.9130492210388184,False,REAL_TO_FAKE,17
"Says Rick Perrys Pay to Play politics led him to send $899 million to an offshore call center in Bermuda, driving down enrollment in childrens health insurance",false,FAKE,0,0,FAKE,0.9226393103599548,0.07736067473888397,0.9226393103599548,True,CORRECT,34
On allowing a vote on universal gun background checks in the U.S. Senate.,true,REAL,1,0,FAKE,0.9048448204994202,0.09515521675348282,0.9048448204994202,False,REAL_TO_FAKE,19
"President Barack Obama, Nancy Pelosi and Harry Reid support Rick Perrys decision to give in-state tuition to illegal immigrants.",barely-true,FAKE,0,0,FAKE,0.5935563445091248,0.40644368529319763,0.5935563445091248,True,CORRECT,28
Obama has more czars than the Romanovs.,true,REAL,1,0,FAKE,0.9889740943908691,0.011025913059711456,0.9889740943908691,False,REAL_TO_FAKE,13
Gov. McDonnells proposed budget is cutting public education.,false,FAKE,0,0,FAKE,0.9580241441726685,0.041975799947977066,0.9580241441726685,True,CORRECT,13
A [bank] surveillance camera capturing a criminals face and other identifiable traits would certainly discourage robbery attempts and serve as a deterrent to robbers.,false,FAKE,0,1,REAL,0.30350399017333984,0.6964960098266602,0.6964960098266602,False,FAKE_TO_REAL,30
"Medicare costs have slowed down dramatically. In fact, the first two months of this fiscal year, Medicare costs were down even in nominal terms relative to the previous year.",true,REAL,1,1,REAL,0.2146841585636139,0.7853158712387085,0.7853158712387085,True,CORRECT,35
Says Donald Trump and Mike Pence want to gamble with your retirement benefits in the stock market.,barely-true,FAKE,0,0,FAKE,0.8012235760688782,0.19877640902996063,0.8012235760688782,True,CORRECT,21
U.S. Rep. Connie Mack voted to raise his own pay several times.,half-true,FAKE,0,0,FAKE,0.9855589866638184,0.014440962113440037,0.9855589866638184,True,CORRECT,19
No poll done this year ... shows less than a majority to reinstate a federal ban on assault weapons.,mostly-true,REAL,1,1,REAL,0.311691552400589,0.6883084774017334,0.6883084774017334,True,CORRECT,25
I have spent virtually every weekend since Memorial Day in the Panhandle.,true,REAL,1,1,REAL,0.036581117659807205,0.9634189009666443,0.9634189009666443,True,CORRECT,17
"In the 2012 election, there were more votes cast than registered voters in St. Lucie County, and Palm Beach County had 141 percent turnout.",pants-fire,FAKE,0,1,REAL,0.039798885583877563,0.9602011442184448,0.9602011442184448,False,FAKE_TO_REAL,30
Im not a conspiracy theorist and I never allow conspiracy theorists on my program.,pants-fire,FAKE,0,0,FAKE,0.949265718460083,0.05073431506752968,0.949265718460083,True,CORRECT,17
Says Romney called Russia our No. 1 enemy.,mostly-true,REAL,1,1,REAL,0.14223597943782806,0.8577640056610107,0.8577640056610107,True,CORRECT,12
Theres been no conclusive or specific report to say Russia was trying to muddy the election.,false,FAKE,0,0,FAKE,0.9496674537658691,0.050332535058259964,0.9496674537658691,True,CORRECT,21
Says Christopher Little has a history of working against environmental protection by defending the worst types of corporate polluters,false,FAKE,0,0,FAKE,0.986788272857666,0.013211789540946484,0.986788272857666,True,CORRECT,23
"John Kasich says he won, despite 12 visits by a president, somewhere between $45 (million) and $50 million (spent against him,) 500 paid volunteers in here calling me every name in the book, former presidents, first ladies and God-knows-who-else.",half-true,FAKE,0,1,REAL,0.48866182565689087,0.5113381743431091,0.5113381743431091,False,FAKE_TO_REAL,61
"Opponents of Section 5 (of the Voting Rights Act) complain of state expense, yet their only cost is the paper, postage and manpower required to send copies of legislation to the federal government for review.",half-true,FAKE,0,0,FAKE,0.8681398630142212,0.13186012208461761,0.8681398630142212,True,CORRECT,42
Says Nick Kahl made it harder for many families to cover basic health care expenses.,barely-true,FAKE,0,0,FAKE,0.9426724910736084,0.05732749029994011,0.9426724910736084,True,CORRECT,19
"In California, the windmills are killing hundreds and hundreds of eagles.",barely-true,FAKE,0,0,FAKE,0.9818055033683777,0.018194451928138733,0.9818055033683777,True,CORRECT,16
"There is nothing in the current state public records law that prohibits sensitive or confidential business information from being just that, confidential.",true,REAL,1,1,REAL,0.07704708725214005,0.9229528903961182,0.9229528903961182,True,CORRECT,26
We did not even have a federal income tax in this country until 1913.,mostly-true,REAL,1,1,REAL,0.05123811215162277,0.9487618803977966,0.9487618803977966,True,CORRECT,17
"The White House is won in the swing states, and I am winning the swing states.",barely-true,FAKE,0,0,FAKE,0.9731795191764832,0.02682042308151722,0.9731795191764832,True,CORRECT,20
"Says opponent U.S. Rep. Gwen Moore is Wisconsins most absent member of Congress, missing nearly 17 percent of the House votes in the second quarter of 2012.",mostly-true,REAL,1,0,FAKE,0.9498446583747864,0.050155311822891235,0.9498446583747864,False,REAL_TO_FAKE,36
Says Gov. Scott Walker dropped out or was kicked out of college short of a degree not long after he was kicked out of student elections at Marquette University.,false,FAKE,0,0,FAKE,0.9814335703849792,0.018566397950053215,0.9814335703849792,True,CORRECT,33
Eliminating affirmative action in admissions in Florida led to more African American and Hispanic kids attending our university system than before.,barely-true,FAKE,0,0,FAKE,0.8169488310813904,0.18305112421512604,0.8169488310813904,True,CORRECT,24
"When it comes to transportation funds, Georgians spend more in taxes and on red tape than they get back from the federal government.",half-true,FAKE,0,1,REAL,0.2798087000846863,0.7201912999153137,0.7201912999153137,False,FAKE_TO_REAL,28
Federal stimulus money went to a Georgia Tech project that will apparently involve the professor jamming with world-renowned musicians to hopefully also create satisfying works of art.,barely-true,FAKE,0,0,FAKE,0.9087119698524475,0.09128805994987488,0.9087119698524475,True,CORRECT,33
The U.S. doesnt make television sets anymore.,true,REAL,1,1,REAL,0.05390103533864021,0.9460989236831665,0.9460989236831665,True,CORRECT,14
"When these same Republicans - including Mr. Boehner - were in charge, the number of earmarks and pet projects went up, not down.",mostly-true,REAL,1,0,FAKE,0.93643718957901,0.0635627806186676,0.93643718957901,False,REAL_TO_FAKE,32
Wisconsins projected state budget shortfall is now as low as $1.5 billion,false,FAKE,0,0,FAKE,0.7427188158035278,0.2572811245918274,0.7427188158035278,True,CORRECT,19
Heroin .. pours across our southern borders.,true,REAL,1,0,FAKE,0.9788116812705994,0.021188363432884216,0.9788116812705994,False,REAL_TO_FAKE,12
"Before the Republican wave in 2010, Democrats had an advantage on the generic ballot in Congress. Even in 1994 with the Gingrich revolution ... Democrats had that advantage.",true,REAL,1,1,REAL,0.05800908803939819,0.9419909119606018,0.9419909119606018,True,CORRECT,37
Roy Barnes made Georgia dead last in education and Georgia led the nation in job losses.,half-true,FAKE,0,0,FAKE,0.601435124874115,0.3985648453235626,0.601435124874115,True,CORRECT,19
"Sen. McCain was already turning his sights to Iraq just days after 9/11, and he became a leading supporter of an invasion and occupation of (Iraq).",true,REAL,1,0,FAKE,0.7069642543792725,0.29303574562072754,0.7069642543792725,False,REAL_TO_FAKE,35
"In labor negotiations with city employees, Milwaukee Mayor Tom Barrett demanded concessions that went beyond those mandated by Gov. Scott Walkers collective bargaining law",barely-true,FAKE,0,0,FAKE,0.9597406387329102,0.04025941342115402,0.9597406387329102,True,CORRECT,28
"Says hes arrested more criminals, including thousands of child predators and sex offenders, than any previous Texas attorney general.",mostly-true,REAL,1,1,REAL,0.11852928251028061,0.8814707398414612,0.8814707398414612,True,CORRECT,25
"Brazil built a $300 million stadium in the Amazon rainforest that is only going to be used for four World Cup games, and theres no team that can fill it afterwards.",true,REAL,1,0,FAKE,0.6509726047515869,0.3490273952484131,0.6509726047515869,False,REAL_TO_FAKE,37
"Sources show (Connie) Mack as a resident of California, living with his wife in Palm Springs.",barely-true,FAKE,0,0,FAKE,0.9461807012557983,0.053819362074136734,0.9461807012557983,True,CORRECT,22
"We have an Army that just cut 40,000 spots.",mostly-true,REAL,1,0,FAKE,0.9410553574562073,0.05894460529088974,0.9410553574562073,False,REAL_TO_FAKE,14
"In South Sudan, more teenage girls die in childbirth than finish high school.",mostly-true,REAL,1,0,FAKE,0.6894969344139099,0.3105030655860901,0.6894969344139099,False,REAL_TO_FAKE,17
"Says Ohio Rep. Marcy Kaptur actually lives in a fancy condo in the Washington, D.C. suburbs.",false,FAKE,0,0,FAKE,0.9796018600463867,0.02039811573922634,0.9796018600463867,True,CORRECT,27
"U.S. Rep. Jim Langevin didn't want a border fence to block illegal immigration ""because he is afraid that someone will get hurt trying to go around the fence.""",pants-fire,FAKE,0,0,FAKE,0.9853384494781494,0.014661568216979504,0.9853384494781494,True,CORRECT,40
"Despite attention on global warming, fewer Americans carpool today to work than carpooled in 1980 and SUVs have never been a larger proportion of the vehicles being sold in this country.",mostly-true,REAL,1,1,REAL,0.3326225280761719,0.6673774123191833,0.6673774123191833,True,CORRECT,39
"Says in 2002, he won more Hispanic votes than Anglo votes, 60 percent in the state.",mostly-true,REAL,1,1,REAL,0.04808357357978821,0.9519163966178894,0.9519163966178894,True,CORRECT,21
"A lot of the ideas in terms of the (health insurance) exchange, just being able to pool and improve the purchasing power of individuals in the insurance market, that originated from the Heritage Foundation.",mostly-true,REAL,1,0,FAKE,0.8795333504676819,0.1204666942358017,0.8795333504676819,False,REAL_TO_FAKE,41
Says Mitt Romney supports cap and trade.,false,FAKE,0,1,REAL,0.09909693151712418,0.9009031057357788,0.9009031057357788,False,FAKE_TO_REAL,11
"Since the beginning of the year weve created a net increase of 45,000 jobs.",barely-true,FAKE,0,0,FAKE,0.6929202079772949,0.3070797920227051,0.6929202079772949,True,CORRECT,20
Texas has a higher unemployment rate than neighboring states.,mostly-true,REAL,1,1,REAL,0.21685799956321716,0.7831419706344604,0.7831419706344604,True,CORRECT,12
"The State Election Board has issued nearly $275,000 in fines to violators of absentee ballot laws.",true,REAL,1,0,FAKE,0.5162983536720276,0.4837016761302948,0.5162983536720276,False,REAL_TO_FAKE,24
My supporters arent special interest groups in Madison and Milwaukee.,mostly-true,REAL,1,0,FAKE,0.9867268800735474,0.013273151591420174,0.9867268800735474,False,REAL_TO_FAKE,14
"While 9,000 state employees were added to the states payroll, Oregons revenue forecasts dropped by more than $4 billion.",half-true,FAKE,0,1,REAL,0.10339663922786713,0.8966032862663269,0.8966032862663269,False,FAKE_TO_REAL,28
John McCain fought to rein in Fannie and Freddie...but Democrats blocked the reforms.,half-true,FAKE,0,1,REAL,0.26703116297721863,0.732968807220459,0.732968807220459,False,FAKE_TO_REAL,21
"Dark money spending in the 2016 election cycle is 10 times what it was at the same point in the 2012 election cycle, when it topped $308 million.",true,REAL,1,1,REAL,0.28815943002700806,0.7118406295776367,0.7118406295776367,True,CORRECT,33
Says there is an upcoming vote to preserve benefits of Texas homestead exemption for seniors and the disabled.,pants-fire,FAKE,0,0,FAKE,0.9814183712005615,0.018581649288535118,0.9814183712005615,True,CORRECT,21
The government is trying to now close the Lincoln Memorial for any kind of large gatherings.,pants-fire,FAKE,0,0,FAKE,0.9794557094573975,0.02054436318576336,0.9794557094573975,True,CORRECT,19
You know what (Saddam Hussein) did well? He killed terrorists.,barely-true,FAKE,0,0,FAKE,0.8347035050392151,0.16529648005962372,0.8347035050392151,True,CORRECT,16
The average age of the minimum wage worker is 35 years old.,barely-true,FAKE,0,0,FAKE,0.9066824316978455,0.09331756085157394,0.9066824316978455,True,CORRECT,15
"Says McCain ""supported George Bush's policies 95 percent of the time.""",half-true,FAKE,0,1,REAL,0.030480554327368736,0.9695194363594055,0.9695194363594055,False,FAKE_TO_REAL,18
More Americans have died from guns in the United States since 1968 than on battlefields of all the wars in American history.,true,REAL,1,1,REAL,0.01619015261530876,0.9838098287582397,0.9838098287582397,True,CORRECT,26
"There is no war on coal. Period. There are more coal jobs and more coal produced in Ohio than there were five years ago, in spite of the talking points and the yard signs.",true,REAL,1,0,FAKE,0.9723531007766724,0.027646897360682487,0.9723531007766724,False,REAL_TO_FAKE,40
Says One of the states largest governments made charging this tax one of their top priorities just this year.,pants-fire,FAKE,0,0,FAKE,0.8436649441719055,0.1563350111246109,0.8436649441719055,True,CORRECT,22
The immigration bill has a specific provision that says that Secretary Napolitano does not have to build any fence if she chooses not to.,false,FAKE,0,1,REAL,0.2776946425437927,0.7223053574562073,0.7223053574562073,False,FAKE_TO_REAL,29
Says Donald Trump publicly invited Putin to hack into Americans (emails).,half-true,FAKE,0,1,REAL,0.3229738771915436,0.677026093006134,0.677026093006134,False,FAKE_TO_REAL,16
"The Congressional Budget Office estimates that for every $1 we spend on unemployment benefits, $1.90 is put into our economy.",half-true,FAKE,0,0,FAKE,0.5451259613037109,0.45487403869628906,0.5451259613037109,True,CORRECT,28
"In Syria, we struck a deal where we got 100 percent of the chemical weapons out.",mostly-true,REAL,1,0,FAKE,0.7273722290992737,0.2726277709007263,0.7273722290992737,False,REAL_TO_FAKE,20
On redistricting.,false,FAKE,0,0,FAKE,0.970514178276062,0.029485849663615227,0.970514178276062,True,CORRECT,7
"We had a three-hour debate, no discussion about the national debt, very little about the economy.",mostly-true,REAL,1,0,FAKE,0.9040502309799194,0.09594976902008057,0.9040502309799194,False,REAL_TO_FAKE,23
Obama-Nelson economic record: Job creation ... at slowest post-recession rate since Great Depression.,mostly-true,REAL,1,0,FAKE,0.9862414598464966,0.013758583925664425,0.9862414598464966,False,REAL_TO_FAKE,24
"Says Democrat Hank Gilbert has a criminal conviction for theft, has multiple years of unpaid taxes, has multiple tax liens and fines, unsafe driving convictions (and) has recently been accused of taking a bribe and is on record lying to the press this year about his criminal record.",half-true,FAKE,0,0,FAKE,0.8325315713882446,0.16746842861175537,0.8325315713882446,True,CORRECT,57
"The Trans-Pacific Partnership was designed for China to come in, as they always do, through the back door and totally take advantage of everyone.",pants-fire,FAKE,0,0,FAKE,0.9067652821540833,0.09323468059301376,0.9067652821540833,True,CORRECT,31
More women are graduating from college now than men.,true,REAL,1,0,FAKE,0.6976627111434937,0.30233725905418396,0.6976627111434937,False,REAL_TO_FAKE,12
"We have 41,000 people right now on the waitlist for financial-based assistance for our tech colleges and universities, most of them for tech schools.",mostly-true,REAL,1,1,REAL,0.08832266926765442,0.9116773009300232,0.9116773009300232,True,CORRECT,33
Were taxing our small businesses now at rates higher than corporations.,barely-true,FAKE,0,0,FAKE,0.988013505935669,0.011986523866653442,0.988013505935669,True,CORRECT,15
"Says the stimulus bill sent tax credits overseas, such as half a billion to an electric car company that created hundreds of jobs in Finland.",false,FAKE,0,0,FAKE,0.9651317000389099,0.03486833721399307,0.9651317000389099,True,CORRECT,29
Health insurance companies' costs are only 4 percent of all health care spending.,true,REAL,1,1,REAL,0.12994256615638733,0.8700574040412903,0.8700574040412903,True,CORRECT,17
Says Donald Trump once suggested that he would try to negotiate down the national debt.,mostly-true,REAL,1,1,REAL,0.13195966184139252,0.8680403232574463,0.8680403232574463,True,CORRECT,18
"Says DonaldTrump got, you know, $1.8 billion worth of free media. I got, like, none.",mostly-true,REAL,1,1,REAL,0.10696730762720108,0.8930326700210571,0.8930326700210571,True,CORRECT,28
"When I withdrew in June of 2008, polls were showing that at least 40 percent of my supporters said, oh, they werent going to support Sen. Obama.",mostly-true,REAL,1,0,FAKE,0.6869368553161621,0.3130631148815155,0.6869368553161621,False,REAL_TO_FAKE,35
Says Larry Taylor gave in-state tuition to illegal immigrants.,pants-fire,FAKE,0,0,FAKE,0.8025579452514648,0.19744202494621277,0.8025579452514648,True,CORRECT,14
"After the attack on a U.S. diplomatic mission in Benghazi,Libya,the ambassadors body was dragged through the street.",false,FAKE,0,0,FAKE,0.9767838716506958,0.023216187953948975,0.9767838716506958,True,CORRECT,29
The increase in the current state budget was greater than the inflation rate and the rate of population growth in Georgia.,half-true,FAKE,0,1,REAL,0.11600679904222488,0.8839932680130005,0.8839932680130005,False,FAKE_TO_REAL,24
Six thousand people have sought addiction treatment through expanded Medicaid.,false,FAKE,0,1,REAL,0.0411452017724514,0.9588547348976135,0.9588547348976135,False,FAKE_TO_REAL,15
"When students leave our high schools and they go to the community college, 70-75 percent of them have to pay to take remedial math.",mostly-true,REAL,1,0,FAKE,0.8493198156356812,0.15068010985851288,0.8493198156356812,False,REAL_TO_FAKE,32
"Of those 850,000 (new Texas) jobs, most were public-sector jobs and minimum-wage jobs.",barely-true,FAKE,0,1,REAL,0.15064948797225952,0.8493505120277405,0.8493505120277405,False,FAKE_TO_REAL,25
It is a fact that it costs more to run the schools in August.,barely-true,FAKE,0,0,FAKE,0.8722331523895264,0.12776686251163483,0.8722331523895264,True,CORRECT,17
The problem with raising tax rates on the wealthiest Americans is that more than half of them are small business owners.,false,FAKE,0,1,REAL,0.09563232958316803,0.9043676853179932,0.9043676853179932,False,FAKE_TO_REAL,24
"Franklin Roosevelt never allocated more than 12 percent of GDP to federal spending, while the percentage for Barack Obama is not projected to drop below 22.8 percent.",barely-true,FAKE,0,0,FAKE,0.8762326240539551,0.12376737594604492,0.8762326240539551,True,CORRECT,33
Fifty-seven of Rubios 100 ideas ultimately became law.,half-true,FAKE,0,0,FAKE,0.8095660209655762,0.19043399393558502,0.8095660209655762,True,CORRECT,14
"Ninety-six percent of failing schools are spending above $8,400, the average annual per student expenditure, and 26 percent spend considerably more than that.",half-true,FAKE,0,0,FAKE,0.8285144567489624,0.1714855134487152,0.8285144567489624,True,CORRECT,33
About 78 to 81 House Democrats are members of the Communist Party. ... Its called the Congressional Progressive Caucus.,pants-fire,FAKE,0,1,REAL,0.0393243171274662,0.9606757164001465,0.9606757164001465,False,FAKE_TO_REAL,25
"Military spending cuts, known as the sequester, were President Barack Obamas idea.",half-true,FAKE,0,0,FAKE,0.9561535120010376,0.04384646564722061,0.9561535120010376,True,CORRECT,20
"George Bush, and a Republican Congress, have presided over a 55 percent increase in the size of domestic government spending in the last seven years.",mostly-true,REAL,1,1,REAL,0.32776138186454773,0.6722385883331299,0.6722385883331299,True,CORRECT,30
Clinton aides admit it (a gas tax holiday) won't do much for you but would help her politically.,barely-true,FAKE,0,0,FAKE,0.7459703087806702,0.25402960181236267,0.7459703087806702,True,CORRECT,26
Bill McCollum backed Jim Greers effort to hide financial irregularities.,false,FAKE,0,0,FAKE,0.9661273956298828,0.033872563391923904,0.9661273956298828,True,CORRECT,16
"First, he was in favor of my plan, now he's attacking it.",mostly-true,REAL,1,0,FAKE,0.9790592193603516,0.020940743386745453,0.9790592193603516,False,REAL_TO_FAKE,19
Creflo Dollar needed a $65 million Gulfstream G650 to carry thousands of pounds of food and other supplies -- as well as the Word of God -- worldwide.,pants-fire,FAKE,0,0,FAKE,0.7085334658622742,0.291466623544693,0.7085334658622742,True,CORRECT,39
Halliburton gave Dick Cheney a $34 million payout when he left the company to join the presidential ticket.,true,REAL,1,1,REAL,0.38258591294288635,0.6174139976501465,0.6174139976501465,True,CORRECT,26
All Aboard Florida is a 100 percent private venture. There is no state money involved.,barely-true,FAKE,0,0,FAKE,0.9443562626838684,0.05564376711845398,0.9443562626838684,True,CORRECT,19
Fox News is banned in Canada because it violatesa law thatprevents news channels from lying to their viewers.,pants-fire,FAKE,0,0,FAKE,0.7747020721435547,0.2252979576587677,0.7747020721435547,True,CORRECT,25
On ending stop and frisk,half-true,FAKE,0,0,FAKE,0.7484498620033264,0.2515501081943512,0.7484498620033264,True,CORRECT,8
Says under President Barack Obama theres been the lowest discretionary spending weve had in decades in the United States.,false,FAKE,0,0,FAKE,0.9845528602600098,0.015447095967829227,0.9845528602600098,True,CORRECT,25
"In one year, (President Obama) provided $90 billion in breaks to the green energy world into solar and wind, to Solyndra and Fisker and Tesla and Ener1.",false,FAKE,0,0,FAKE,0.9552988409996033,0.04470115527510643,0.9552988409996033,True,CORRECT,40
"Says that 98,184 Texans are now driving with temporary drivers licenses lacking their photos.",half-true,FAKE,0,0,FAKE,0.8516095876693726,0.14839044213294983,0.8516095876693726,True,CORRECT,19
Youve been tremendously deceived by people who say the Earth is not flat.,pants-fire,FAKE,0,0,FAKE,0.9438722729682922,0.05612779036164284,0.9438722729682922,True,CORRECT,20
Jennifer Carrolls an outsider.,half-true,FAKE,0,0,FAKE,0.9941734671592712,0.005826573818922043,0.9941734671592712,True,CORRECT,8
Hedge fund managers pay less in taxes than nurses and truck drivers.,false,FAKE,0,0,FAKE,0.7011368870735168,0.29886308312416077,0.7011368870735168,True,CORRECT,15
Says President Barack Obamas approval rating gained 3 points in the last couple months.,mostly-true,REAL,1,0,FAKE,0.9451626539230347,0.05483733490109444,0.9451626539230347,False,REAL_TO_FAKE,18
"In the city of Milwaukee, weve still got a mayor and a police chief who are furloughing police officers at a time when we have violence all across the city.",mostly-true,REAL,1,0,FAKE,0.9379851818084717,0.06201476976275444,0.9379851818084717,False,REAL_TO_FAKE,38
A proposal to reduce the deficit involved large tax cuts for the top bracket.,half-true,FAKE,0,1,REAL,0.2179427146911621,0.7820573449134827,0.7820573449134827,False,FAKE_TO_REAL,17
Says Mitch McConnell voted two times against the Violence Against Women Act.,half-true,FAKE,0,1,REAL,0.09784441441297531,0.9021555781364441,0.9021555781364441,False,FAKE_TO_REAL,15
"His new running mate, Congressman Ryan, put forward a plan that would let Governor Romney pay less than 1 percent in taxes each year.",mostly-true,REAL,1,0,FAKE,0.73837810754776,0.26162189245224,0.73837810754776,False,REAL_TO_FAKE,29
Wisconsin law says all recall petition signers must sign in the presence of another person.,false,FAKE,0,1,REAL,0.19073957204818726,0.8092604875564575,0.8092604875564575,False,FAKE_TO_REAL,19
"In early voting in Miami-Dade County, there is a trickle of two or three people a day at a very high cost to keep those public libraries and polls open.",false,FAKE,0,0,FAKE,0.8065164089202881,0.19348357617855072,0.8065164089202881,True,CORRECT,36
I never lobbied under any circumstance for Freddie Mac.,half-true,FAKE,0,0,FAKE,0.9316160082817078,0.06838397681713104,0.9316160082817078,True,CORRECT,12
"Says Mitt Romneys housing policy is, Dont try and stop the foreclosure process. Let it run its course and hit the bottom.",half-true,FAKE,0,0,FAKE,0.6999731659889221,0.3000268340110779,0.6999731659889221,True,CORRECT,33
"In just a few years in office, Sen. Obama has accumulated the most liberal voting record in the Senate.",barely-true,FAKE,0,1,REAL,0.33887729048728943,0.661122739315033,0.661122739315033,False,FAKE_TO_REAL,24
"Whether the Amendment passes or not, the medical use of marijuana is a federal criminal offense.",true,REAL,1,1,REAL,0.4455132484436035,0.5544867515563965,0.5544867515563965,True,CORRECT,20
Jules Bailey was instrumental in creating the Business Energy Tax Credit that let companies like Wal-Mart profit by $11 million while costing the Oregon general fund $33 million.,pants-fire,FAKE,0,0,FAKE,0.9367177486419678,0.06328228861093521,0.9367177486419678,True,CORRECT,35
"Based on current trends, 15.5 million girls will be married in the next 16 years as children.",half-true,FAKE,0,1,REAL,0.09509524703025818,0.9049047231674194,0.9049047231674194,False,FAKE_TO_REAL,23
"New Mexico was 46th in teacher pay (when he was elected), now we're 29th.",mostly-true,REAL,1,1,REAL,0.3664509356021881,0.6335490942001343,0.6335490942001343,True,CORRECT,22
"The big Wall Street banks, the big corporations give many times more political donations to Democrats than Republicans.",false,FAKE,0,0,FAKE,0.7080158591270447,0.2919841706752777,0.7080158591270447,True,CORRECT,22
David Perdue has never voted in a Republican primary until his name was on the ballot.,false,FAKE,0,1,REAL,0.4087299406528473,0.5912700891494751,0.5912700891494751,False,FAKE_TO_REAL,20
"If you don't count illegal aliens, people who qualify for other insurance, and people who make more than $75,000 a year, it leaves about 15 million people who are uninsured.",half-true,FAKE,0,1,REAL,0.031207861378788948,0.9687920808792114,0.9687920808792114,False,FAKE_TO_REAL,43
The War in Afghanistan is officially the longest war Americans have ever been asked to endure.,true,REAL,1,0,FAKE,0.6233221888542175,0.37667784094810486,0.6233221888542175,False,REAL_TO_FAKE,19
Says JimRenacci has consistently voted for loopholes that encourage outsourcing of our jobs.,half-true,FAKE,0,1,REAL,0.24820107221603394,0.7517988681793213,0.7517988681793213,False,FAKE_TO_REAL,22
Says in Texas its legal to shoot someone whos committing a public nuisance under the cover of dark.,false,FAKE,0,0,FAKE,0.6324095726013184,0.3675904870033264,0.6324095726013184,True,CORRECT,23
"A small business receiving a federal tax credit ""to provide health care for its employees ... would be barred under the Stupak Amendment from allowing their employees to use ... the health care that they offer them for abortion.""",barely-true,FAKE,0,1,REAL,0.36571529507637024,0.6342846751213074,0.6342846751213074,False,FAKE_TO_REAL,50
Individuals and small businesses will be hit by increases in health insurance premiums as high as 39 percent.,mostly-true,REAL,1,0,FAKE,0.9771122336387634,0.022887837141752243,0.9771122336387634,False,REAL_TO_FAKE,22
Says Barack Obamas comments indicate he believes in redistribution of wealth.,mostly-true,REAL,1,0,FAKE,0.8261442184448242,0.1738557666540146,0.8261442184448242,False,REAL_TO_FAKE,15
"Says of the 2,000 Portland households in the year-long (composting) pilot, 87 percent of participants reported being satisfied with the overall system.",half-true,FAKE,0,0,FAKE,0.6453933715820312,0.35460665822029114,0.6453933715820312,True,CORRECT,34
Says Oregon state employees received a catch-up pay raise in 1981 -- just two years after they agreed not to take a raise in exchange for a retirement benefit.,false,FAKE,0,0,FAKE,0.7640522122383118,0.23594777286052704,0.7640522122383118,True,CORRECT,35
"Here in Pennsylvania, the annual cost for infant childcare is over $10,000 per child, which is more than most families pay in rent and almost the same cost as in-state college tuition.",mostly-true,REAL,1,1,REAL,0.019113369286060333,0.9808866381645203,0.9808866381645203,True,CORRECT,43
"All of Texas is conservative, except a little bit of Austin.",false,FAKE,0,0,FAKE,0.8816315531730652,0.11836838722229004,0.8816315531730652,True,CORRECT,15
"Under this tax cut, middle-class families dont save enough for a weeks worth of groceries, while millionaires save enough to go on an exotic vacation.",true,REAL,1,1,REAL,0.1247631162405014,0.8752368688583374,0.8752368688583374,True,CORRECT,34
The poverty rate amongst women is the worst its been in 17 years and the extreme poverty rate is the worst its ever been.,true,REAL,1,1,REAL,0.1724037379026413,0.8275963068008423,0.8275963068008423,True,CORRECT,27
Says the word Dhimmitude is on page 107 of the health care law and means Muslims are specifically exempted from the government mandate to purchase insurance.,pants-fire,FAKE,0,0,FAKE,0.9053921699523926,0.09460779279470444,0.9053921699523926,True,CORRECT,33
"Scientists have shown us (that) the greater possibilities, the real science movement, has been with adult stem cell research. It has not been with embryonic.",false,FAKE,0,0,FAKE,0.9173790812492371,0.08262090384960175,0.9173790812492371,True,CORRECT,34
On the National Animal Identification System.,half-true,FAKE,0,0,FAKE,0.9711779952049255,0.02882198989391327,0.9711779952049255,True,CORRECT,9
Elorza wants to teach our public school children about the non-existence of God.,pants-fire,FAKE,0,0,FAKE,0.9476402401924133,0.052359722554683685,0.9476402401924133,True,CORRECT,20
Donald Trump says that NATO is obsolete and that we need to get rid of NATO...,barely-true,FAKE,0,1,REAL,0.08776330947875977,0.9122366309165955,0.9122366309165955,False,FAKE_TO_REAL,21
On implementing a sales tax.,false,FAKE,0,0,FAKE,0.9787322282791138,0.021267740055918694,0.9787322282791138,True,CORRECT,8
"A few weeks ago, (the) education committee in Congress is deciding whats going to be in your local salad bar.",false,FAKE,0,0,FAKE,0.9735211730003357,0.026478787884116173,0.9735211730003357,True,CORRECT,27
Ninety percent of the people in Arkansas still love Bill Clinton.,half-true,FAKE,0,0,FAKE,0.9582844972610474,0.041715431958436966,0.9582844972610474,True,CORRECT,14
The problem of unwanted sexual contacts in the military is not just a womans issue. More than half of the victims are men.,mostly-true,REAL,1,0,FAKE,0.9353482127189636,0.0646517276763916,0.9353482127189636,False,REAL_TO_FAKE,28
Says a study shows that children who live with a biological parent and the parents boyfriend or girlfriend have a 20 times greater chance of being sexually abused.,true,REAL,1,0,FAKE,0.9287723898887634,0.07122766226530075,0.9287723898887634,False,REAL_TO_FAKE,31
"A proposed regional transportation tax will last a minimum of 10 years, and has been approved to last longer.",false,FAKE,0,1,REAL,0.1570475697517395,0.8429524302482605,0.8429524302482605,False,FAKE_TO_REAL,23
Says our 12 month job increase was the sixth highest in the nation.,half-true,FAKE,0,1,REAL,0.4132947325706482,0.5867052674293518,0.5867052674293518,False,FAKE_TO_REAL,16
Warren Buffett called (Jeff) Greenes scheme financial weapons of mass destruction.,false,FAKE,0,0,FAKE,0.7703568339347839,0.22964322566986084,0.7703568339347839,True,CORRECT,18
"Its not true that since hes been the president, executions in Iran have increased by four times.",false,FAKE,0,0,FAKE,0.9242134690284729,0.0757865384221077,0.9242134690284729,True,CORRECT,22
"Says I am happy to decline PERS so that the County can save over $68,000 over a four year term that would have been paid on my behalf.",half-true,FAKE,0,1,REAL,0.12106336653232574,0.8789365887641907,0.8789365887641907,False,FAKE_TO_REAL,35
Says Chris Dudley thinks Oregons minimum wage is too high.,half-true,FAKE,0,1,REAL,0.43715882301330566,0.5628412365913391,0.5628412365913391,False,FAKE_TO_REAL,14
Over half the people on disability are either anxious or their back hurts.,false,FAKE,0,1,REAL,0.06466404348611832,0.9353359341621399,0.9353359341621399,False,FAKE_TO_REAL,16
The Democrats in the Senate and some members of Congress defended what Fannie and Freddie were doing. They resisted any change.,half-true,FAKE,0,0,FAKE,0.7834759950637817,0.21652397513389587,0.7834759950637817,True,CORRECT,26
"Today California is kicking our butt, creating more jobs and more economic growth than Texas.",true,REAL,1,0,FAKE,0.9081838130950928,0.09181614965200424,0.9081838130950928,False,REAL_TO_FAKE,19
Says Gov. Mike Pence and Rep. Mike Coffman take the same positions on a number of things... Coffman and Pence oppose equal rights for LGBT Americans.,barely-true,FAKE,0,1,REAL,0.26871320605278015,0.7312867641448975,0.7312867641448975,False,FAKE_TO_REAL,40
"All of Floridas four-year state colleges now offer bachelors degrees for only $10,000.",barely-true,FAKE,0,1,REAL,0.16792219877243042,0.8320778012275696,0.8320778012275696,False,FAKE_TO_REAL,23
One of every two Wisconsin residents are on some kind of government handout.,false,FAKE,0,0,FAKE,0.9081119894981384,0.09188798069953918,0.9081119894981384,True,CORRECT,17
"A new ruling by the EPA would force dairy farmers to comply with the Spill Prevention, Control and Countermeasure Program when dealing with spilt milk -- the same regulations oil and natural gas producers must follow.",false,FAKE,0,0,FAKE,0.7018265128135681,0.2981734871864319,0.7018265128135681,True,CORRECT,46
"Last year, we had zero percent growth in GDP in Virginia ...The only states that did worse than us were Alaska and Mississippi.",true,REAL,1,1,REAL,0.15936557948589325,0.8406343460083008,0.8406343460083008,True,CORRECT,30
"In the U.S. Constitution, theres a little section in there that talks about life, liberty and the pursuit of happiness.",false,FAKE,0,0,FAKE,0.712548553943634,0.28745144605636597,0.712548553943634,True,CORRECT,29
"In 1990, the U.S. led the world in the percentage of 25-34 year olds with college degrees. Today we are in 12th place.",mostly-true,REAL,1,1,REAL,0.10872025042772293,0.8912796974182129,0.8912796974182129,True,CORRECT,33
I have something in common with my husband. He never carried caucuses either. He lost all of the ones that I've lost.,mostly-true,REAL,1,0,FAKE,0.8966230750083923,0.10337690263986588,0.8966230750083923,False,REAL_TO_FAKE,30
"Your tax dollars are not being used to sue you, the people.",false,FAKE,0,0,FAKE,0.9849839806556702,0.01501605287194252,0.9849839806556702,True,CORRECT,16
"Federal, state and local governments have subsidized the production of the Volt to the tune of estimates between $50,000 and $250,000 per vehicle sold.",half-true,FAKE,0,1,REAL,0.21388156712055206,0.7861183881759644,0.7861183881759644,False,FAKE_TO_REAL,38
"In Cobb County, every meeting opened with a prayer. The ACLU objected. Sued ... [Sam] Olens took on the ACLU and won!",half-true,FAKE,0,0,FAKE,0.7479572296142578,0.2520427405834198,0.7479572296142578,True,CORRECT,35
Felony crimes in the city of Atlanta are the lowest they have been since 1969.,true,REAL,1,1,REAL,0.02713329717516899,0.9728666543960571,0.9728666543960571,True,CORRECT,18
Both the Democratic and Republican candidates for president in 2016 are quite unpopular.,true,REAL,1,0,FAKE,0.9446291327476501,0.05537091940641403,0.9446291327476501,False,REAL_TO_FAKE,16
Republicans are attempting to remove Barack Obama from Georgias Presidential Ballot in 2012.,half-true,FAKE,0,0,FAKE,0.9873658418655396,0.012634189799427986,0.9873658418655396,True,CORRECT,17
"Says Hillary Clinton takes tens of millions of dollars from countries that hate women, that disrespect women, that throw gays off of buildings.",barely-true,FAKE,0,0,FAKE,0.9851855635643005,0.014814386144280434,0.9851855635643005,True,CORRECT,33
Says he came to the Republican Party sooner in age than Ronald Reagan.,true,REAL,1,1,REAL,0.18573082983493805,0.8142692446708679,0.8142692446708679,True,CORRECT,16
Voter turnout for some groups in the 2008 presidential general election in Georgia was far greater than it should have been demographically.,mostly-true,REAL,1,1,REAL,0.13004912436008453,0.8699508309364319,0.8699508309364319,True,CORRECT,26
"Fluoride in the water, that was originally done by the Nazis!",pants-fire,FAKE,0,0,FAKE,0.9633237719535828,0.03667616844177246,0.9633237719535828,True,CORRECT,17
He was a member of the Iraq Study Group and was either fired or quit from a very important commission that was trying to figure out the way forward in Iraq.,true,REAL,1,0,FAKE,0.7149891257286072,0.28501084446907043,0.7149891257286072,False,REAL_TO_FAKE,34
"If an individual is determined to commit suicide, the availability of a gun is not a factor because they will find a way.",barely-true,FAKE,0,0,FAKE,0.9554325342178345,0.04456740990281105,0.9554325342178345,True,CORRECT,27
"Presidents Hoover, Truman and Eisenhower collectively ordered the deportation of at least 15 million illegal aliens.",false,FAKE,0,0,FAKE,0.7884442210197449,0.21155579388141632,0.7884442210197449,True,CORRECT,20
"The total number of dollars that passes through the Department of Development is like $900 million and like $650 (million) of it has nothing to do with development, which is breathtaking when you think about it.",half-true,FAKE,0,0,FAKE,0.8119058012962341,0.18809419870376587,0.8119058012962341,True,CORRECT,45
"Medicare only has about 50 percent of it paid for by either premiums or payroll taxes, and the rest is deficit spending ... or debt spending.",half-true,FAKE,0,1,REAL,0.13986103236675262,0.8601388931274414,0.8601388931274414,False,FAKE_TO_REAL,33
"In the 2014 election, 80 percentofpoor people did not vote.",mostly-true,REAL,1,0,FAKE,0.529405951499939,0.4705940783023834,0.529405951499939,False,REAL_TO_FAKE,17
Says the Nike bill is not a tax break ... this does not lower the taxes that Nike will pay nor does it prevent the Legislature from raising those taxes in the future.,mostly-true,REAL,1,0,FAKE,0.5687053203582764,0.43129464983940125,0.5687053203582764,False,REAL_TO_FAKE,38
"Thanks to the Trans-Pacific Partnership, Vietnam is drafting and presenting unprecedented labor reforms, changing their Constitution to recognize worker organizations in Vietnam for the first time.",half-true,FAKE,0,0,FAKE,0.8066022992134094,0.19339776039123535,0.8066022992134094,True,CORRECT,33
"As state treasurer, Alexi Giannoulias lost $73 million in our kids college savings.",half-true,FAKE,0,0,FAKE,0.562862753868103,0.43713727593421936,0.562862753868103,True,CORRECT,23
District 22 includes about 80% of the district I have represented since 2010. District 20 includes about 20% of the area I have represented since 2010.,half-true,FAKE,0,1,REAL,0.06002848222851753,0.9399715662002563,0.9399715662002563,False,FAKE_TO_REAL,32
We now work the longest hours of any people around the world.,false,FAKE,0,1,REAL,0.4241543412208557,0.5758456587791443,0.5758456587791443,False,FAKE_TO_REAL,15
"When lenders foreclose on homes, they typically suffer losses that exceed 30 percent of the value of the home.",mostly-true,REAL,1,1,REAL,0.20081083476543427,0.7991892099380493,0.7991892099380493,True,CORRECT,26
The policy of the Bush administration was also not to add new nuclear capabilities.,half-true,FAKE,0,0,FAKE,0.875243067741394,0.12475691735744476,0.875243067741394,True,CORRECT,17
"We haven't built a refinery, I think, in 30 years.",barely-true,FAKE,0,1,REAL,0.15079036355018616,0.8492096066474915,0.8492096066474915,False,FAKE_TO_REAL,17
"In the state legislature, I supported Second Amendment rights.",mostly-true,REAL,1,1,REAL,0.09813599288463593,0.9018640518188477,0.9018640518188477,True,CORRECT,13
"Says the health care reform bill was paid for, in part, by taking money from students and the student loan system.",half-true,FAKE,0,0,FAKE,0.8411148190498352,0.1588851511478424,0.8411148190498352,True,CORRECT,26
The Republican National Convention is a Super Bowl times four.,false,FAKE,0,1,REAL,0.026941291987895966,0.9730587601661682,0.9730587601661682,False,FAKE_TO_REAL,13
"John McCain ""has threatened extinction for North Korea and sung songs about bombing Iran.""",half-true,FAKE,0,1,REAL,0.13904620707035065,0.8609538078308105,0.8609538078308105,False,FAKE_TO_REAL,19
Says more Republicans than Democrats voted for the Wall Street bailouts.,false,FAKE,0,0,FAKE,0.9130716919898987,0.0869283378124237,0.9130716919898987,True,CORRECT,15
Says a prank phone call caused 400 children to be taken from their parents... without warrant.,half-true,FAKE,0,0,FAKE,0.9798653721809387,0.020134620368480682,0.9798653721809387,True,CORRECT,22
A bill that could restrict free speech when the president is nearby was signed by President Barack Obama in secret.,pants-fire,FAKE,0,0,FAKE,0.9767513275146484,0.0232487041503191,0.9767513275146484,True,CORRECT,23
Californias Prop 55 prevents $4 billion in new cuts to our schools.,barely-true,FAKE,0,0,FAKE,0.9891651272773743,0.010834918357431889,0.9891651272773743,True,CORRECT,17
"George Allen voted for budgets that increased the national debt by $16,400 for every second he served in the U.S. Senate.",true,REAL,1,1,REAL,0.099512979388237,0.9004870653152466,0.9004870653152466,True,CORRECT,30
"This town (Wilmington, Ohio) hasnt taken any money from the government. They dont want any money from the government.",pants-fire,FAKE,0,0,FAKE,0.974811315536499,0.02518869936466217,0.974811315536499,True,CORRECT,28
"We were not, I repeat, were not told that waterboarding or any of these other enhanced interrogation methods were used.",false,FAKE,0,0,FAKE,0.8632134199142456,0.13678652048110962,0.8632134199142456,True,CORRECT,26
22 Countries Invaded by the U.S. in 20 Years.,false,FAKE,0,1,REAL,0.053905073553323746,0.9460948705673218,0.9460948705673218,False,FAKE_TO_REAL,15
Sixteen [federal] programs exist to fight homelessness and some of them are duplicative.,mostly-true,REAL,1,1,REAL,0.2998151481151581,0.7001848220825195,0.7001848220825195,True,CORRECT,21
The U.S. Constitution is the oldest written constitution still in use today among nations.,true,REAL,1,1,REAL,0.17151351273059845,0.8284865021705627,0.8284865021705627,True,CORRECT,20
Says U.S. Senate opponent Tommy Thompson favors raising taxes on small businesses.,barely-true,FAKE,0,1,REAL,0.4538145065307617,0.5461854338645935,0.5461854338645935,False,FAKE_TO_REAL,18
Republicans offered Wisconsin bar patrons free shots (of alcohol) to sign recall petitions against Democrats.,barely-true,FAKE,0,0,FAKE,0.9231030941009521,0.07689690589904785,0.9231030941009521,True,CORRECT,20
Says Donald Trumpsfoundation took money other people gave to his charity and then bought a six-foot-tall painting of himself.,true,REAL,1,1,REAL,0.3338853418827057,0.6661146283149719,0.6661146283149719,True,CORRECT,29
The Democrat-led Senate has failed to pass a budget for 750 days ... Senate Democrats have neglected one of their most basic responsibilities.,half-true,FAKE,0,0,FAKE,0.9598326086997986,0.04016733169555664,0.9598326086997986,True,CORRECT,30
On Common Core.,false,FAKE,0,0,FAKE,0.9825136065483093,0.017486415803432465,0.9825136065483093,True,CORRECT,6
Says Ron Johnson helped companies ship jobs overseas.,false,FAKE,0,0,FAKE,0.9595616459846497,0.040438368916511536,0.9595616459846497,True,CORRECT,11
Florida Democrats just voted to impose Sharia law on women.,pants-fire,FAKE,0,0,FAKE,0.9866151809692383,0.013384735211730003,0.9866151809692383,True,CORRECT,14
Says opponent Beto ORourke wants to legalize drugs.,half-true,FAKE,0,0,FAKE,0.9770845770835876,0.022915493696928024,0.9770845770835876,True,CORRECT,15
Says Bill Clinton opposes President Barack Obamas plan to raise taxes on wealthy Americans.,false,FAKE,0,0,FAKE,0.8342804908752441,0.16571947932243347,0.8342804908752441,True,CORRECT,18
Ninety-seven percent of Americans do not receive subsidies for health care under the Affordable Care Act.,true,REAL,1,0,FAKE,0.9167782664299011,0.08322175592184067,0.9167782664299011,False,REAL_TO_FAKE,21
Our economy is not growing.,false,FAKE,0,0,FAKE,0.9840136170387268,0.01598641835153103,0.9840136170387268,True,CORRECT,8
It doesn't make sense to me to send $1-billion a day out of our country. We can be energy independent and should be.,half-true,FAKE,0,0,FAKE,0.7604823708534241,0.23951762914657593,0.7604823708534241,True,CORRECT,32
Says Scott Walkers plan to replace Obamacare is a new entitlement program for every single American human being from the time they are born right up until they grow old and become eligible for Medicare.,half-true,FAKE,0,0,FAKE,0.9886491298675537,0.011350835673511028,0.9886491298675537,True,CORRECT,41
Says state Senate candidate Monk Elmer voted to exceed the (school district property tax) spending caps.,pants-fire,FAKE,0,1,REAL,0.17387616634368896,0.8261238932609558,0.8261238932609558,False,FAKE_TO_REAL,21
"For at least a year now, I have called for two additional brigades, perhaps three.",true,REAL,1,1,REAL,0.4151090085506439,0.5848909616470337,0.5848909616470337,True,CORRECT,20
Says Hillary Clinton wants to go to a single-payer plan for health care,false,FAKE,0,0,FAKE,0.9649078845977783,0.03509214147925377,0.9649078845977783,True,CORRECT,18
Foreign aid is less than 1 percent of our federal budget.,true,REAL,1,1,REAL,0.028067706152796745,0.9719323515892029,0.9719323515892029,True,CORRECT,14
Pay-as-you-go is the principle that helped transform large deficits into surpluses in the 1990s.,half-true,FAKE,0,0,FAKE,0.9387226700782776,0.06127726659178734,0.9387226700782776,True,CORRECT,25
"Obama has ""visited more countries and met with more world leaders than any president in his first six months in office.""",true,REAL,1,1,REAL,0.2713971436023712,0.7286027669906616,0.7286027669906616,True,CORRECT,26
"Says Texas has so few gas-pump inspectors in the field, the HEBs of this state, the Brookshires of this state, theyre calibrating their own gas pumps. The (Texas Department of Agriculture) just sends them the stickers and they calibrate them.",false,FAKE,0,1,REAL,0.4241008758544922,0.5758991241455078,0.5758991241455078,False,FAKE_TO_REAL,60
"We have empowered state insurance commissioners to review the rate hikes that are taking place in states. And in some states like North Carolina, they have already used it and rolled back premium increases by 25 percent.",mostly-true,REAL,1,0,FAKE,0.8473524451255798,0.1526474952697754,0.8473524451255798,False,REAL_TO_FAKE,43
Says a rather extraordinary amount of non-classroom employees were added by Texas school districts over the last decade.,mostly-true,REAL,1,1,REAL,0.4641004502773285,0.5358995795249939,0.5358995795249939,True,CORRECT,23
"A mortgage buyback plan is ""my proposal, it's not Sen. Obama's proposal, it's not President Bush's proposal.""",mostly-true,REAL,1,0,FAKE,0.9200947880744934,0.07990526407957077,0.9200947880744934,False,REAL_TO_FAKE,34
The permission to engage was given before the word RPG was ever used.,half-true,FAKE,0,0,FAKE,0.5958429574966431,0.40415701270103455,0.5958429574966431,True,CORRECT,16
Senator Obama has voted 94 times to either increase your taxes or against tax cuts.,false,FAKE,0,1,REAL,0.22750690579414368,0.7724931240081787,0.7724931240081787,False,FAKE_TO_REAL,18
Lorain is the poorest urban school district in the state of Ohio.,false,FAKE,0,1,REAL,0.0717618316411972,0.9282381534576416,0.9282381534576416,False,FAKE_TO_REAL,17
The Senate health care bill does not contain limits on medical malpractice lawsuits.,true,REAL,1,1,REAL,0.07528425008058548,0.9247157573699951,0.9247157573699951,True,CORRECT,19
Narragansett Bay waters are getting warmer -- 4 degrees Fahrenheit warmer in the winter since the 1960s.,half-true,FAKE,0,1,REAL,0.032872408628463745,0.9671275615692139,0.9671275615692139,False,FAKE_TO_REAL,27
"Says Barack Obama has the legal authority to let in really however many refugees he wants, from whatever country.",half-true,FAKE,0,0,FAKE,0.9520776867866516,0.047922324389219284,0.9520776867866516,True,CORRECT,23
"Of all cities in the United States with more than 100,000 people, Providence is the 183rd safest.",mostly-true,REAL,1,0,FAKE,0.5544432401657104,0.4455567002296448,0.5544432401657104,False,REAL_TO_FAKE,25
"In Japan, executives of failing companies say 'I'm sorry' and then either do one of two things: resign or go commit suicide.",half-true,FAKE,0,0,FAKE,0.8836930990219116,0.11630690842866898,0.8836930990219116,True,CORRECT,31
Says President Barack Obama said that American exceptionalism is no more exceptional than the exceptionalism of any other country.,false,FAKE,0,0,FAKE,0.5516566634178162,0.44834327697753906,0.5516566634178162,True,CORRECT,24
Says Barack Obamas favorability rating in Israel once clocked in at 4 percent.,barely-true,FAKE,0,0,FAKE,0.9314746260643005,0.06852534413337708,0.9314746260643005,True,CORRECT,19
"Says Donald Trump proposes to deport 16 million people, 11 million who are here without documents, and both Donald Trump and Mike Pence want to get rid of birthright citizenship.",half-true,FAKE,0,0,FAKE,0.7063751816749573,0.29362475872039795,0.7063751816749573,True,CORRECT,38
Says U.S. House candidate Carlos Curbelo opposes the repeal of Obamacare.,barely-true,FAKE,0,0,FAKE,0.8166654109954834,0.18333464860916138,0.8166654109954834,True,CORRECT,19
"Says, Statistics indicate that one in eight children, and one in 18 adults in Oregon suffers from mental illness.",mostly-true,REAL,1,1,REAL,0.19107724726200104,0.8089227080345154,0.8089227080345154,True,CORRECT,24
One in five American households have nobody under the same roof thats got a job.,half-true,FAKE,0,1,REAL,0.021573100239038467,0.9784269332885742,0.9784269332885742,False,FAKE_TO_REAL,19
"George Bush ... used a signing statement (on a FEMA bill) to say, 'I don't have to follow that, unless I choose to.'",true,REAL,1,1,REAL,0.2922934293746948,0.70770663022995,0.70770663022995,True,CORRECT,37
Obamas mid-term approval ratings are similar to other presidents who went on to re-election.,half-true,FAKE,0,0,FAKE,0.6318640112876892,0.3681359887123108,0.6318640112876892,True,CORRECT,22
I saved the taxpayers $2-billion on a bogus Air Force Boeing tanker deal where people went to jail.,true,REAL,1,0,FAKE,0.8856473565101624,0.11435266584157944,0.8856473565101624,False,REAL_TO_FAKE,25
Says the fluoride Austin is putting in its drinking water is toxic waste.,false,FAKE,0,0,FAKE,0.9699720144271851,0.03002801351249218,0.9699720144271851,True,CORRECT,18
The new light bulbs will cost roughly six times the cost of the light bulbs we now use.,barely-true,FAKE,0,0,FAKE,0.6684842109680176,0.33151575922966003,0.6684842109680176,True,CORRECT,21
Only three in 10 young Americans under 30 -- 30 percent under 30 -- have full-time work.,half-true,FAKE,0,1,REAL,0.3640475273132324,0.6359524130821228,0.6359524130821228,False,FAKE_TO_REAL,24
Emory University students were provided counseling after someone wrote Trump 2016 in chalk on campus.,barely-true,FAKE,0,0,FAKE,0.8906984925270081,0.10930157452821732,0.8906984925270081,True,CORRECT,18
"Through the Clinton Foundation, the Clintons are now worth in excess of $100 million.",barely-true,FAKE,0,0,FAKE,0.9439814686775208,0.05601856857538223,0.9439814686775208,True,CORRECT,20
The U.S. Supreme Court struck down Wisconsins photo ID election law,false,FAKE,0,0,FAKE,0.5466497540473938,0.453350305557251,0.5466497540473938,True,CORRECT,17
"A telephone company will no longer have to provide landline service to customers if there is an alternative provider, including wireless.",true,REAL,1,0,FAKE,0.511888325214386,0.4881117045879364,0.511888325214386,False,REAL_TO_FAKE,26
The people of Tiverton have historically supported [gambling measures] at a rate higher than the rest of the state.,true,REAL,1,1,REAL,0.1426784247159958,0.8573216199874878,0.8573216199874878,True,CORRECT,26
We know how to stop AIDS: persuade men not to have sex with men.,pants-fire,FAKE,0,0,FAKE,0.9842494130134583,0.015750641003251076,0.9842494130134583,True,CORRECT,18
Democrats in Congress had control since January of 2007. They haven't passed a law making waterboarding illegal. They haven't gone into any of these things and changed law.,barely-true,FAKE,0,0,FAKE,0.8015691041946411,0.19843091070652008,0.8015691041946411,True,CORRECT,38
Alexander Hamilton was an immigration hawk.,half-true,FAKE,0,0,FAKE,0.9795881509780884,0.0204119011759758,0.9795881509780884,True,CORRECT,9
And weve constantly been the lowest unemployed county in the state.,false,FAKE,0,1,REAL,0.1520998626947403,0.8479000926017761,0.8479000926017761,False,FAKE_TO_REAL,15
The federal government can tell General Motors what to charge for its automobiles.,false,FAKE,0,0,FAKE,0.87604159116745,0.12395844608545303,0.87604159116745,True,CORRECT,16
A few weeks ago Obama took Hamas and Iran OFF the terror list.,false,FAKE,0,0,FAKE,0.988261878490448,0.011738143861293793,0.988261878490448,True,CORRECT,16
"Once a woman enters into the sex trade, her average life expectancy is seven years.",false,FAKE,0,0,FAKE,0.5717418789863586,0.42825812101364136,0.5717418789863586,True,CORRECT,20
"Says Congresswoman Loretta Sanchez has passed one bill in her 20 years in Congress, and that was to rename a post office.",half-true,FAKE,0,0,FAKE,0.93025141954422,0.06974862515926361,0.93025141954422,True,CORRECT,28
"Under the House Republican budget, if these cuts were to be spread out evenly the year after next, nearly 10 million college students would see their financial aid cut by an average of more than $1,000 each.",half-true,FAKE,0,1,REAL,0.16050085425376892,0.8394991755485535,0.8394991755485535,False,FAKE_TO_REAL,45
The Electric Reliability Council of Texas (ERCOT) has estimated that the Obama administrations Power Plan will cause energy costs in Texas to rise as much as 16 percent per year.,false,FAKE,0,0,FAKE,0.9875845313072205,0.012415545992553234,0.9875845313072205,True,CORRECT,36
John Boozman supports privatizing Social Security,barely-true,FAKE,0,0,FAKE,0.9858577251434326,0.01414225809276104,0.9858577251434326,True,CORRECT,11
Slot machines in Miami-Dade and Broward counties have generated 20 percent of the promised $500 million per year for schools.,mostly-true,REAL,1,1,REAL,0.4180348217487335,0.5819652080535889,0.5819652080535889,True,CORRECT,27
Jebs policies in Florida helped lead to its almost total collapse.,barely-true,FAKE,0,0,FAKE,0.8310019969940186,0.16899800300598145,0.8310019969940186,True,CORRECT,15
"We are almost halfway to our goal of 1,000 rapes prosecuted!",true,REAL,1,0,FAKE,0.8213661909103394,0.17863376438617706,0.8213661909103394,False,REAL_TO_FAKE,17
"One in every five families in the state of New Jersey has a loved one with a mental illness, a serious mental illness, and today, we dont care.",true,REAL,1,0,FAKE,0.9509819746017456,0.04901806265115738,0.9509819746017456,False,REAL_TO_FAKE,35
"Says kids who start in the ninth grade in the city of Newark this past September, 23 percent of them will graduate in four years.",pants-fire,FAKE,0,0,FAKE,0.9583809971809387,0.04161907359957695,0.9583809971809387,True,CORRECT,29
"Says that, unlike the U.S. Senate, even the Libyan government, in the middle of a civil war, passed a budget on June 15, 2011",half-true,FAKE,0,0,FAKE,0.8377015590667725,0.16229835152626038,0.8377015590667725,True,CORRECT,34
"The nonpartisan CBO, Congressional Budget Office, has said that the No. 1 policy decision that brought us to the need to prevent the nation from defaulting on our debt for the first time in history were the Bush tax cuts in 2001 and 2003.",half-true,FAKE,0,1,REAL,0.3597522974014282,0.6402477025985718,0.6402477025985718,False,FAKE_TO_REAL,53
"When Rick Scott was deposed in lawsuits about his company, he took the Fifth 75 times.",mostly-true,REAL,1,1,REAL,0.11405529826879501,0.885944664478302,0.885944664478302,True,CORRECT,20
"Vern Buchanan. His old business was caught illegally funneling over $60,000 in campaign donations to Buchanan to influence his election.",mostly-true,REAL,1,0,FAKE,0.9616950154304504,0.03830496221780777,0.9616950154304504,False,REAL_TO_FAKE,29
"Says McCain was a ""Hanoi Hilton songbird"" who collaborated with the enemy.",pants-fire,FAKE,0,0,FAKE,0.6598435044288635,0.3401564061641693,0.6598435044288635,True,CORRECT,18
"Were spending less money today, in upcoming fiscal year 2014 than the Corzine-Buono budget spent in fiscal year 2008.",mostly-true,REAL,1,1,REAL,0.07280931621789932,0.9271907210350037,0.9271907210350037,True,CORRECT,28
"In New Mexico, Democratic gubernatorial candidate Diane Denish spent federal stimulus funds on campaign Christmas cards.",half-true,FAKE,0,0,FAKE,0.8658628463745117,0.13413719832897186,0.8658628463745117,True,CORRECT,21
House Republicans are ramming through legislation ... to classify pizza as a vegetable for the purpose of school lunches.,half-true,FAKE,0,0,FAKE,0.8940978050231934,0.10590223222970963,0.8940978050231934,True,CORRECT,26
Wendy Davis legal work is currently under FBI investigation.,barely-true,FAKE,0,0,FAKE,0.981619119644165,0.018380822613835335,0.981619119644165,True,CORRECT,12
On whether hes had a relationship with Vladimir Putin.,false,FAKE,0,0,FAKE,0.9847853183746338,0.015214748680591583,0.9847853183746338,True,CORRECT,13
Says Gov. Chris Christies poll ratings have been going up.,false,FAKE,0,0,FAKE,0.8661543726921082,0.13384565711021423,0.8661543726921082,True,CORRECT,15
The United States is the only developed country in the world that has not cut its corporate tax rate.,half-true,FAKE,0,1,REAL,0.06260422617197037,0.9373958110809326,0.9373958110809326,False,FAKE_TO_REAL,22
I committed to public financing; (Obama) committed to public financing.,mostly-true,REAL,1,0,FAKE,0.7380343675613403,0.2619656026363373,0.7380343675613403,False,REAL_TO_FAKE,16
Says Donald Trump wants to replace Obamacare with a single-payer system.,half-true,FAKE,0,1,REAL,0.4830293655395508,0.5169705748558044,0.5169705748558044,False,FAKE_TO_REAL,18
"The U.S. energy policy is to ""borrow money from China to buy oil from countries that don't like us.""",half-true,FAKE,0,0,FAKE,0.9746711850166321,0.025328755378723145,0.9746711850166321,True,CORRECT,29
All private healthcare plans must conform to government rules to participate in a Healthcare Exchange.,true,REAL,1,0,FAKE,0.7051076292991638,0.2948923110961914,0.7051076292991638,False,REAL_TO_FAKE,18
On debating.,false,FAKE,0,0,FAKE,0.9671097993850708,0.03289024531841278,0.9671097993850708,True,CORRECT,5
"Obama supports ""teaching schoolchildren in 2nd grade, no less about homosexual relationships.""",barely-true,FAKE,0,0,FAKE,0.959273099899292,0.04072690010070801,0.959273099899292,True,CORRECT,20
"Atlanta Mayor Kasim Reed became a city resident in the last annexation, opening the door to his candidacy.",mostly-true,REAL,1,0,FAKE,0.9815921783447266,0.01840786263346672,0.9815921783447266,False,REAL_TO_FAKE,24
"In Pennsylvania, President Barack Obamas policies have increased unemployment 19 percent, led to the loss of 37,900 manufacturing jobs, and left 189,000 more people in poverty.",half-true,FAKE,0,0,FAKE,0.9929022192955017,0.007097779307514429,0.9929022192955017,True,CORRECT,37
Virtually every person across this country has seen premiums going up and up and up due to Obamacare.,false,FAKE,0,0,FAKE,0.980132520198822,0.0198675487190485,0.980132520198822,True,CORRECT,23
Secure Communities has a proven track record of enhancing public safety by focusing on violent offenders and those that pose a threat to our communities and our national security.,half-true,FAKE,0,0,FAKE,0.817876935005188,0.1821230947971344,0.817876935005188,True,CORRECT,32
Every (U.S. Supreme Court) nominee since 1875 has received a nomination hearing.,barely-true,FAKE,0,1,REAL,0.06140774115920067,0.938592255115509,0.938592255115509,False,FAKE_TO_REAL,20
"The 1990s were a time of prosperity. We created more than 22-million new jobs, moved 8-million people out of poverty, and turned our economy around.",true,REAL,1,0,FAKE,0.6541233062744141,0.3458767533302307,0.6541233062744141,False,REAL_TO_FAKE,35
The Affordable Care Act will likely go down as the biggest tax increase in history.,pants-fire,FAKE,0,0,FAKE,0.91463303565979,0.08536700904369354,0.91463303565979,True,CORRECT,18
The unemployment rate is declining faster in Tampa than almost anywhere else.,mostly-true,REAL,1,1,REAL,0.2791300117969513,0.7208699584007263,0.7208699584007263,True,CORRECT,15
"New Jersey loses net, that is minus those who come into the state, 30,000 students a year.",true,REAL,1,1,REAL,0.029275938868522644,0.9707240462303162,0.9707240462303162,True,CORRECT,24
All the talk about socialism during the campaign made young people more interested in it by Election Day.,false,FAKE,0,0,FAKE,0.8662139177322388,0.13378602266311646,0.8662139177322388,True,CORRECT,21
Ive done more impeachments than anybody else in the history of the country.,true,REAL,1,1,REAL,0.16611696779727936,0.8338830471038818,0.8338830471038818,True,CORRECT,20
"Says Marco Rubio believes the earth is 9,000 years old and that humans hunted dinosaurs to extinction; says Rand Paul believes the earth is 10,000 years old and God removed dinosaurs to make space for humans.",pants-fire,FAKE,0,0,FAKE,0.9419066309928894,0.058093346655368805,0.9419066309928894,True,CORRECT,45
The Affordable Care Act basically puts a penalty or a tax on employers for every new job they create.,half-true,FAKE,0,0,FAKE,0.8564241528511047,0.1435757726430893,0.8564241528511047,True,CORRECT,22
"In Texas, we created over 1 million new jobs while the rest of the nation lost over 2 million.",half-true,FAKE,0,0,FAKE,0.8394405245780945,0.16055946052074432,0.8394405245780945,True,CORRECT,23
Women have come through the recession worse off than men the numbers bear that out. We went from a 7 percent unemployment rate for women when he (President Barack Obama) was elected to an 8.1 percent now.,mostly-true,REAL,1,0,FAKE,0.9844741821289062,0.015525810420513153,0.9844741821289062,False,REAL_TO_FAKE,45
"The fact of the matter is that my colleague from New York, Senator Clinton, there are 50 percent of the American public that say they're not going to vote for her.",mostly-true,REAL,1,1,REAL,0.30982890725135803,0.6901711225509644,0.6901711225509644,True,CORRECT,38
A $250 fine if youre caught with a plastic bag coming out of a store. Plastic bag police anyone?,false,FAKE,0,0,FAKE,0.960425853729248,0.03957419842481613,0.960425853729248,True,CORRECT,25
"In countries where there are higher, more strict gun laws, there is more gun violence.",false,FAKE,0,0,FAKE,0.8640778064727783,0.13592222332954407,0.8640778064727783,True,CORRECT,20
Says he never wanted to raise the debt ceiling.,barely-true,FAKE,0,1,REAL,0.3908501863479614,0.6091498732566833,0.6091498732566833,False,FAKE_TO_REAL,12
"Thanks to (North Carolinas) governor and the legislature, the average teachersalary can barely support a family.",barely-true,FAKE,0,0,FAKE,0.9269254803657532,0.07307451218366623,0.9269254803657532,True,CORRECT,25
There never really was a Hastert Rule.,half-true,FAKE,0,0,FAKE,0.7373657822608948,0.26263415813446045,0.7373657822608948,True,CORRECT,11
Says Donald Trump wants to undo marriage equality.,true,REAL,1,1,REAL,0.452380895614624,0.547619104385376,0.547619104385376,True,CORRECT,11
It has been over 80 years since a lame-duck president appointed a Supreme Court justice.,barely-true,FAKE,0,0,FAKE,0.6941347122192383,0.3058652877807617,0.6941347122192383,True,CORRECT,20
Says Rick Santorum opposes right-to-work,half-true,FAKE,0,0,FAKE,0.5886460542678833,0.4113539755344391,0.5886460542678833,True,CORRECT,12
"In 1981, Matagorda, Brazoria, and Galveston Counties all opted out of the Social Security program for their employees. Today, their program is very, very well-funded and there is no question about whether its going to be funded in years to come.",mostly-true,REAL,1,0,FAKE,0.5835027098655701,0.41649726033210754,0.5835027098655701,False,REAL_TO_FAKE,56
Virginia ranked near the bottom of the nation 50 years ago in per capita income but is in the top 10 today. It had a very low rate of higher education attainment but is now above the national average.,half-true,FAKE,0,1,REAL,0.04076676815748215,0.959233283996582,0.959233283996582,False,FAKE_TO_REAL,44
Says (Clinton) called President Assad a reformer. She called Assad a different kind of leader.,half-true,FAKE,0,1,REAL,0.34326815605163574,0.6567318439483643,0.6567318439483643,False,FAKE_TO_REAL,23
"As a state rep, I was considered the fourth-most conservative in the Legislature.	states	rick-green			republican	0	1	1	0	0	a speech
2552.json	mostly-true	Rand Paul wants us to pay $2,000 just to get Medicare.	health-care,medicare,message-machine	jack-conway	Kentucky Attorney General	Kentucky	democrat	0	1	0	2	0	a campaign commercial
9353.json	mostly-true	Says Hillary Clinton opposed an individual mandate and favored an employer mandate back in 1993.	health-care,public-health	bobby-jindal	Governor of Louisiana	Louisiana	republican	0	1	4	4	0	an op-ed for Politico Magazine
9577.json	mostly-true	There are more than 46 million Americans living in poverty today -- the largest number in 54 years.	medicaid,poverty	kirk-cox	House majority leader	Virginia	republican	0	0	0	1	0	a speech.
4318.json	half-true	Since I introduced my budget -- first budget -- in March of 2010, weve created 50,000 new private-sector jobs for the people of this state.	jobs,state-budget	chris-christie	Governor of New Jersey	New Jersey	republican	10	17	27	19	8	a news conference in Belmar 
9864.json	mostly-true	Scott Walker cut school funding more per student than any governor in America.	children,education,message-machine-2014,state-budget,states,taxes	greater-wisconsin-political-fund		Wisconsin	none	3	3	3	1	1	a TV ad
8243.json	true	Says he would be first CPA to serve as Texas comptroller.	state-finances	raul-torres	Accountant, politician	Texas	republican	0	0	0	0	0	a campaign video
13500.json	mostly-true	On Donald Trumps plan to cut federal funding to sanctuary cities, because of a decision by the Supreme Court, no presidents in a position to cut off funding across the board. It has to be very specific to the matter at hand.	city-budget,county-budget,federal-budget,homeland-security,immigration,state-budget	bill-de-blasio	New York City Mayor	New York	democrat	1	0	0	1	0	a WNYC interview
9854.json	false	Thomas Jefferson said, That government is best which governs the least, because its people discipline themselves.	elections	jody-hice			republican	0	1	0	0	0	a Facebook post
7737.json	barely-true	Proposed gun control legislation will outlaw practically every firearm, make you pay $100 per firearm, put you into a police database and make it nearly impossible to get a permit to carry a concealed weapon.	crime,criminal-justice,government-regulation,guns,market-regulation	ed-doyle	administrator, Rhode Island chapter, Gun Rights Across America.	Rhode Island	activist	1	0	0	0	0	a news release and Facebook post
12293.json	barely-true	Says Donald Trump thinks a grown man pretending to be a woman (should) be allowed to use the womens restroom.	candidates-biography,corrections-and-updates,gays-and-lesbians,campaign-advertising	ted-cruz	Senator	Texas	republican	36	33	15	19	8	an attack ad
457.json	half-true	McCain has voted repeatedly at least six times against funding for global HIV/AIDS, malaria and TB fund, once as one of only 14 senators.""",half-true,FAKE,0,1,REAL,0.26203998923301697,0.7379599809646606,0.7379599809646606,False,FAKE_TO_REAL,128
"The Border Patrol has 20,000 agents more than twice as many as there were in 2004.",true,REAL,1,1,REAL,0.10880348086357117,0.8911964893341064,0.8911964893341064,True,CORRECT,21
The fact is that red light cameras change driver behavior and cut down on the most dangerous types of accidents.,half-true,FAKE,0,0,FAKE,0.9210580587387085,0.07894197851419449,0.9210580587387085,True,CORRECT,23
"Under (Rick Perrys) watch as governor, over six million Texans have no health care coverage, including one million children, homeowners suffer from the highest insurance rates in the country, and college tuition has skyrocketed 136 percent.",half-true,FAKE,0,0,FAKE,0.8143311142921448,0.18566887080669403,0.8143311142921448,True,CORRECT,51
Georgias HOPE scholarship is still the richest scholarship program in America.,half-true,FAKE,0,1,REAL,0.07506704330444336,0.9249329566955566,0.9249329566955566,False,FAKE_TO_REAL,15
Abortions account for 94 percent of the services provided for pregnant women by Planned Parenthood.,false,FAKE,0,0,FAKE,0.9836421012878418,0.016357848420739174,0.9836421012878418,True,CORRECT,20
"While (Charlie Crist) was governor, utility costs went up 30 percent and went from below the national average to above the national average. Since I got elected, utility rates have come down 11 percent and now we are below the average.",false,FAKE,0,0,FAKE,0.7469218969345093,0.2530781626701355,0.7469218969345093,True,CORRECT,50
"Bernie Sanders opposesthe Trans-Pacific Partnership, and Hillary Clinton supportsit.",mostly-true,REAL,1,1,REAL,0.2273276001214981,0.7726724147796631,0.7726724147796631,True,CORRECT,17
On supporting right to work legislation in 2015,false,FAKE,0,0,FAKE,0.9521222114562988,0.04787784442305565,0.9521222114562988,True,CORRECT,10
Says the success of his economic agenda is supported by the fact we went from unemployment at 9.2 percent when I decided to run for governor four years ago to two points lower.,barely-true,FAKE,0,0,FAKE,0.9097051024436951,0.09029494225978851,0.9097051024436951,True,CORRECT,38
"In the Patient Protection and Affordable Care Act, it was the Democrats who cut $500 billion from Medicare. And they also put in place the Independent Payment Advisory Board, 15 unelected bureaucrats, which will be making decisions about health care for our seniors and for all Americans.",barely-true,FAKE,0,0,FAKE,0.9892400503158569,0.010759958997368813,0.9892400503158569,True,CORRECT,58
Were trailing every other state in the Midwest in terms of job creation since January of 2011.,half-true,FAKE,0,1,REAL,0.08096335083246231,0.9190366268157959,0.9190366268157959,False,FAKE_TO_REAL,20
"POTUS economists: Stimulus Has Cost $278,000 per job.",false,FAKE,0,0,FAKE,0.986201822757721,0.01379820704460144,0.986201822757721,True,CORRECT,16
The education tax burden for Shelby County -- and Tennessee -- is one of the lowest in the country.,mostly-true,REAL,1,1,REAL,0.023953605443239212,0.9760463833808899,0.9760463833808899,True,CORRECT,24
"Says Donald Trumps conversion to pro-life beliefs are akin to Justin Biebers, who said in the past that abortion was no big deal to him.",false,FAKE,0,0,FAKE,0.6891953945159912,0.310804545879364,0.6891953945159912,True,CORRECT,34
"By the time I left the State Department, economic growth was up and opium production was down in Afghanistan, while infant mortality declined and school enrollment rose by more than sevenfold.",mostly-true,REAL,1,0,FAKE,0.7231940627098083,0.27680590748786926,0.7231940627098083,False,REAL_TO_FAKE,37
We have the most productive workers in the world.,mostly-true,REAL,1,0,FAKE,0.9651777744293213,0.034822266548871994,0.9651777744293213,False,REAL_TO_FAKE,12
"Before I was state treasurer, my Rhode Island business helped create over 1,000 jobs.",true,REAL,1,1,REAL,0.3626757264137268,0.637324333190918,0.637324333190918,True,CORRECT,20
Says Bill White profiteered in the aftermath of Hurricane Rita.,false,FAKE,0,0,FAKE,0.9887574315071106,0.011242610402405262,0.9887574315071106,True,CORRECT,15
"Alabamas Crimson Tide will be the underdog in Saturdays game against the Georgia Bulldogs, the first time in 72 consecutive games that Alabama has not been favored by oddsmakers to win.",mostly-true,REAL,1,1,REAL,0.2059488296508789,0.7940512299537659,0.7940512299537659,True,CORRECT,38
"Says Rick Scott took $200,000 in campaign contributions from a company that profited off pollution.",half-true,FAKE,0,0,FAKE,0.5068306922912598,0.49316930770874023,0.5068306922912598,True,CORRECT,22
"In a lawsuit between private citizens, a Florida judge announced the decision was going to be based on Islamic Law.",mostly-true,REAL,1,0,FAKE,0.942512035369873,0.05748795345425606,0.942512035369873,False,REAL_TO_FAKE,24
"Says Democrats raised taxes over 115 times in the past 10 years, making New Jersey increasingly unaffordable and chasing jobs to neighboring states.",half-true,FAKE,0,0,FAKE,0.9842222332954407,0.015777792781591415,0.9842222332954407,True,CORRECT,30
Metro on whether it could use bond money for restoration.,false,FAKE,0,0,FAKE,0.9815736413002014,0.01842636987566948,0.9815736413002014,True,CORRECT,13
Roy Barnes is like Barack Obama because theyre both doing a lot of apologizing.,half-true,FAKE,0,0,FAKE,0.9698309302330017,0.030169101431965828,0.9698309302330017,True,CORRECT,20
Barack Obama thinks terrorists just need a good talking to.,pants-fire,FAKE,0,0,FAKE,0.9663959741592407,0.03360399603843689,0.9663959741592407,True,CORRECT,13
"The Germans, the French, countries that opposed us in the (Iraq) war, all believed (Saddam Hussein) had weapons of mass destruction.",barely-true,FAKE,0,0,FAKE,0.8091249465942383,0.19087497889995575,0.8091249465942383,True,CORRECT,31
The pope and Donald Trump and Tammy Baldwin all agree on eliminating the carried-interest tax break.,half-true,FAKE,0,1,REAL,0.41886407136917114,0.5811359286308289,0.5811359286308289,False,FAKE_TO_REAL,21
Agriculture has always required a significant workforce from abroad.,barely-true,FAKE,0,1,REAL,0.3973114490509033,0.6026886105537415,0.6026886105537415,False,FAKE_TO_REAL,12
"Says Jon Huntsman supports changes in Medicare that would deny guaranteed benefits to 980,000 New Hampshire residents.",half-true,FAKE,0,0,FAKE,0.8059984445571899,0.1940014809370041,0.8059984445571899,True,CORRECT,23
"Across the United States, 25 percent of voting age African Americans do not have the photo ID that this bill would require.",half-true,FAKE,0,0,FAKE,0.5085343718528748,0.49146559834480286,0.5085343718528748,True,CORRECT,26
Says Rick Scott stripped women of access to public health care.,half-true,FAKE,0,0,FAKE,0.9635205864906311,0.036479365080595016,0.9635205864906311,True,CORRECT,14
"A majority of Americans agree with a ban on assault weapons. And by the way, so did Ronald Reagan.",true,REAL,1,1,REAL,0.02769477851688862,0.9723052382469177,0.9723052382469177,True,CORRECT,24
"Only 42 percent of young Georgians have a college certificate or degree, but soon 60 percent of jobs will require some college credential.",true,REAL,1,1,REAL,0.07760987430810928,0.9223901629447937,0.9223901629447937,True,CORRECT,30
Texas has the lowest crime rate in this state since 1968 because of changes in law regarding nonviolent drug offenders.,half-true,FAKE,0,0,FAKE,0.7861411571502686,0.21385887265205383,0.7861411571502686,True,CORRECT,25
Says HJM 20 was the only bill not assigned to a House committee.,false,FAKE,0,1,REAL,0.33639630675315857,0.6636037230491638,0.6636037230491638,False,FAKE_TO_REAL,17
"Says if you try to hide marijuana in a hemp field, it becomes worthless. The THC goes away.",mostly-true,REAL,1,0,FAKE,0.8818700313568115,0.11812993139028549,0.8818700313568115,False,REAL_TO_FAKE,25
The Texas Senate approved a bill to put a special label on the insurance cards of anyone who bought a plan through Obamacare that includes the letter S for subsidy.,barely-true,FAKE,0,0,FAKE,0.9785313606262207,0.021468592807650566,0.9785313606262207,True,CORRECT,34
"Said the year before he took office, the state lost 119,000 private-sector jobs, labeling them Corzine jobs losses of 2009.",half-true,FAKE,0,0,FAKE,0.9673818349838257,0.03261818364262581,0.9673818349838257,True,CORRECT,31
Says the state is required pick up 70 percent of the cost of K-12 education.,barely-true,FAKE,0,0,FAKE,0.6877175569534302,0.3122824728488922,0.6877175569534302,True,CORRECT,20
Theres a loophole where you can sell guns without a background check 40 percent of guns are sold that way at gun shows and over the Internet.,half-true,FAKE,0,1,REAL,0.48794326186180115,0.5120567083358765,0.5120567083358765,False,FAKE_TO_REAL,32
"Illinois suffered 1,652 overdose deaths in 2014 ... of which 40 percent were associated with heroin. Illinois is ranked number one in the nation for a decline in treatment capacity between 2007 and 2012, and is now ranked the third worst in the country for state-funded treatment capacity.",true,REAL,1,1,REAL,0.37062111496925354,0.6293789148330688,0.6293789148330688,True,CORRECT,60
The minimum wage has risen $2.35 in the last two years. Thats 31 percent.,false,FAKE,0,1,REAL,0.42742934823036194,0.5725706815719604,0.5725706815719604,False,FAKE_TO_REAL,22
ColoradoCare would have higher revenues than McDonalds.,mostly-true,REAL,1,0,FAKE,0.7935588359832764,0.20644119381904602,0.7935588359832764,False,REAL_TO_FAKE,12
"Everywhere that we have more citizens carrying guns, crime is less. Theres a study showing that where states have open carry or concealed carry, but particularly open carry, the crime is down 25 percent.",barely-true,FAKE,0,0,FAKE,0.9060159921646118,0.09398399293422699,0.9060159921646118,True,CORRECT,42
"Weve seen 115,000 jobs created in the American auto industry since GM and Chrysler emerged from bankruptcy.",half-true,FAKE,0,1,REAL,0.01586482673883438,0.9841352105140686,0.9841352105140686,False,FAKE_TO_REAL,23
"Bill Nelson voted to confirm Sonia Sotomayor, who signed a Supreme Court opinion saying Americans do not have an individual right to own firearms.",mostly-true,REAL,1,0,FAKE,0.6561446189880371,0.3438553512096405,0.6561446189880371,False,REAL_TO_FAKE,30
"The Stupak Amendment doesnt just say you cant use your federal insurance subsidy to pay for an abortion, it says, if youre getting a federal subsidy of any kind, youre not allowed to buy an insurance plan that covers abortion even with your own money.",barely-true,FAKE,0,0,FAKE,0.8539848923683167,0.14601518213748932,0.8539848923683167,True,CORRECT,57
Says President Barack Obama already passed all these Obamacare taxes. About a dozen of them hit middle-income taxpayers.,barely-true,FAKE,0,0,FAKE,0.9728197455406189,0.027180248871445656,0.9728197455406189,True,CORRECT,25
The music industry is the biggest export from Africa after oil and gas.,false,FAKE,0,1,REAL,0.14849184453487396,0.8515081405639648,0.8515081405639648,False,FAKE_TO_REAL,16
The presidents health care law raids Medicare by more than $500 billion and creates a Medicare rationing board a group of 15 unelected bureaucrats to slow the growth of Medicare spending.,barely-true,FAKE,0,0,FAKE,0.9927362203598022,0.007263785228133202,0.9927362203598022,True,CORRECT,39
Congress used earmarks for more than 200 years.,mostly-true,REAL,1,1,REAL,0.1236078143119812,0.8763921856880188,0.8763921856880188,True,CORRECT,12
Venezuela is a country whose defense budget is probably 1/600th of the United States.,mostly-true,REAL,1,1,REAL,0.046539414674043655,0.9534605741500854,0.9534605741500854,True,CORRECT,20
Senator Obama thinks we can achieve energy independence without more drilling and without more nuclear power.,half-true,FAKE,0,0,FAKE,0.814013659954071,0.18598634004592896,0.814013659954071,True,CORRECT,19
"The average family (is) now bringing home $4,000 less than they did just five years ago.",true,REAL,1,1,REAL,0.044412221759557724,0.9555877447128296,0.9555877447128296,True,CORRECT,24
On the Troubled Asset Relief Program (TARP),true,REAL,1,0,FAKE,0.9668094515800476,0.0331905260682106,0.9668094515800476,False,REAL_TO_FAKE,12
"Leticia Van de Putte opposed putting National Guard troops on the border, would send millions to Central American governments instead and wrote the law giving in-state tuition to illegal immigrants.",half-true,FAKE,0,0,FAKE,0.7747648358345032,0.22523514926433563,0.7747648358345032,True,CORRECT,38
Says there are four super PACs on the Republican side of the Texas U.S. Senate race.,true,REAL,1,1,REAL,0.2293119579553604,0.7706880569458008,0.7706880569458008,True,CORRECT,23
"Unfortunately, since Mr. Fosters been mayor ... there are less people employed in the city of St. Petersburg than there were prior to his taking office.",false,FAKE,0,0,FAKE,0.9698614478111267,0.030138572677969933,0.9698614478111267,True,CORRECT,35
"Says U.S. Rep. Ron Kinds stimulus cost taxpayers $278,000 per job.",false,FAKE,0,0,FAKE,0.9870458841323853,0.01295405998826027,0.9870458841323853,True,CORRECT,21
"When you read the Koran, it talks about dont take Christians and Jews as your friends.",half-true,FAKE,0,0,FAKE,0.9022828936576843,0.0977170541882515,0.9022828936576843,True,CORRECT,22
Dan Patrick called for increasing the gas tax and the state sales tax.,mostly-true,REAL,1,0,FAKE,0.7189648747444153,0.2810351252555847,0.7189648747444153,False,REAL_TO_FAKE,16
Congressman Joe Heck has (voted) 62% of the time with Nancy Pelosi and the Democrats on a variety of important issues.,barely-true,FAKE,0,1,REAL,0.1646662950515747,0.8353337049484253,0.8353337049484253,False,FAKE_TO_REAL,29
"Chile ranks third internationally in economic freedom, while the U.S. ranks 17th.",barely-true,FAKE,0,1,REAL,0.4577171504497528,0.5422828197479248,0.5422828197479248,False,FAKE_TO_REAL,19
"Under the White Houses budget proposal, we will not be adding more to the national debt by the middle of the decade.",false,FAKE,0,0,FAKE,0.97880619764328,0.02119378000497818,0.97880619764328,True,CORRECT,26
Bill McCollum said tax cuts don't work.,barely-true,FAKE,0,1,REAL,0.40852290391921997,0.59147709608078,0.59147709608078,False,FAKE_TO_REAL,14
The tax burden on Virginia families was lower under Tim Kaine than under George Allen.,barely-true,FAKE,0,0,FAKE,0.6561834812164307,0.34381651878356934,0.6561834812164307,True,CORRECT,19
Says CharlieCrist made it easier for Duke to take your money.,false,FAKE,0,0,FAKE,0.6784335374832153,0.32156649231910706,0.6784335374832153,True,CORRECT,16
Says a Barack Obama black imposter joke got a standing ovation at San Angelo rodeo.,barely-true,FAKE,0,0,FAKE,0.9722872972488403,0.02771269716322422,0.9722872972488403,True,CORRECT,21
Already in Wisconsin we have seen fewer people pursuing education as a career due to the Act 10 collective bargaining law.,barely-true,FAKE,0,0,FAKE,0.9741743206977844,0.025825761258602142,0.9741743206977844,True,CORRECT,24
SaysMaggie Hassan was out of state on 30 days over the last three months.,mostly-true,REAL,1,0,FAKE,0.6920422911643982,0.3079576790332794,0.6920422911643982,False,REAL_TO_FAKE,20
Gov. Kasich and the Republican-dominated legislature have foregone the popular option of closing tax loopholes that amount to $7 billion annually in this state.,mostly-true,REAL,1,0,FAKE,0.5737854242324829,0.4262145757675171,0.5737854242324829,False,REAL_TO_FAKE,36
Says his Texas election fraud investigations have resulted in 50 convictions.,half-true,FAKE,0,1,REAL,0.3865281939506531,0.6134718060493469,0.6134718060493469,False,FAKE_TO_REAL,14
Miami-Dade County is the No. 1 donor county in the state.,barely-true,FAKE,0,1,REAL,0.187287837266922,0.8127121925354004,0.8127121925354004,False,FAKE_TO_REAL,17
"We havent had a Republican senator in Washington for ... why, I think Clifford Case was our last Republican senator.",mostly-true,REAL,1,1,REAL,0.36874136328697205,0.6312586665153503,0.6312586665153503,True,CORRECT,27
"Judging by a recent vote, Rep. Debbie Wasserman Schultz thinks its okay for medical marijuana patients to go to federal prison.",barely-true,FAKE,0,0,FAKE,0.9463968276977539,0.053603123873472214,0.9463968276977539,True,CORRECT,28
Federal prosecutions for lying on background checks to buy guns are down 40 percent under President Barack Obama.,half-true,FAKE,0,0,FAKE,0.9441173076629639,0.055882710963487625,0.9441173076629639,True,CORRECT,22
We havent yet taken out a negative ad.,pants-fire,FAKE,0,0,FAKE,0.9896860718727112,0.0103138517588377,0.9896860718727112,True,CORRECT,12
Jane Norton supported the largest tax hike in Colorado history.,half-true,FAKE,0,0,FAKE,0.9189682006835938,0.08103179931640625,0.9189682006835938,True,CORRECT,13
"Here in Florida, Ive slashed government by 10 percent. That's $7 billion.",barely-true,FAKE,0,0,FAKE,0.6701799631118774,0.32982003688812256,0.6701799631118774,True,CORRECT,21
"Over the past year ... our 16 counties have hemorrhaged more than 6,000 jobs with no apparent end in sight.",false,FAKE,0,0,FAKE,0.8808974027633667,0.11910262703895569,0.8808974027633667,True,CORRECT,30
"Since President Barack Obama took office, you have 1,700 employees just at the Department of Transportation earning over $170,000.",false,FAKE,0,1,REAL,0.3459964990615845,0.6540035605430603,0.6540035605430603,False,FAKE_TO_REAL,28
"New Jerseys governor cut $1.6 billion from public education while handing out $2.1 billion in corporate tax breaks, more than the entire previous decade.",mostly-true,REAL,1,0,FAKE,0.6881436109542847,0.31185638904571533,0.6881436109542847,False,REAL_TO_FAKE,34
"Even with recent changes, the average hourly wage at General Motors is still $75 an hour.",false,FAKE,0,1,REAL,0.09608395397663116,0.9039161205291748,0.9039161205291748,False,FAKE_TO_REAL,21
U.S. House opponent Paul Ryan supports cutting funding for veterans by 24 percent.,false,FAKE,0,1,REAL,0.27431780099868774,0.725682258605957,0.725682258605957,False,FAKE_TO_REAL,19
"Since 1970, the Clean Air Act has reduced toxic and health-threatening air pollution by 60 percent while our economy has grown more than 200 percent.",mostly-true,REAL,1,0,FAKE,0.9288357496261597,0.07116422802209854,0.9288357496261597,False,REAL_TO_FAKE,31
Missouri is #1 in the nation for holding down tuition increases at public universities.,mostly-true,REAL,1,1,REAL,0.05473283305764198,0.9452671408653259,0.9452671408653259,True,CORRECT,18
The Milwaukee business community did not speak about the facts -- and in support of train manufacturer Talgo -- as the Milwaukee-Madison rail link was being killed.,true,REAL,1,0,FAKE,0.9122461676597595,0.0877537876367569,0.9122461676597595,False,REAL_TO_FAKE,35
The U.S. representatives that voted to keep militarizing the police received 73 percent more campaign money from the defense industry than the representatives who voted to stop it.,mostly-true,REAL,1,1,REAL,0.17616280913352966,0.8238372206687927,0.8238372206687927,True,CORRECT,37
We have never done business with Donald Trump.,half-true,FAKE,0,0,FAKE,0.9739476442337036,0.02605234645307064,0.9739476442337036,True,CORRECT,11
Sen. McCain says it was not a mistake to vote against the Bush tax cuts ... but now says the tax cuts need to be made permanent.,true,REAL,1,1,REAL,0.4413225054740906,0.5586774349212646,0.5586774349212646,True,CORRECT,33
"During the Reagan era, while productivity increased, ""wages for working people remained frozen.""",mostly-true,REAL,1,1,REAL,0.08644746243953705,0.9135525822639465,0.9135525822639465,True,CORRECT,20
"When you look at the earned income tax credit, it has about a 25 percent fraud rate. Were looking at $20 billion to $30 billion.",half-true,FAKE,0,0,FAKE,0.5799674987792969,0.42003247141838074,0.5799674987792969,True,CORRECT,32
"Unemployment insurance kept more than 620,000 children out of poverty in 2012.",half-true,FAKE,0,0,FAKE,0.7667152285575867,0.23328475654125214,0.7667152285575867,True,CORRECT,17
"170,000 of the jobs created in Texas under Gov. Rick Perry were government jobs.",half-true,FAKE,0,0,FAKE,0.9404608607292175,0.05953911691904068,0.9404608607292175,True,CORRECT,20
Says 97 percent of food stamp benefits are paid in the proper amounts to people who are really eligible.,true,REAL,1,0,FAKE,0.687365710735321,0.31263425946235657,0.687365710735321,False,REAL_TO_FAKE,22
"To this day, (the Cuban government) is a regime that provides safe harbor to terrorists and fugitives.",mostly-true,REAL,1,0,FAKE,0.9160451292991638,0.08395490795373917,0.9160451292991638,False,REAL_TO_FAKE,24
"The Senate has not passed a budget in more than three years, not a good budget, not a bad budget, no budget.",true,REAL,1,1,REAL,0.2795945405960083,0.7204053997993469,0.7204053997993469,True,CORRECT,28
"Congress includes 36 people accused of spousal abuse, 84 arrested for drunk driving in the past year, 71 with terrible creditand more.",pants-fire,FAKE,0,1,REAL,0.3515860140323639,0.6484139561653137,0.6484139561653137,False,FAKE_TO_REAL,30
Says the initial Portland plastic bag ban represented only a modest share of total single-use checkout bag use.,barely-true,FAKE,0,1,REAL,0.2640276253223419,0.7359722852706909,0.7359722852706909,False,FAKE_TO_REAL,24
The Bundy Ranch deal is all about Nevada Sen. Harry Reid using federal violence to take peoples land in his state so he can package it to re-sell it to the Chinese.,pants-fire,FAKE,0,0,FAKE,0.9890912175178528,0.010908866301178932,0.9890912175178528,True,CORRECT,39
There's no evidence anywhere that offshore drilling has hurt tourism in any area where it has been allowed.,false,FAKE,0,0,FAKE,0.7043527364730835,0.2956472337245941,0.7043527364730835,True,CORRECT,23
Says Wisconsin women facing pay discrimination cant do something about it under bill passed by Republicans.,false,FAKE,0,0,FAKE,0.9773892164230347,0.02261076308786869,0.9773892164230347,True,CORRECT,20
"Under the new health care law, if a landscaper wants to buy a new lawnmower, or a restaurant needs a new ice-maker, they have to report that to the feds.",true,REAL,1,0,FAKE,0.8676661252975464,0.13233394920825958,0.8676661252975464,False,REAL_TO_FAKE,42
"Says that President Obama said if Congress passed the economic stimulus bill, we would have unemployment at 8 percent and no higher. And it went higher.",barely-true,FAKE,0,0,FAKE,0.8711469769477844,0.1288529932498932,0.8711469769477844,True,CORRECT,31
Says Charlie Crist implemented Jeb Bushs A+ Plan.,true,REAL,1,0,FAKE,0.9339640140533447,0.06603596359491348,0.9339640140533447,False,REAL_TO_FAKE,15
We have 650 people who move to Texas every day.,true,REAL,1,1,REAL,0.32195982336997986,0.6780402064323425,0.6780402064323425,True,CORRECT,13
"By some estimates, as few as 2 percent of the 50,000 (Central American) children who have crossed the border illegally this year have been sent home.",mostly-true,REAL,1,0,FAKE,0.6786798238754272,0.32132020592689514,0.6786798238754272,False,REAL_TO_FAKE,34
Says city of Portland has a one-time $22 million surplus,half-true,FAKE,0,0,FAKE,0.9518901109695435,0.048109881579875946,0.9518901109695435,True,CORRECT,15
I never gave up custody of my children. I never lost custody of my children.,mostly-true,REAL,1,0,FAKE,0.7918741703033447,0.20812579989433289,0.7918741703033447,False,REAL_TO_FAKE,19
The New England Journal of Medicine released a survey the week that President Obama signed Obamacare stating that over 30 percent of American physicians would leave the profession if the government took over health care.,false,FAKE,0,0,FAKE,0.9793983697891235,0.020601557567715645,0.9793983697891235,True,CORRECT,39
You can buy lobster with food stamps.,true,REAL,1,1,REAL,0.26431843638420105,0.7356815934181213,0.7356815934181213,True,CORRECT,10
I cut more as a percentage out of government than any state in the country this past decade. And where is Michigan in terms of its economic growth? Cutting did not result in economic growth.,mostly-true,REAL,1,0,FAKE,0.8249890804290771,0.17501093447208405,0.8249890804290771,False,REAL_TO_FAKE,40
The Obama administration gave Iran $400 million in ransom payment cash.,barely-true,FAKE,0,0,FAKE,0.8713385462760925,0.12866149842739105,0.8713385462760925,True,CORRECT,15
"I remember one of [Curt Schillings] teammates said he painted his sock, the bloody sock.",false,FAKE,0,1,REAL,0.34111544489860535,0.6588846445083618,0.6588846445083618,False,FAKE_TO_REAL,23
Not one dime gets added to the deficit because of Social Security.,barely-true,FAKE,0,1,REAL,0.11439833045005798,0.8856016993522644,0.8856016993522644,False,FAKE_TO_REAL,15
"The United States of America, right now, has the strongest, most durable economy in the world.",mostly-true,REAL,1,1,REAL,0.06110326573252678,0.9388967752456665,0.9388967752456665,True,CORRECT,22
Canada sets aside 36 percent of their visas for people with skills they think their country needs. We set aside 6 percent.,false,FAKE,0,1,REAL,0.03346312791109085,0.966536819934845,0.966536819934845,False,FAKE_TO_REAL,26
The federal health care law is probably the biggest tax increase ever in the history of our country.,false,FAKE,0,0,FAKE,0.9432664513587952,0.056733570992946625,0.9432664513587952,True,CORRECT,21
"There are 60,000 fewer jobs today in this state than we had in 2008.",half-true,FAKE,0,1,REAL,0.04478760436177254,0.9552123546600342,0.9552123546600342,False,FAKE_TO_REAL,19
On toll roads.,half-true,FAKE,0,0,FAKE,0.9719539284706116,0.02804601937532425,0.9719539284706116,True,CORRECT,6
Says Republicans supported legislation on early voting and in-person voting in 2005.,true,REAL,1,1,REAL,0.1671857088804245,0.8328143358230591,0.8328143358230591,True,CORRECT,17
"Chained CPI would save $1 trillion in the second decade off the federal budget debt, a report shows.",half-true,FAKE,0,1,REAL,0.2503356635570526,0.7496643662452698,0.7496643662452698,False,FAKE_TO_REAL,23
Says Austin is the largest city in America without a congressional district anchored in it.,true,REAL,1,1,REAL,0.12191683799028397,0.8780831694602966,0.8780831694602966,True,CORRECT,18
"A president must ""obtain Congress' consent before formally accepting the Nobel Prize.""",barely-true,FAKE,0,0,FAKE,0.7984644174575806,0.20153556764125824,0.7984644174575806,True,CORRECT,18
"When people enter the service, theres not a mental health evaluation.",true,REAL,1,0,FAKE,0.9770508408546448,0.022949093952775,0.9770508408546448,False,REAL_TO_FAKE,16
"Road congestion costs rush hour drivers in Austin and Dallas more than $1,000 a year. And in Houston, its even more -- almost $1,500 a year.",mostly-true,REAL,1,0,FAKE,0.892901599407196,0.10709836333990097,0.892901599407196,False,REAL_TO_FAKE,38
Theres more murders with hammers last year than...shotguns and pistols and AK-47s.,pants-fire,FAKE,0,1,REAL,0.17927449941635132,0.8207255005836487,0.8207255005836487,False,FAKE_TO_REAL,25
Uses headlines to portray Gov. Rick Perry as beholden to special interests.,mostly-true,REAL,1,0,FAKE,0.9792776703834534,0.020722324028611183,0.9792776703834534,False,REAL_TO_FAKE,17
"Ms. Kagan has spent her entire professional career in Harvard Square, Hyde Park and the D.C. Beltway.",true,REAL,1,0,FAKE,0.6884109377861023,0.3115890324115753,0.6884109377861023,False,REAL_TO_FAKE,27
Her campaign and her supporters in her campaign were the ones that borne out the birther movement.,half-true,FAKE,0,0,FAKE,0.9737802743911743,0.026219703257083893,0.9737802743911743,True,CORRECT,21
"Because of voter fraud, Republican candidates need to do a point or two better to win statewide elections in Wisconsin.",false,FAKE,0,0,FAKE,0.7687100768089294,0.23128993809223175,0.7687100768089294,True,CORRECT,24
Nine million people have lower-cost HIV/AIDS medicine because of the work of the Clinton Foundation and my husband.,true,REAL,1,0,FAKE,0.9839878678321838,0.016012052074074745,0.9839878678321838,False,REAL_TO_FAKE,25
"Chris Christie helped funnel $6 million in federal Hurricane Sandy money to a senior center in Belleville, N.J., a place that suffered no damage.",mostly-true,REAL,1,0,FAKE,0.6827417016029358,0.3172582685947418,0.6827417016029358,False,REAL_TO_FAKE,34
"Massachusetts under Gov. Mitt Romney initially ranked last among states in job growth, but by the end of his governorship, we were in the middle of the pack.",half-true,FAKE,0,0,FAKE,0.6237429976463318,0.3762570023536682,0.6237429976463318,True,CORRECT,36
"The federal budget bill reauthorizes the Overseas Private Investment Corporation, which provides taxpayer dollars so that the Four Seasons hotel can build a resort in Turkey.",mostly-true,REAL,1,0,FAKE,0.5737830996513367,0.4262169301509857,0.5737830996513367,False,REAL_TO_FAKE,33
Says that 9 million to 50 million undocumented immigrants live in the United States.,barely-true,FAKE,0,0,FAKE,0.8879901170730591,0.1120099350810051,0.8879901170730591,True,CORRECT,19
Ohioans want an end to pay-to-play politics.,false,FAKE,0,0,FAKE,0.9571188688278198,0.042881082743406296,0.9571188688278198,True,CORRECT,15
We are the only industrialized nation that doesnt guarantee workers paid family leave.,mostly-true,REAL,1,1,REAL,0.03053171932697296,0.9694682359695435,0.9694682359695435,True,CORRECT,18
"A single mother of two cant qualify for basic healthcare through Medicaid if she makes more than $3,504 dollars a year.",mostly-true,REAL,1,1,REAL,0.25188279151916504,0.748117208480835,0.748117208480835,True,CORRECT,31
General Motors is the largest corporation in the world again.,false,FAKE,0,1,REAL,0.30136868357658386,0.6986312866210938,0.6986312866210938,False,FAKE_TO_REAL,13
"A mailer from the Obama campaign ""accurately indicates"" that Hillary Clinton would ""force uninsured people to buy insurance, even if they can't afford it.""",half-true,FAKE,0,0,FAKE,0.9773918390274048,0.022608168423175812,0.9773918390274048,True,CORRECT,37
Says Ohio Treasurer Josh Mandel supports allowing the United States to default on its obligations.,pants-fire,FAKE,0,0,FAKE,0.6318656802177429,0.3681342899799347,0.6318656802177429,True,CORRECT,19
Says Mitt Romney belittled middle-class tax cuts as nothing more than little Band-Aids.,barely-true,FAKE,0,0,FAKE,0.7516877055168152,0.24831224977970123,0.7516877055168152,True,CORRECT,23
A referendum gives the people the chance to decide on cutting the Milwaukee County Board budget by two-thirds,false,FAKE,0,0,FAKE,0.9724790453910828,0.027520980685949326,0.9724790453910828,True,CORRECT,22
"Even among second and third generation Muslims in the United States, theres no real assimilation.",false,FAKE,0,0,FAKE,0.9740143418312073,0.025985630229115486,0.9740143418312073,True,CORRECT,20
Hackers broke into Virginias prescription-drug database (and) ... obtained more than 8.2 million patient records and a total of nearly 36 million prescriptions.,mostly-true,REAL,1,0,FAKE,0.7213698625564575,0.27863016724586487,0.7213698625564575,False,REAL_TO_FAKE,37
"Says Ted Cruz was just bribed by the Kochs to introduce a bill that would give them and their allies Americas national forests, parks, and other public lands and open them for mining, drilling, fracking and logging.",pants-fire,FAKE,0,0,FAKE,0.9758265614509583,0.024173447862267494,0.9758265614509583,True,CORRECT,47
The (Russian) ruble is already going down.,mostly-true,REAL,1,0,FAKE,0.7122564911842346,0.2877434492111206,0.7122564911842346,False,REAL_TO_FAKE,13
On subsidies for ethanol production.,false,FAKE,0,0,FAKE,0.9564583897590637,0.0435415580868721,0.9564583897590637,True,CORRECT,8
One out of five of our children live in a family thats on food stamps.,true,REAL,1,1,REAL,0.32031962275505066,0.6796804070472717,0.6796804070472717,True,CORRECT,19
"Says she brought together business, labor and hospitals to give 94,000 Oregon children health care.",mostly-true,REAL,1,0,FAKE,0.921976625919342,0.07802340388298035,0.921976625919342,False,REAL_TO_FAKE,21
"According to independent analysis, unfair trade deals have resulted in the loss of over 64,000 jobs in Wisconsin ... But Ron Johnson favors those deals.",half-true,FAKE,0,0,FAKE,0.8777963519096375,0.12220367789268494,0.8777963519096375,True,CORRECT,33
Ohio currently ranks 50th out of all states in income growth.,mostly-true,REAL,1,1,REAL,0.01806982234120369,0.9819301962852478,0.9819301962852478,True,CORRECT,14
We knew Strom Thurmond had proposed the amendment that blocked Puerto Ricos use of Chapter 9 bankruptcy protection.,mostly-true,REAL,1,0,FAKE,0.6520928144454956,0.347907155752182,0.6520928144454956,False,REAL_TO_FAKE,25
"In the four years before I became governor, we increased state debt $5.2 billion. Weve paid it down $2 billion.",half-true,FAKE,0,0,FAKE,0.5385387539863586,0.46146127581596375,0.5385387539863586,True,CORRECT,30
"Says they said it was impossible to balance a budget at the same time, with an $11 billion deficit and we did it.",half-true,FAKE,0,1,REAL,0.36784592270851135,0.6321540474891663,0.6321540474891663,False,FAKE_TO_REAL,28
Says Bruce Starr broke the law by letting lobbyists wine and dine him in Maui.,false,FAKE,0,1,REAL,0.47971296310424805,0.520287036895752,0.520287036895752,False,FAKE_TO_REAL,20
Latina who enthusiastically supported Donald Trump on stage in Las Vegas in October 2015 has been deported.,pants-fire,FAKE,0,0,FAKE,0.9813931584358215,0.018606867641210556,0.9813931584358215,True,CORRECT,21
John McCain is right on that one. The line-item veto is the best tool the president has to rein in excessive spending.,half-true,FAKE,0,1,REAL,0.2639791965484619,0.7360208034515381,0.7360208034515381,False,FAKE_TO_REAL,28
"In 2009, the FBI referred more than 71,000 cases of people failing background checks when trying to buy a gun to another federal agency, but U.S. attorneys ultimately prosecuted only 77 of them.",half-true,FAKE,0,1,REAL,0.16782942414283752,0.8321705460548401,0.8321705460548401,False,FAKE_TO_REAL,43
Says Barack Obama is the first president in modern history not to have a single year of 3 percent growth.,mostly-true,REAL,1,0,FAKE,0.9530158042907715,0.04698425158858299,0.9530158042907715,False,REAL_TO_FAKE,23
Half of all hospitalized seniors are suffering from malnutrition so severe that it either caused their illness or it prevents them from getting better.,barely-true,FAKE,0,1,REAL,0.039608266204595566,0.9603917598724365,0.9603917598724365,False,FAKE_TO_REAL,30
"Under conservative leadership, Congress has reduced the federal deficit by 60 percent nearly $800 billion.",barely-true,FAKE,0,0,FAKE,0.9754658341407776,0.02453424222767353,0.9754658341407776,True,CORRECT,20
Says Patrick Murphy never worked as a CPA and was never a small business owner.,barely-true,FAKE,0,0,FAKE,0.7058562636375427,0.2941437363624573,0.7058562636375427,True,CORRECT,19
"In 2012, Wall Street gave Scott Brown more campaign contributions than any other candidate -- $5.3 million.",mostly-true,REAL,1,1,REAL,0.30908188223838806,0.6909180879592896,0.6909180879592896,True,CORRECT,25
$65 billion would be added to the deficit if we keep the cuts for people on the highest incomes.,mostly-true,REAL,1,0,FAKE,0.7039207816123962,0.296079158782959,0.7039207816123962,False,REAL_TO_FAKE,23
"What I look at every month is how many more New Jerseyans are back to work. You have another 9,900 last month that are back to work and over almost 90,000 that are back to work now since I became governor.",false,FAKE,0,1,REAL,0.07635799795389175,0.9236419796943665,0.9236419796943665,False,FAKE_TO_REAL,50
Says Newt Gingrich co-sponsored a bill with Nancy Pelosi that would have given $60 million a year to a U.N. program supporting Chinas brutal one-child policy.,pants-fire,FAKE,0,0,FAKE,0.7444958686828613,0.25550413131713867,0.7444958686828613,True,CORRECT,42
"Poor people go to a ""payday lender...and they pay 300, 400, 500 percent interest.""",true,REAL,1,0,FAKE,0.8467113375663757,0.15328870713710785,0.8467113375663757,False,REAL_TO_FAKE,27
"Other states have considered or have sunset advisory commissions; the federal government has the ability, too.",mostly-true,REAL,1,1,REAL,0.08044971525669098,0.9195502400398254,0.9195502400398254,True,CORRECT,21
"Under Wisconsin law, anyone who knows anything about a John Doe secret criminal investigation cant talk about it.",half-true,FAKE,0,1,REAL,0.1897837519645691,0.8102162480354309,0.8102162480354309,False,FAKE_TO_REAL,23
... following World War II war crime trials were convened. The Japanese were tried and convicted and hung for war crimes committed against American POWs. Among those charges for which they were convicted was waterboarding.,true,REAL,1,0,FAKE,0.915346086025238,0.08465389907360077,0.915346086025238,False,REAL_TO_FAKE,44
"On the economic crisis, ""the biggest problem in this whole process was the deregulation of the financial system.""",half-true,FAKE,0,0,FAKE,0.9858431220054626,0.014156952500343323,0.9858431220054626,True,CORRECT,26
"Texas high school graduation rate went from 27th in the country in 2002, to second highest in the country in 2013.",barely-true,FAKE,0,1,REAL,0.2453191578388214,0.7546808123588562,0.7546808123588562,False,FAKE_TO_REAL,25
Says the secret John Doe criminal investigation of his campaign has been resolved and two judges have said it is over.,false,FAKE,0,0,FAKE,0.938453197479248,0.061546847224235535,0.938453197479248,True,CORRECT,24
"Obama came into office ""with a $1.3 trillion deficit before I had passed any law. ... We came in with $8 trillion worth of debt over the next decade.""",mostly-true,REAL,1,0,FAKE,0.8562827110290527,0.1437172144651413,0.8562827110290527,False,REAL_TO_FAKE,41
"Says Daniel Webster wants to make divorce illegal, even for abused wives.",half-true,FAKE,0,1,REAL,0.4560936689376831,0.5439063906669617,0.5439063906669617,False,FAKE_TO_REAL,16
"Says Amanda Fritz publicly claimed to be endorsed by NARAL Pro-Choice Oregon, both on her website and in the voters guide.",half-true,FAKE,0,0,FAKE,0.8778243660926819,0.1221756637096405,0.8778243660926819,True,CORRECT,28
"I'll tell you what I can tell this country: If they want a president who doesn't believe in God, there's probably plenty of choices.",false,FAKE,0,1,REAL,0.3329983651638031,0.6670015454292297,0.6670015454292297,False,FAKE_TO_REAL,35
Drinking champagne could help prevent Alzheimers and other forms of dementia.,false,FAKE,0,0,FAKE,0.5796630382537842,0.42033693194389343,0.5796630382537842,True,CORRECT,15
"Because of the health care act, The people who have health care and like it in this county are not going to be able to keep what they have.",barely-true,FAKE,0,0,FAKE,0.7316681146621704,0.2683318555355072,0.7316681146621704,True,CORRECT,33
Ford is moving all of their small-car production to Mexico.,mostly-true,REAL,1,0,FAKE,0.9714771509170532,0.028522886335849762,0.9714771509170532,False,REAL_TO_FAKE,15
"Right now in Georgia, nearly one in three leaving our prisons are re-convicted within three years.",true,REAL,1,1,REAL,0.08389195799827576,0.9161080121994019,0.9161080121994019,True,CORRECT,22
Says Kay Hagan supports waivers for friends of Obama and special treatment for Congress and their staffs.,false,FAKE,0,0,FAKE,0.9649679064750671,0.03503207862377167,0.9649679064750671,True,CORRECT,22
Says shes never said dont build Texas 45 Southwest.,half-true,FAKE,0,0,FAKE,0.9626316428184509,0.03736834228038788,0.9626316428184509,True,CORRECT,14
The Department of Homeland Security is the only federal department not funded for this entire fiscal year by Congress.,true,REAL,1,1,REAL,0.16163577139377594,0.8383642435073853,0.8383642435073853,True,CORRECT,22
"If you are a member of union, your median weekly income is roughly $200 more than if you are a nonunion member, and that doesnt include benefits.",true,REAL,1,0,FAKE,0.8065766096115112,0.19342339038848877,0.8065766096115112,False,REAL_TO_FAKE,36
"For every dollar (in the stimulus package) that is spent to help small businesses, $4 is being spent to help upkeep the grass on the lawns of Washington.",false,FAKE,0,0,FAKE,0.6048079133033752,0.39519205689430237,0.6048079133033752,True,CORRECT,38
"If sea levels rise six feet due to climate change, Waterplace Park in Providence and Wickford village would be swamped",true,REAL,1,0,FAKE,0.9887796640396118,0.01122036948800087,0.9887796640396118,False,REAL_TO_FAKE,28
"Chinese tire imports threatened 1,000 American jobs, so President Obama stood up to China and protected American workers. Mitt Romney attacked Obamas decision.",mostly-true,REAL,1,0,FAKE,0.7191271781921387,0.28087276220321655,0.7191271781921387,False,REAL_TO_FAKE,32
"Says the state of Texas rates as unacceptable almost 500 of the states 8,000 public schools.",true,REAL,1,0,FAKE,0.9880614280700684,0.011938521638512611,0.9880614280700684,False,REAL_TO_FAKE,21
The Wisconsin Economic Development Corporation is a proven job creator.,half-true,FAKE,0,0,FAKE,0.9894384741783142,0.010561546310782433,0.9894384741783142,True,CORRECT,13
Says Dan Patrick proposed Arizona-style show-me-your-papers legislation.,true,REAL,1,0,FAKE,0.5950152277946472,0.40498480200767517,0.5950152277946472,False,REAL_TO_FAKE,18
Our (Texas) graduation rate ranks 43rd out of 50 states.,true,REAL,1,1,REAL,0.27214449644088745,0.7278555631637573,0.7278555631637573,True,CORRECT,15
Says that his transportation budget and Ohio Turnpike plan would make sure we have lower tolls than weve had through the history of the turnpike.,pants-fire,FAKE,0,1,REAL,0.4080558717250824,0.5919440984725952,0.5919440984725952,False,FAKE_TO_REAL,30
The war spending bill actually spends more money on the International Monetary Fund than on the war.,barely-true,FAKE,0,1,REAL,0.29996752738952637,0.7000324726104736,0.7000324726104736,False,FAKE_TO_REAL,20
North Carolina has one of the fastest growing populations as well as the fastest growing economy in the country.,true,REAL,1,1,REAL,0.019819345325231552,0.9801806807518005,0.9801806807518005,True,CORRECT,22
Says Paul Ryans budget relies on the same $700 billion in savings from Medicare that Mitt Romney and other Republicans have been attacking Democrats about.,true,REAL,1,0,FAKE,0.7214379906654358,0.278562068939209,0.7214379906654358,False,REAL_TO_FAKE,31
Says Hillary Clintons State Department blocked investigation into Orlando killers mosque.,false,FAKE,0,0,FAKE,0.97966068983078,0.020339375361800194,0.97966068983078,True,CORRECT,15
The Madison-Milwaukee (high-speed) train line is dead.,false,FAKE,0,0,FAKE,0.7772428393363953,0.22275719046592712,0.7772428393363953,True,CORRECT,16
"In February, John McCain suggested the Bergdahl-Taliban swap that he now calls outrageous and dangerous.",mostly-true,REAL,1,1,REAL,0.4641571044921875,0.5358428359031677,0.5358428359031677,True,CORRECT,23
"Says that in 2011, Oregon had the second fastest growing economy in the nation.",true,REAL,1,1,REAL,0.3827204406261444,0.6172795295715332,0.6172795295715332,True,CORRECT,18
Robert Hurt supported a bill that helped the uranium industry after taking contributions from the industry and because his father had a stake in it.,barely-true,FAKE,0,0,FAKE,0.8202992081642151,0.1797007918357849,0.8202992081642151,True,CORRECT,28
Sherrod Brown supported President Obamas $453 billion tax increase.,barely-true,FAKE,0,0,FAKE,0.8714104294776917,0.12858963012695312,0.8714104294776917,True,CORRECT,17
I never favored cap and trade.,false,FAKE,0,1,REAL,0.49599891901016235,0.5040010809898376,0.5040010809898376,False,FAKE_TO_REAL,9
"The runnerup to Caitlyn Jenner for ESPNs Arthur Ashe Courage Award was Army veteran Noah Galloway, who lost an arm and leg to a roadside bomb in Iraq.",pants-fire,FAKE,0,0,FAKE,0.8978390097618103,0.10216096043586731,0.8978390097618103,True,CORRECT,37
"Every year the state loses 8,000-10,000 acres of land in bear country.",half-true,FAKE,0,1,REAL,0.3267139792442322,0.6732860207557678,0.6732860207557678,False,FAKE_TO_REAL,21
Caution: Kissing and cuddling chickens can be hazardous to your health.,true,REAL,1,0,FAKE,0.7664052844047546,0.23359471559524536,0.7664052844047546,False,REAL_TO_FAKE,16
Says Connie Mack is protecting Chevron oil from a multi-billion dollar lawsuit over pollution of rivers and rainforests.,half-true,FAKE,0,0,FAKE,0.9886485934257507,0.01135147362947464,0.9886485934257507,True,CORRECT,25
Theyre paying a less rate of tax -- these richest people in America -- than they have in the last 80 years.,mostly-true,REAL,1,1,REAL,0.052468739449977875,0.9475312829017639,0.9475312829017639,True,CORRECT,28
The coalition of Arab states against Libyas Moammar Gadhafi is the biggest coalition against a fellow Arab leader since the Persian Gulf War in 1990-1991.,true,REAL,1,0,FAKE,0.9750359654426575,0.02496403641998768,0.9750359654426575,False,REAL_TO_FAKE,35
"The CBO says if we raise the minimum wage the way Charlie (Crist) wants to do it, it would lose 500,000 jobs.",half-true,FAKE,0,0,FAKE,0.9317079186439514,0.06829208135604858,0.9317079186439514,True,CORRECT,32
"The Obama administration is using as its legal justification for these airstrikes (on the Islamic State), an authorization for military force that the president himself has called for repeal of.",mostly-true,REAL,1,0,FAKE,0.9655674695968628,0.03443250432610512,0.9655674695968628,False,REAL_TO_FAKE,38
Florida is enjoying its lowest crime rate in 39 years.,mostly-true,REAL,1,1,REAL,0.04618924483656883,0.9538107514381409,0.9538107514381409,True,CORRECT,13
There has never been a panther attack in the history of Florida.,mostly-true,REAL,1,1,REAL,0.09319013357162476,0.9068098664283752,0.9068098664283752,True,CORRECT,15
"In this judicial race, special interest groups have demanded money from me, in exchange for endorsement and support.",false,FAKE,0,0,FAKE,0.5916847586631775,0.4083152413368225,0.5916847586631775,True,CORRECT,23
"Before Medicare, only 51 percent of Americans 65 and older had health care coverage and nearly 30 percent lived below the poverty line. Today, thanks to Medicare ... nearly all seniors have coverage and 75 percent fewer struggle in poverty.",half-true,FAKE,0,1,REAL,0.37832576036453247,0.6216741800308228,0.6216741800308228,False,FAKE_TO_REAL,48
Says the federal government hosted a conference and ordered 250 muffins at 16 bucks a piece.,barely-true,FAKE,0,0,FAKE,0.6226183772087097,0.3773815929889679,0.6226183772087097,True,CORRECT,21
Says the Simpson-Bowles deficit reduction proposal went from President Barack Obamas desk to the garbage can.,false,FAKE,0,0,FAKE,0.9566126465797424,0.04338737577199936,0.9566126465797424,True,CORRECT,23
"Fifty-six percent decline in overall crime. A 73 percent decline in motor-vehicle theft. A 67 percent decline in robbery. A 66 percent decline in murder. This is way beyond what happened in the nation during this period of time.	crime	rudy-giuliani	Attorney	New York	republican	9	11	10	7	3	New York, N.Y.
5122.json	mostly-true	In 1958, there were 16 states in this country that prohibited -- prohibited -- an African-American and a Caucasian from being married.	civil-rights,gays-and-lesbians,marriage	sheila-oliver	Assemblywoman	New Jersey	democrat	0	1	1	3	0	a news conference
11191.json	true	Says Donald Trump has changed his mind on abortion.	abortion	carly-fiorina		California	republican	5	5	4	3	2	the first Republican presidential debate
10315.json	mostly-true	It has been many years, if ever, since an inmate has completed his or her high school diploma while incarcerated in a state correctional facility for adults.	corrections-and-updates,criminal-justice,public-safety	lc-buster-evans	Assistant Commissioner	Georgia	none	0	0	0	1	0	in a press release
1964.json	mostly-true	Says U.S. Rep. Michael McCaul is the sixth-richest person in Congress.	candidates-biography	ted-ankrum	Retired	Texas	democrat	0	1	0	1	0	a speech
624.json	true	McCain is raising campaign cash with one of (Jack) Abramoff's closest business partners: scandal-plagued conservative activist Ralph Reed.""",true,REAL,1,0,FAKE,0.9310181140899658,0.06898193061351776,0.9310181140899658,False,REAL_TO_FAKE,128
More than 10 years of free trade has brought a $2 billion per day trade deficit.,mostly-true,REAL,1,0,FAKE,0.9638770818710327,0.03612285852432251,0.9638770818710327,False,REAL_TO_FAKE,20
"Says Kurt Schrader voted to cut $500 billion from Medicare, threatening thousands of Oregon seniors and their access to their current coverage.",barely-true,FAKE,0,0,FAKE,0.9807261824607849,0.019273795187473297,0.9807261824607849,True,CORRECT,29
"Believe it or not, consumer spending is up over the last eight months.",true,REAL,1,1,REAL,0.0815848633646965,0.9184151291847229,0.9184151291847229,True,CORRECT,17
"Under Common Core standards, it takes more than a minute to teach a student how to add nine plus six.",half-true,FAKE,0,1,REAL,0.1567729413509369,0.8432270288467407,0.8432270288467407,False,FAKE_TO_REAL,24
Rick Scott says he supported in-state tuition for Dreamers while Charlie Crist was against it.,half-true,FAKE,0,1,REAL,0.2749522030353546,0.7250477075576782,0.7250477075576782,False,FAKE_TO_REAL,22
Black children constitute 18 percent of the nations public school population but 40 percent of the children who are suspended or expelled.,mostly-true,REAL,1,1,REAL,0.34970444440841675,0.6502954959869385,0.6502954959869385,True,CORRECT,25
I opposed TPP (Trans-Pacific Partnership) and have always opposed TPP.,mostly-true,REAL,1,1,REAL,0.1425630897283554,0.8574368953704834,0.8574368953704834,True,CORRECT,19
President Obama and liberal former DNC Chairman Tim Kaines $787 billion stimulus failed to create jobs.,false,FAKE,0,0,FAKE,0.992912232875824,0.007087805774062872,0.992912232875824,True,CORRECT,23
"Says that during his eight years as Florida governor, we created 1.3 million net new jobs -- more jobs created than Texas.",mostly-true,REAL,1,1,REAL,0.3178640305995941,0.6821359395980835,0.6821359395980835,True,CORRECT,29
"Marco Rubio's ""income skyrocketed while his power increased.""",true,REAL,1,0,FAKE,0.8254718780517578,0.1745281219482422,0.8254718780517578,False,REAL_TO_FAKE,19
This ban will only apply to Oregon commercial fishermen. Washington commercial fishermen would still be allowed to use gillnets on the Columbia River.,half-true,FAKE,0,1,REAL,0.2910923957824707,0.7089076042175293,0.7089076042175293,False,FAKE_TO_REAL,28
Says Republican recall challenger Jonathan Steitz failed to pay his taxes.,half-true,FAKE,0,0,FAKE,0.5502956509590149,0.44970428943634033,0.5502956509590149,True,CORRECT,15
"In six years, (U.S. Rep. Gary) Peters introduced zero bills that became law.",barely-true,FAKE,0,0,FAKE,0.9612760543823242,0.03872399404644966,0.9612760543823242,True,CORRECT,23
Measures taken by my administration have saved taxpayers $1 billion.,mostly-true,REAL,1,0,FAKE,0.8468096256256104,0.15319034457206726,0.8468096256256104,False,REAL_TO_FAKE,14
"Says his proposed payroll tax cut will mean an extra $1,500 in your pocket compared to if we do nothing.",true,REAL,1,0,FAKE,0.8244656324386597,0.17553435266017914,0.8244656324386597,False,REAL_TO_FAKE,26
"In last weeks debate, Bernie questioned Hillarys commitment to fighting climate change because a whopping 0.2 percent of the money given to our campaign has come from employees of oil and gas companies. Not even 2 percent, mind you: 0.2 percent.",mostly-true,REAL,1,0,FAKE,0.768215537071228,0.23178444802761078,0.768215537071228,False,REAL_TO_FAKE,54
"A few months ago when you were asked whats the biggest geopolitical threat facing America, you said Russia.",half-true,FAKE,0,0,FAKE,0.7833570837974548,0.21664293110370636,0.7833570837974548,True,CORRECT,25
Says his views on reparations for slavery are the same as Barack Obamas and Hillary Clintons.,mostly-true,REAL,1,0,FAKE,0.86114501953125,0.1388549655675888,0.86114501953125,False,REAL_TO_FAKE,23
Says the National Labor Relations Board told Boeing that it cant build a factory in a non-union state.,false,FAKE,0,0,FAKE,0.9583244919776917,0.041675541549921036,0.9583244919776917,True,CORRECT,24
"Says by rejecting an expansion of Medicaid under the new law, Georgia was depriving 25,000 veterans of health care coverage.",true,REAL,1,0,FAKE,0.5123736262321472,0.4876263737678528,0.5123736262321472,False,REAL_TO_FAKE,30
Says the case of a Texas judge who refused to perform heterosexual weddings exposes a double standard in the case against Kentucky clerk Kim Davis.,false,FAKE,0,0,FAKE,0.9628798365592957,0.03712022677063942,0.9628798365592957,True,CORRECT,29
Obamacare will drive 2.5 million Americans out of the workforce.,barely-true,FAKE,0,0,FAKE,0.99016273021698,0.009837242774665356,0.99016273021698,True,CORRECT,16
"After laying off 30,000 people,Carly Fiorina said that in retrospect, I would have done them all faster.",half-true,FAKE,0,1,REAL,0.36982208490371704,0.630177915096283,0.630177915096283,False,FAKE_TO_REAL,29
Peter Kilmartin voted for the 38 Studios loan guarantee and his State House job was to twist [legislators] arms to vote for deals like this.,barely-true,FAKE,0,0,FAKE,0.8223810791969299,0.17761889100074768,0.8223810791969299,True,CORRECT,33
On Donald Trumps track record in business,false,FAKE,0,0,FAKE,0.9562216997146606,0.04377828910946846,0.9562216997146606,True,CORRECT,10
"Eleven states complete their [legislative] sessions within three calendar months, and another five only meet biennially.",mostly-true,REAL,1,1,REAL,0.018254823982715607,0.981745183467865,0.981745183467865,True,CORRECT,23
"With the exception of baby formula, the federal government does not require any food to carry an expiration date, and state laws vary widely.",true,REAL,1,1,REAL,0.04989442601799965,0.950105607509613,0.950105607509613,True,CORRECT,30
"On my first day in office, I ordered a review of every regulation in the pipeline and every contract exceeding $1 million.",mostly-true,REAL,1,0,FAKE,0.8223830461502075,0.17761698365211487,0.8223830461502075,False,REAL_TO_FAKE,27
The amount of money that we put into running our own state legislature is nearly as much as we put into the University of Rhode Island.,false,FAKE,0,0,FAKE,0.5031982064247131,0.49680182337760925,0.5031982064247131,True,CORRECT,29
Says Sean Duffy was a no-show as Ashland County District Attorney while he was on the campaign trail,barely-true,FAKE,0,0,FAKE,0.9270883798599243,0.0729115828871727,0.9270883798599243,True,CORRECT,22
Beaverton enjoys the most diverse population (by percentage of population) among Oregon cities.,false,FAKE,0,1,REAL,0.20319469273090363,0.7968053221702576,0.7968053221702576,False,FAKE_TO_REAL,19
Evidence shows Zika virus turns fetus brains to liquid.,pants-fire,FAKE,0,0,FAKE,0.9811104536056519,0.018889524042606354,0.9811104536056519,True,CORRECT,14
"Says after leaving the White House, Hillary Clinton was forced to return an estimated $200,000 in White House china, furniture and artwork that she had stolen.",barely-true,FAKE,0,0,FAKE,0.5503103137016296,0.44968968629837036,0.5503103137016296,True,CORRECT,34
Georgia is the Saudi Arabia of pine trees.,barely-true,FAKE,0,0,FAKE,0.9317180514335632,0.06828194111585617,0.9317180514335632,True,CORRECT,11
U.S. Senate candidate Jack Kingston voted for the Cash for Clunkers program.,half-true,FAKE,0,0,FAKE,0.7552922964096069,0.24470770359039307,0.7552922964096069,True,CORRECT,20
"Put simply, less government spending equals more private sector jobs.",half-true,FAKE,0,1,REAL,0.4170474410057068,0.5829525589942932,0.5829525589942932,False,FAKE_TO_REAL,14
I turned a $110 million deficit into a $1.6 million surplus for our city.,barely-true,FAKE,0,0,FAKE,0.9762344360351562,0.02376551926136017,0.9762344360351562,True,CORRECT,21
Seventy percent of Americans dont have a college degree.,true,REAL,1,1,REAL,0.016766393557190895,0.983233630657196,0.983233630657196,True,CORRECT,13
"Under the plan, for the first five years your employer not only has to keep the coverage, but you can't migrate to the public plan.",barely-true,FAKE,0,0,FAKE,0.9209215641021729,0.07907844334840775,0.9209215641021729,True,CORRECT,32
Says the oil industry subsidies that President Barack Obama is attacking dont exist,false,FAKE,0,0,FAKE,0.9892424941062927,0.010757549665868282,0.9892424941062927,True,CORRECT,16
"President Barack Obamas veto of the Keystone XL pipeline killed 42,000 jobs.",half-true,FAKE,0,0,FAKE,0.987847089767456,0.012152870185673237,0.987847089767456,True,CORRECT,18
John McCain decided to stand with George Bush 95 percent of the time (last year).,true,REAL,1,1,REAL,0.047773949801921844,0.9522261023521423,0.9522261023521423,True,CORRECT,20
"Says Bill Pascrell voted to eliminate all estate taxes for billionaires, and I voted no.",barely-true,FAKE,0,1,REAL,0.43317484855651855,0.5668252110481262,0.5668252110481262,False,FAKE_TO_REAL,22
"In Hillary Clintons tax returns, you saw a lot of income coming from donors to the Clinton Foundation and people who benefitted from her State Department term as well.",half-true,FAKE,0,0,FAKE,0.8323869705200195,0.1676129698753357,0.8323869705200195,True,CORRECT,35
"Says that when the Rolling Stones performed in an Austin park, they paid $25,000 to the nearby city of Rollingwood for one night of inconvenience.",true,REAL,1,0,FAKE,0.8184581398963928,0.18154191970825195,0.8184581398963928,False,REAL_TO_FAKE,36
Says the NAACPs Ohio chapter has endorsed Issue 2.,barely-true,FAKE,0,0,FAKE,0.9713174104690552,0.028682556003332138,0.9713174104690552,True,CORRECT,13
Florida led the nation in job creation while Bush was governor.,half-true,FAKE,0,1,REAL,0.4963216483592987,0.5036783218383789,0.5036783218383789,False,FAKE_TO_REAL,14
Says Marco Rubio knows full well I voted for his amendment to increase military spending to $697 billion.,true,REAL,1,1,REAL,0.36248907446861267,0.6375109553337097,0.6375109553337097,True,CORRECT,24
Says Joe Heck voted to shut down the government.,half-true,FAKE,0,0,FAKE,0.9574329257011414,0.04256701096892357,0.9574329257011414,True,CORRECT,12
Oil production is down 14 percent this year on federal land.,half-true,FAKE,0,1,REAL,0.2661513686180115,0.7338486909866333,0.7338486909866333,False,FAKE_TO_REAL,14
"Of the 98 top oxycodone-dispensing doctors who used to live in Florida, today, there are none.",mostly-true,REAL,1,1,REAL,0.049348436295986176,0.9506515264511108,0.9506515264511108,True,CORRECT,30
A white family is likely to have about six times as much wealth than a black or Hispanic family coming out of the recession.,true,REAL,1,1,REAL,0.1627674400806427,0.8372325301170349,0.8372325301170349,True,CORRECT,27
John McCain has changed position on invading Iraq.,barely-true,FAKE,0,0,FAKE,0.9049068689346313,0.09509311616420746,0.9049068689346313,True,CORRECT,11
State employees are actually going to get a pay raise.,false,FAKE,0,0,FAKE,0.9850000143051147,0.014999967068433762,0.9850000143051147,True,CORRECT,13
"A Texas law requires every high school to have a voter registrar and part of their responsibility is to make sure that when children become 18 and become eligible to vote, that they vote.",half-true,FAKE,0,0,FAKE,0.8664080500602722,0.1335919350385666,0.8664080500602722,True,CORRECT,38
Federal spending on entitlements is projected to consume all revenue by 2045.,mostly-true,REAL,1,1,REAL,0.0804334431886673,0.9195665717124939,0.9195665717124939,True,CORRECT,19
Congressman Kasich wants to use our tax dollars to give secret bonuses to his corporate friends.,pants-fire,FAKE,0,0,FAKE,0.9615105986595154,0.038489390164613724,0.9615105986595154,True,CORRECT,21
"The Democrat majority in the Senate has failed to submit [a] budget in the past 1,000 days.",barely-true,FAKE,0,0,FAKE,0.9520734548568726,0.04792656749486923,0.9520734548568726,True,CORRECT,24
Says Rick Perry increased spending in Texas by more than 50 percent.,half-true,FAKE,0,0,FAKE,0.8376734852790833,0.16232657432556152,0.8376734852790833,True,CORRECT,15
"Says as a share of the US economy, the governments support for research and development (RD) has fallen by nearly two-thirds since the 1960s.",true,REAL,1,1,REAL,0.19170553982257843,0.808294415473938,0.808294415473938,True,CORRECT,32
Says Texas Republican leaders have proposed laying off thousands of teachers.,barely-true,FAKE,0,0,FAKE,0.9549135565757751,0.045086462050676346,0.9549135565757751,True,CORRECT,14
The Democratic health care bill in the House would create 53 new government bureaucracies.,barely-true,FAKE,0,0,FAKE,0.7732800245285034,0.22672002017498016,0.7732800245285034,True,CORRECT,19
Says that Donald Trump supported Charlie Crist.,mostly-true,REAL,1,1,REAL,0.151849627494812,0.8481503129005432,0.8481503129005432,True,CORRECT,11
"Dollar General added 2,500 stores and 20,000 jobs during his four-year tenure as CEO.",mostly-true,REAL,1,1,REAL,0.06949251890182495,0.930507481098175,0.930507481098175,True,CORRECT,23
Property tax exemptions can be granted to small businesses that move into Milwaukee County.,false,FAKE,0,1,REAL,0.11219654977321625,0.8878034353256226,0.8878034353256226,False,FAKE_TO_REAL,18
Gov. Sarah Palin got precisely zero support for her call for Alaskas Democratic Senator Mark Begich to resign because Ted Stevens corruption conviction was overturned.,false,FAKE,0,0,FAKE,0.8521249890327454,0.14787499606609344,0.8521249890327454,True,CORRECT,32
Says overwhelming majorities of Americans support gun legislation like background checks.,mostly-true,REAL,1,1,REAL,0.43111592531204224,0.5688841342926025,0.5688841342926025,True,CORRECT,15
"Under the DREAM Act, after two years of higher education or military service you are eligible for citizenship. Once a citizen, this paves the way to bring the rest of (your) extended family to the United States.",barely-true,FAKE,0,0,FAKE,0.9319128394126892,0.06808710098266602,0.9319128394126892,True,CORRECT,46
"Since President Barack Obama took office, 2 million more Americans are out of work.",half-true,FAKE,0,0,FAKE,0.9621451497077942,0.03785482421517372,0.9621451497077942,True,CORRECT,18
Says opponent David Dewhurst is a career politician.,false,FAKE,0,0,FAKE,0.9875016212463379,0.012498372234404087,0.9875016212463379,True,CORRECT,12
Says Virginia economic development officials decided they didnt want to bid on his companys electric automobile plant.,false,FAKE,0,1,REAL,0.35061749815940857,0.6493825316429138,0.6493825316429138,False,FAKE_TO_REAL,22
"The State Department says the 42,000 jobs created by the Keystone XL pipeline are ongoing, enduring jobs.",false,FAKE,0,0,FAKE,0.9848448634147644,0.01515514962375164,0.9848448634147644,True,CORRECT,23
Wisconsins new state budget includes a 15 percent increase for road construction and yet weve got local towns tearing up paved roads and replacing them with gravel.,false,FAKE,0,0,FAKE,0.8072612285614014,0.19273881614208221,0.8072612285614014,True,CORRECT,32
The Obama administration is refusing to directly arm the Kurds.,mostly-true,REAL,1,0,FAKE,0.9910780191421509,0.008922019973397255,0.9910780191421509,False,REAL_TO_FAKE,14
"The Obama administrations green stimulus program funneled close to $2 billion dollars to overseas firms, creating thousands of jobs in China.",barely-true,FAKE,0,0,FAKE,0.9892454147338867,0.010754626244306564,0.9892454147338867,True,CORRECT,27
The worlds 62 richest people own the same wealth as the 3.6 billion poorest.,mostly-true,REAL,1,1,REAL,0.012054097838699818,0.9879459142684937,0.9879459142684937,True,CORRECT,20
"There are approximately 18,000 (police) departments in the United States.",mostly-true,REAL,1,1,REAL,0.08700129389762878,0.9129986763000488,0.9129986763000488,True,CORRECT,17
The cost-of-living increase in Social Security is tied to wage inflation.,false,FAKE,0,0,FAKE,0.9396979212760925,0.06030214950442314,0.9396979212760925,True,CORRECT,18
Nearly a quarter of all adults in this state have some college credit without a degree.,mostly-true,REAL,1,1,REAL,0.03771962225437164,0.9622803926467896,0.9622803926467896,True,CORRECT,19
"Of the more than 1.3 million temporary mortgage modifications, over half have defaulted.",half-true,FAKE,0,1,REAL,0.057798340916633606,0.9422016739845276,0.9422016739845276,False,FAKE_TO_REAL,19
Republicans tried to block the deficit commission.,half-true,FAKE,0,0,FAKE,0.9696964025497437,0.030303562059998512,0.9696964025497437,True,CORRECT,10
The state is able to sharply curtail contract bargaining rights for state employee unions.,mostly-true,REAL,1,1,REAL,0.34550240635871887,0.6544976234436035,0.6544976234436035,True,CORRECT,18
On his support for sharply limiting collective bargaining by public employees.,half-true,FAKE,0,0,FAKE,0.9681884050369263,0.031811635941267014,0.9681884050369263,True,CORRECT,14
Georgia is one of only about seven states in the country that has a AAA bond rating.,true,REAL,1,1,REAL,0.08833298087120056,0.911666989326477,0.911666989326477,True,CORRECT,20
"Rick Perry attempted to fast-track unnecessary coal-fired power plants, which degrade air quality and would cost billions. Fortunately, a court stopped him.",mostly-true,REAL,1,0,FAKE,0.7109476923942566,0.2890523672103882,0.7109476923942566,False,REAL_TO_FAKE,33
"Two years ago Providence alone spent $50,000 a year notifying the school department about residents in the states sex offender registry.",half-true,FAKE,0,0,FAKE,0.8547978401184082,0.1452021598815918,0.8547978401184082,True,CORRECT,28
"In many instances, (peoples) health care costs are more than their mortgage costs or their rent, which, by the way, is a first in American history.",barely-true,FAKE,0,1,REAL,0.08834425359964371,0.9116557836532593,0.9116557836532593,False,FAKE_TO_REAL,35
"Since the passage of Obamas stimulus package, over 1 million additional jobs were lost and nearly 25 million Americans are out of work, are stuck in part-time work, or have given up looking.",half-true,FAKE,0,0,FAKE,0.8014140129089355,0.19858600199222565,0.8014140129089355,True,CORRECT,42
Three in four low-income workers dont have any paid sick days available.,true,REAL,1,1,REAL,0.03311372175812721,0.9668863415718079,0.9668863415718079,True,CORRECT,18
"Says Vince Polistina is collecting nearly $70,000 in taxpayer-funded salaries -- plus a government pension.",barely-true,FAKE,0,0,FAKE,0.8330373764038086,0.1669626086950302,0.8330373764038086,True,CORRECT,26
The Department of Health and Human Services is providing $160 million to the state of Pennsylvania to set up a new high-risk insurance pool program that would cover any abortion legal in the state.,false,FAKE,0,0,FAKE,0.962653398513794,0.03734663128852844,0.962653398513794,True,CORRECT,40
We have SAT scores lower than that of Alabama.,half-true,FAKE,0,1,REAL,0.02815295197069645,0.9718471169471741,0.9718471169471741,False,FAKE_TO_REAL,12
Boston Marathon bombing suspect Tamerlan Tsarnaev is buried not far from President Kennedys grave.,pants-fire,FAKE,0,0,FAKE,0.8362242579460144,0.16377569735050201,0.8362242579460144,True,CORRECT,22
Gov. Romneys plan would cut taxes for the folks at the very top.,mostly-true,REAL,1,0,FAKE,0.9570091366767883,0.04299083724617958,0.9570091366767883,False,REAL_TO_FAKE,18
Says David Prosser = Scott Walker.,half-true,FAKE,0,0,FAKE,0.9813542366027832,0.018645737320184708,0.9813542366027832,True,CORRECT,10
"Politician Reid Ribble wants to phase out Social Security, forcing Wisconsin seniors to fend for themselves.",pants-fire,FAKE,0,0,FAKE,0.9914636015892029,0.008536404930055141,0.9914636015892029,True,CORRECT,22
Says Houstons 18th congressional district has been gentrified and is home to more Anglos than African Americans.,false,FAKE,0,0,FAKE,0.7053129076957703,0.2946871221065521,0.7053129076957703,True,CORRECT,24
"The Hyde Amendmentlanguage was in the (human trafficking) bill. The Democratic sponsor admits it was in the bill, and she voted for it.",mostly-true,REAL,1,0,FAKE,0.6271413564682007,0.3728586733341217,0.6271413564682007,False,REAL_TO_FAKE,33
"Says Joe Heck voted 10 times to defund Planned Parenthood ... and Heck opposes a womans right to choose, even when her health is at risk.",mostly-true,REAL,1,1,REAL,0.45792990922927856,0.5420700907707214,0.5420700907707214,True,CORRECT,35
"Stimulus tax cuts ""began showing up in paychecks of 4.8 million Indiana households about three months ago.""",false,FAKE,0,1,REAL,0.21439599990844727,0.7856040000915527,0.7856040000915527,False,FAKE_TO_REAL,26
Says Hillary Clinton called the Trans-Pacific Partnership the gold standard. You called it the gold standard of trade deals. You said its the finest deal youve ever seen.,mostly-true,REAL,1,1,REAL,0.3260025084018707,0.6739975214004517,0.6739975214004517,True,CORRECT,36
Bernie Sanders voted against the Brady Bill -- background checks and waiting periods.,mostly-true,REAL,1,1,REAL,0.23056891560554504,0.7694310545921326,0.7694310545921326,True,CORRECT,17
Says Charlie Crist and Missouri Rep. Todd Akin hold same abortion views. No exception except the life of the mother.,barely-true,FAKE,0,0,FAKE,0.9860495924949646,0.013950422406196594,0.9860495924949646,True,CORRECT,26
Barack Obama has doubled our national debt. Doubled it. Its going to be close to $20 trillion when he leaves.,half-true,FAKE,0,0,FAKE,0.9782938957214355,0.021706121042370796,0.9782938957214355,True,CORRECT,26
"Say Matt Wand cut Troutdale police, created a slush fund for himself.",pants-fire,FAKE,0,0,FAKE,0.9787160158157349,0.021283963695168495,0.9787160158157349,True,CORRECT,18
Were second only to Boston in college students per capita.,false,FAKE,0,1,REAL,0.092796690762043,0.9072033166885376,0.9072033166885376,False,FAKE_TO_REAL,13
"Not even expensive bottled water, like Perrier and Evian, are of good enough quality to pump out of mines in Southwest Virginia, according to the EPA regulation.",barely-true,FAKE,0,0,FAKE,0.8702635765075684,0.12973642349243164,0.8702635765075684,True,CORRECT,35
Obama Declares November National Muslim Appreciation Month.,pants-fire,FAKE,0,0,FAKE,0.9849101901054382,0.015089862048625946,0.9849101901054382,True,CORRECT,10
Says Catherine Cortez Masto was happy to line her own pockets with taxpayer dollars when state employees were slammed with frozen salaries.,barely-true,FAKE,0,0,FAKE,0.9164440035820007,0.08355603367090225,0.9164440035820007,True,CORRECT,28
"Under Obamacare, The IRS will have access to the American peoples protected health care information.",pants-fire,FAKE,0,0,FAKE,0.9713292121887207,0.028670789673924446,0.9713292121887207,True,CORRECT,20
Mike Martinez has voted to raise taxes and utility rates while ending free bus service for seniors.,mostly-true,REAL,1,0,FAKE,0.957709789276123,0.04229016974568367,0.957709789276123,False,REAL_TO_FAKE,20
"Ohio has one of the highest provisional ballot rates in the country, and many of them go uncounted each election.",true,REAL,1,1,REAL,0.1171332448720932,0.8828667402267456,0.8828667402267456,True,CORRECT,27
"Rand Paul wants to end all federal faith-based initiatives, and even end the deduction for religious charities.",mostly-true,REAL,1,0,FAKE,0.8773614168167114,0.12263854593038559,0.8773614168167114,False,REAL_TO_FAKE,24
Homicides last year increased by 17 percent in Americas 50 largest cities. Thats the largest increase in 25 years.,half-true,FAKE,0,1,REAL,0.11830861121416092,0.8816914558410645,0.8816914558410645,False,FAKE_TO_REAL,25
The Canadians they (dropped) their tax rates to 15 percent. The average tax rate on businesses in the industrialized world is 25 percent.,mostly-true,REAL,1,0,FAKE,0.7940241694450378,0.20597580075263977,0.7940241694450378,False,REAL_TO_FAKE,30
White men account for 69 percent of those arrested for violent crimes.,false,FAKE,0,1,REAL,0.3900228440761566,0.6099771857261658,0.6099771857261658,False,FAKE_TO_REAL,15
We know that tax cuts are remarkably un-stimulative when you compare them with different kinds of government spending.,half-true,FAKE,0,1,REAL,0.039787136018276215,0.9602128863334656,0.9602128863334656,False,FAKE_TO_REAL,26
The climate-change agreement between the United States and China requires the Chinese to do nothing at all for 16 years.,barely-true,FAKE,0,0,FAKE,0.9722289443016052,0.02777102217078209,0.9722289443016052,True,CORRECT,25
"Says in fiscal year 2011, the state had a projected $11 billion deficit.",half-true,FAKE,0,1,REAL,0.14830566942691803,0.8516942858695984,0.8516942858695984,False,FAKE_TO_REAL,18
"Wisconsin election officials to accept Mickey Mouse, Hitler signatures on recall petitions.",barely-true,FAKE,0,0,FAKE,0.9909138679504395,0.009086097590625286,0.9909138679504395,True,CORRECT,16
"I wrote to Secretary Paulson, I wrote to Federal Reserve Chairman Bernanke [in March 2007], and told them this is something we have to deal with, and nobody did anything about it.",half-true,FAKE,0,1,REAL,0.20490463078022003,0.7950953841209412,0.7950953841209412,False,FAKE_TO_REAL,43
"The Great Wall of China, built 2,000 years ago, is 13,000 miles (long).",half-true,FAKE,0,0,FAKE,0.846510112285614,0.1534898728132248,0.846510112285614,True,CORRECT,24
"When the Dallas/Fort Worth Airport needed to stop its earthquake spike a few years ago, they temporarily shut down the wells that were injecting fracking fluid into the ground ... (and) those earthquakes stopped.",true,REAL,1,1,REAL,0.3920273780822754,0.6079726219177246,0.6079726219177246,True,CORRECT,47
Says Supreme Court candidate JoAnne Kloppenburgs record as a state Justice Department lawyer consists only of the prosecution of cases regarding regulation of docks.,pants-fire,FAKE,0,0,FAKE,0.9475942254066467,0.05240575969219208,0.9475942254066467,True,CORRECT,31
"One half of federal spending goes to Social Security, Medicare and Medicaid while the other half goes to other programs funded with money borrowed from a foreign land.",half-true,FAKE,0,1,REAL,0.13466805219650269,0.8653318881988525,0.8653318881988525,False,FAKE_TO_REAL,34
Medicare began as a public option and now holds 97 percent of the market share.,mostly-true,REAL,1,1,REAL,0.3912644684314728,0.6087355017662048,0.6087355017662048,True,CORRECT,18
Says Sen. Mitch McConnell is the No. 1 recipient of contributions from lobbyists this cycle.,true,REAL,1,1,REAL,0.10483016818761826,0.8951698541641235,0.8951698541641235,True,CORRECT,21
"98 percent of small businesses make less than $250,000 and would not see a tax increase under Barack Obama's plan.",true,REAL,1,0,FAKE,0.9637485146522522,0.0362514890730381,0.9637485146522522,False,REAL_TO_FAKE,28
''The leading Democratic candidate once said that the unfettered free market is the most destructive force in modern America.'',false,FAKE,0,0,FAKE,0.814228355884552,0.185771644115448,0.814228355884552,True,CORRECT,28
Says the American public overwhelmingly opposed Democratic-steered health care plan.,half-true,FAKE,0,1,REAL,0.07095249742269516,0.9290475249290466,0.9290475249290466,False,FAKE_TO_REAL,15
"Says Dan Patrick supported giving a $5,000 taxpayer-funded voucher to every family to buy a car.",mostly-true,REAL,1,1,REAL,0.3523419499397278,0.6476580500602722,0.6476580500602722,True,CORRECT,25
"Right now, if Rhode Island police come across a young person with a gun, they really dont legally have the right to take it away from them.",half-true,FAKE,0,1,REAL,0.14804089069366455,0.8519591689109802,0.8519591689109802,False,FAKE_TO_REAL,33
"We have trade agreements with 20 countries, and we have trade surpluses with each one of those 20.",false,FAKE,0,1,REAL,0.04981304332613945,0.9501869678497314,0.9501869678497314,False,FAKE_TO_REAL,23
"This March, for the first time in human history, the monthly average carbon dioxide in our atmosphere exceeded 400 parts per million. The range had been 170-300 parts per million for hundreds of thousands of years.",true,REAL,1,1,REAL,0.27476292848587036,0.7252370715141296,0.7252370715141296,True,CORRECT,44
"Jon Corzine, elected governor. Teams up with Barbara Buono. $1.2 billion sales tax increase? Passed. Most spending in state history? Passed. After Buono named budget chair, taxes and fees increase 23 times in just two years. State debt? Up $13.4 billion. Unemployment? Doubled.",half-true,FAKE,0,0,FAKE,0.9641820192337036,0.03581798076629639,0.9641820192337036,True,CORRECT,68
The Obama administration supported Muslim allies trying to establish a new international blasphemy standard.,barely-true,FAKE,0,0,FAKE,0.9667754173278809,0.03322450816631317,0.9667754173278809,True,CORRECT,20
Congress' approval rating is 11 percent. You know who's higher? Dick Cheney and HMOs.,false,FAKE,0,0,FAKE,0.981431245803833,0.018568770959973335,0.981431245803833,True,CORRECT,23
Oil companies ...currently have 68-million acres that they're not using.,false,FAKE,0,1,REAL,0.04651467502117157,0.953485369682312,0.953485369682312,False,FAKE_TO_REAL,20
Says Donald Trumps proposed tax treatment of hedge fund managers makes the current loophole even worse.,true,REAL,1,1,REAL,0.3085538446903229,0.6914461255073547,0.6914461255073547,True,CORRECT,21
John Raeses wife is registered to vote in Florida so she cant even vote for him.,true,REAL,1,0,FAKE,0.9494409561157227,0.05055901035666466,0.9494409561157227,False,REAL_TO_FAKE,21
"Scientists tell us that we could have a cure in 10 years for Alzheimers were it not for overzealous regulators, excessive taxation and greedy litigators.",pants-fire,FAKE,0,0,FAKE,0.9820610284805298,0.017938971519470215,0.9820610284805298,True,CORRECT,35
"Mitt Romney made over a hundred million dollars by shutting down (a Marion, Ind. paper) plant.",barely-true,FAKE,0,0,FAKE,0.7467002272605896,0.253299742937088,0.7467002272605896,True,CORRECT,24
More people are struck by lightning than commit in-person voter fraud by impersonation.,true,REAL,1,1,REAL,0.43563440442085266,0.5643656253814697,0.5643656253814697,True,CORRECT,20
Says Hillary Clinton and Tim Kaine want to expand (Obamacare) into a single-payer program.,barely-true,FAKE,0,0,FAKE,0.9791553616523743,0.020844627171754837,0.9791553616523743,True,CORRECT,24
Says the last non-partisan commission to improve the voting experience in America concluded that #VoterID was necessary.,true,REAL,1,0,FAKE,0.9621700048446655,0.03783004358410835,0.9621700048446655,False,REAL_TO_FAKE,24
Oregon school districts are directing 24 percent of their food budgets to purchase local foods. Thats the highest percentage in the country.,half-true,FAKE,0,1,REAL,0.2042674869298935,0.7957324981689453,0.7957324981689453,False,FAKE_TO_REAL,27
Germany is crime-riddled right now because of migration to Europe.,barely-true,FAKE,0,0,FAKE,0.8047128319740295,0.19528719782829285,0.8047128319740295,True,CORRECT,16
Says theCongressional Budget Officehas estimatedevery penny of the federal budget will go to interest on the debt and entitlement spending by 2025.,true,REAL,1,1,REAL,0.05850709602236748,0.9414929747581482,0.9414929747581482,True,CORRECT,35
Mitt Romney said it was tragic to end the war in Iraq.,half-true,FAKE,0,0,FAKE,0.963959276676178,0.036040738224983215,0.963959276676178,True,CORRECT,16
"During Obamas first five years as president, black unemployment increased 42 percent. During Reagans presidency, black unemployment dropped 20 percent.",pants-fire,FAKE,0,0,FAKE,0.6510075330734253,0.3489924669265747,0.6510075330734253,True,CORRECT,28
Milwaukee lost the headquarters for MillerCoors because the area lacks good transit.,false,FAKE,0,0,FAKE,0.9822178483009338,0.017782172188162804,0.9822178483009338,True,CORRECT,17
"Says President Obama said of the national debt, If I dont have this done in three years, then theres going to be a one-term proposition.",false,FAKE,0,0,FAKE,0.9247884154319763,0.0752115473151207,0.9247884154319763,True,CORRECT,34
"Black Lives Matter, who are attacking law enforcement officers -- Barack Obama had them to the White House.",barely-true,FAKE,0,0,FAKE,0.9936606287956238,0.006339420564472675,0.9936606287956238,True,CORRECT,23
"In 2012, there were nearly 12.2 million arrests and only 410 uses of deadly force by police in the United States.",mostly-true,REAL,1,1,REAL,0.19022920727729797,0.8097707629203796,0.8097707629203796,True,CORRECT,27
Every major religion is opposed to same-sex marriage.,half-true,FAKE,0,1,REAL,0.07145608216524124,0.9285439252853394,0.9285439252853394,False,FAKE_TO_REAL,13
"Says Texas has more than 80,000 abortions each year.",barely-true,FAKE,0,0,FAKE,0.8976256847381592,0.10237429291009903,0.8976256847381592,True,CORRECT,15
Says Thomas Jefferson said that government is best which governs least.,false,FAKE,0,0,FAKE,0.9192521572113037,0.08074789494276047,0.9192521572113037,True,CORRECT,15
The $18.8 billion in funding for K-12 education funding is the highest in Florida history and includes a record $10.6 billion in state funds.,half-true,FAKE,0,1,REAL,0.24693751335144043,0.7530624866485596,0.7530624866485596,False,FAKE_TO_REAL,35
"In the 2000 Florida election, at least 1,100 eligible voters were wrongly dropped from voting rolls in an attempt to purge a list of felons. Many of those who were dropped showed up to vote and were told they could not.",true,REAL,1,0,FAKE,0.849118173122406,0.15088190138339996,0.849118173122406,False,REAL_TO_FAKE,50
"My grandfather came home from ... (World War II) exhausted from the burdens he had borne, and died the next day.",true,REAL,1,1,REAL,0.3562418222427368,0.6437581777572632,0.6437581777572632,True,CORRECT,30
The largest U.S. companies would owe $620 billion in U.S. taxes on the cash they store in tax havens.,mostly-true,REAL,1,1,REAL,0.04576423391699791,0.9542357325553894,0.9542357325553894,True,CORRECT,30
If Trump had just put his fathers money in a mutual fund ... hed have $8 billion.,false,FAKE,0,1,REAL,0.13692651689052582,0.863073468208313,0.863073468208313,False,FAKE_TO_REAL,24
"Fewer black and Latino men participate in the labor force, compared to young white men.",mostly-true,REAL,1,1,REAL,0.28277909755706787,0.7172208428382874,0.7172208428382874,True,CORRECT,19
"Says Adam Hasner gives the wealthy tax breaks worth $250,000 a year but hikes middle class taxes $2,000.",barely-true,FAKE,0,0,FAKE,0.9737780690193176,0.026221994310617447,0.9737780690193176,True,CORRECT,29
"State House incumbent Jill Chambers, R-Atlanta, personally profits from taxpayer money.",false,FAKE,0,0,FAKE,0.9609590172767639,0.039041049778461456,0.9609590172767639,True,CORRECT,18
The group that supported the presidents health care bill the most? Latinos.,barely-true,FAKE,0,0,FAKE,0.982813835144043,0.017186153680086136,0.982813835144043,True,CORRECT,17
"Women take birth control, more than half of them, as a medication for other conditions.",half-true,FAKE,0,0,FAKE,0.8678542375564575,0.1321457028388977,0.8678542375564575,True,CORRECT,20
Says the Feingold garage ad is a fake: Hes not standing in front of his house.,pants-fire,FAKE,0,0,FAKE,0.8882609009742737,0.11173906177282333,0.8882609009742737,True,CORRECT,22
"McCain ""hasn't held executive responsibility.""",false,FAKE,0,0,FAKE,0.6160480380058289,0.38395193219184875,0.6160480380058289,True,CORRECT,12
McCain got more money from Airbus' U.S. executives than any other politician.,true,REAL,1,1,REAL,0.24374035000801086,0.7562596797943115,0.7562596797943115,True,CORRECT,19
Forty-five percent of doctors say theyll quit if health care reform passes.,false,FAKE,0,0,FAKE,0.771933913230896,0.22806613147258759,0.771933913230896,True,CORRECT,18
"Says Glenn Grothman pushed through state tax credits that when phased in, someone that owns a factory that produces millions in income will pay less tax than their nephew would if he worked full time at Taco Bell for minimum wage.",mostly-true,REAL,1,1,REAL,0.153211310505867,0.8467887043952942,0.8467887043952942,True,CORRECT,48
"Says that under a new program jail ""time for non-violent, mentally ill offenders has been reduced by 50 percent.""",true,REAL,1,0,FAKE,0.8133462071418762,0.18665380775928497,0.8133462071418762,False,REAL_TO_FAKE,27
"John McCain intervened, which helped Airbus get that Pentagon contract.",barely-true,FAKE,0,1,REAL,0.11594858765602112,0.8840513825416565,0.8840513825416565,False,FAKE_TO_REAL,14
I have never said that I don't wear flag pins or refuse to wear flag pins.,false,FAKE,0,1,REAL,0.2204880714416504,0.7795118689537048,0.7795118689537048,False,FAKE_TO_REAL,21
Say71 percent of doctors say Hillarys health concerns are serious and could be disqualifying.,false,FAKE,0,0,FAKE,0.9752971529960632,0.02470281720161438,0.9752971529960632,True,CORRECT,23
Expanding the sale of full-strength beer and wine to grocery stores isgood for everybody.,half-true,FAKE,0,0,FAKE,0.9862484335899353,0.013751564547419548,0.9862484335899353,True,CORRECT,20
Says history suggests sports will quickly subsume a lot of the attention span of the country in the presidential primary.,half-true,FAKE,0,1,REAL,0.030627643689513206,0.9693723320960999,0.9693723320960999,False,FAKE_TO_REAL,24
The U.S. has now spent more on reconstructing Afghanistan than was spent on the Marshall Plan and the reconstruction of Europe.,mostly-true,REAL,1,0,FAKE,0.5287664532661438,0.4712335467338562,0.5287664532661438,False,REAL_TO_FAKE,29
"The federal debt is more than $14 trillion, almost equal to the size of our entire economy, and every child born today inherits a $45,000 share of the national debt before they take their first breath.",mostly-true,REAL,1,1,REAL,0.014100111089646816,0.9858998656272888,0.9858998656272888,True,CORRECT,46
I wake up every morning in a house (the White House) that was built by slaves.,true,REAL,1,0,FAKE,0.6718292832374573,0.3281707465648651,0.6718292832374573,False,REAL_TO_FAKE,21
"Says Milwaukee County Executive Chris Abele spent $100,000 of taxpayer money on a new luxury SUV.",false,FAKE,0,0,FAKE,0.7167686820030212,0.28323131799697876,0.7167686820030212,True,CORRECT,23
The media never show crowds.,false,FAKE,0,0,FAKE,0.9908753633499146,0.009124706499278545,0.9908753633499146,True,CORRECT,8
The governor has made a commitment to billions of dollars in debt and new spending without any explanation of how he plans to pay that money back.,pants-fire,FAKE,0,0,FAKE,0.889713704586029,0.11028629541397095,0.889713704586029,True,CORRECT,30
Says he had to impose tougher cost controls on state employees than any previous Wisconsin governor.,mostly-true,REAL,1,0,FAKE,0.8635635375976562,0.13643646240234375,0.8635635375976562,False,REAL_TO_FAKE,20
Says the Congressional Budget Office is expecting a protracted economic malaise for at least the next decade under current policies.,half-true,FAKE,0,0,FAKE,0.969872772693634,0.030127273872494698,0.969872772693634,True,CORRECT,25
"It was Hillary Clinton who left Americans in harms way in Benghazi and after four Americans fell said, What difference at this point does it make?",barely-true,FAKE,0,0,FAKE,0.9758696556091309,0.024130268022418022,0.9758696556091309,True,CORRECT,33
Congresswoman Bachmann actually said we should be 'weaned' off our Social Security and Medicare. She wants to privatize Social Security and replace Medicare with some kind of voucher system.,half-true,FAKE,0,0,FAKE,0.7601833939552307,0.2398165613412857,0.7601833939552307,True,CORRECT,42
Says children are coming into the U.S. in staggering numbers because President Barack Obama has been promising amnesty.,false,FAKE,0,0,FAKE,0.9894407391548157,0.01055926363915205,0.9894407391548157,True,CORRECT,24
"The United States has never been richer, if you look at per capita GDP.",true,REAL,1,0,FAKE,0.668224573135376,0.331775426864624,0.668224573135376,False,REAL_TO_FAKE,18
Michele Bachmanns legislative record is offering failed amendments.,mostly-true,REAL,1,0,FAKE,0.9937491416931152,0.0062509020790457726,0.9937491416931152,False,REAL_TO_FAKE,13
"Says that when San Francisco banned plastic grocery bags, you saw the number of instances of people going to the ER with things like salmonella and other related illnesses spike.",barely-true,FAKE,0,0,FAKE,0.9185408353805542,0.08145919442176819,0.9185408353805542,True,CORRECT,35
Scott Walker had a 2.3 GPA when he was asked to leave Marquette University for cheating.,false,FAKE,0,0,FAKE,0.8844524025917053,0.11554761976003647,0.8844524025917053,True,CORRECT,22
"Says a company that got tax breaks from the state later laid off 100 Ohioans, even as its CEO cut a half-million-dollar check to Kasichs super PAC.",mostly-true,REAL,1,1,REAL,0.3820210099220276,0.6179790496826172,0.6179790496826172,True,CORRECT,38
"Ohio Director of Job Creation Mark Kvamme just clawed back about $900,000 from companies that made promises and they didnt keep them.",half-true,FAKE,0,0,FAKE,0.927939236164093,0.07206074148416519,0.927939236164093,True,CORRECT,31
There is no clinical evidence that vaccinating healthcare workers protects patients.,false,FAKE,0,0,FAKE,0.9194469451904297,0.08055310696363449,0.9194469451904297,True,CORRECT,17
On in-state tuition for unauthorized immigrants.,half-true,FAKE,0,0,FAKE,0.9589455127716064,0.04105444252490997,0.9589455127716064,True,CORRECT,11
I made a bunch of these promises during the campaign. ... Weve got about 60 percent done in three years.,false,FAKE,0,1,REAL,0.3206480145454407,0.6793519258499146,0.6793519258499146,False,FAKE_TO_REAL,27
"On the day of the New Hampshire primary in 1980, the top 13 people of Ronald Reagans staff quit.",mostly-true,REAL,1,0,FAKE,0.9270110130310059,0.07298899441957474,0.9270110130310059,False,REAL_TO_FAKE,24
Some of the wealthiest Americans are African-American now.,false,FAKE,0,1,REAL,0.022337069734930992,0.9776629209518433,0.9776629209518433,False,FAKE_TO_REAL,13
Theres 400 more people working in health care today in New Hampshire than when we passed the budget.,false,FAKE,0,1,REAL,0.02362188883125782,0.9763780832290649,0.9763780832290649,False,FAKE_TO_REAL,22
President Barack Obamas health care reform slashed $500 billion from Medicare.,barely-true,FAKE,0,0,FAKE,0.9579727053642273,0.04202720895409584,0.9579727053642273,True,CORRECT,16
The U.S. ranks 37th in the world for health care.,mostly-true,REAL,1,1,REAL,0.1108846515417099,0.8891153931617737,0.8891153931617737,True,CORRECT,16
"A high school dropout makes on average $19,000 a year, a high school graduate makes $28,000 a year, a college graduate makes $51,000 a year.",mostly-true,REAL,1,0,FAKE,0.7158976793289185,0.28410229086875916,0.7158976793289185,False,REAL_TO_FAKE,40
Theres almost 1 million Texans who are unemployed and thats an all-time record number in our state.,true,REAL,1,1,REAL,0.05289978161454201,0.9471002221107483,0.9471002221107483,True,CORRECT,24
"Nearly 70 percent of all federal spending will go towards Social Security, Medicare, and Medicaid in fiscal year 2014.",false,FAKE,0,0,FAKE,0.6723837852478027,0.3276161849498749,0.6723837852478027,True,CORRECT,26
"In Ohio, each year an estimated 1,000 children become victims of human trafficking, and over 3,000 more are at risk.",barely-true,FAKE,0,1,REAL,0.39903852343559265,0.6009615063667297,0.6009615063667297,False,FAKE_TO_REAL,29
"Claims that Obama said, ""For those who oppose our policies, you should just shut up and go away.""",false,FAKE,0,0,FAKE,0.9304078221321106,0.0695921927690506,0.9304078221321106,True,CORRECT,25
"Says, Yet in Salem they have traditionally waited until the money is almost gone to pay for the most important things in our states budget.",false,FAKE,0,0,FAKE,0.6923782825469971,0.30762171745300293,0.6923782825469971,True,CORRECT,29
"18 percent of our land in our state right now is either federally, state or county owned for conservation purposes.",true,REAL,1,1,REAL,0.1425447016954422,0.857455313205719,0.857455313205719,True,CORRECT,24
"The race will tighten, just because that's what happens at the end of campaigns. They always have.",mostly-true,REAL,1,0,FAKE,0.9353796243667603,0.06462039798498154,0.9353796243667603,False,REAL_TO_FAKE,24
"Even after Obamacare is fully implemented, there still will be tens of millions of people not covered.",true,REAL,1,0,FAKE,0.9702441692352295,0.029755810275673866,0.9702441692352295,False,REAL_TO_FAKE,22
The [Obama] administrations regulatory assault on coal-fired energy has put thousands of Americans out of work,barely-true,FAKE,0,0,FAKE,0.9919384121894836,0.008061559870839119,0.9919384121894836,True,CORRECT,22
"We have 80,000 abortions in Texas every year.",true,REAL,1,0,FAKE,0.7613642811775208,0.23863568902015686,0.7613642811775208,False,REAL_TO_FAKE,14
Says Tri-Rail shows the potential problems with investing in high-speed rail.,barely-true,FAKE,0,0,FAKE,0.766838550567627,0.23316141963005066,0.766838550567627,True,CORRECT,18
Says U.S. Senate rival Tommy Thompson is a big corporate lobbyist and has been lobbying during the middle of the campaign.,half-true,FAKE,0,0,FAKE,0.8417981863021851,0.15820181369781494,0.8417981863021851,True,CORRECT,28
"Congressman Paul introduces numerous pieces of substantive legislation each year, probably more than any single member of Congress.",mostly-true,REAL,1,1,REAL,0.17038366198539734,0.829616367816925,0.829616367816925,True,CORRECT,22
Four members of the Rhode Island General Assembly went to vote in 2010 and were told they had already voted.,false,FAKE,0,0,FAKE,0.9058797955513,0.09412021934986115,0.9058797955513,True,CORRECT,23
"The Democrat-backed health care reform plan ""will require (Americans) to subsidize abortion with their hard-earned tax dollars.""",false,FAKE,0,0,FAKE,0.9631210565567017,0.03687895089387894,0.9631210565567017,True,CORRECT,31
Mark Warner cast the tiebreaking vote to pass Obamacare.,barely-true,FAKE,0,0,FAKE,0.9912323355674744,0.008767601102590561,0.9912323355674744,True,CORRECT,15
"In Iraq, violence is down to an all-time low since the start of the war.",mostly-true,REAL,1,1,REAL,0.30695873498916626,0.6930412650108337,0.6930412650108337,True,CORRECT,21
North Koreas missiles are not going to have a capability to reach the United States anytime real soon.,true,REAL,1,0,FAKE,0.9307330846786499,0.06926685571670532,0.9307330846786499,False,REAL_TO_FAKE,22
Im running for office with much more experience and qualifications than Barack Obama had when he ran.,half-true,FAKE,0,0,FAKE,0.9882694482803345,0.011730545200407505,0.9882694482803345,True,CORRECT,20
Says Measure 3-386 will cost a fortune for elections while Measure 3-388 will cost less.,false,FAKE,0,1,REAL,0.23654386401176453,0.7634561657905579,0.7634561657905579,False,FAKE_TO_REAL,24
"In 2008, Charlie Crist applauded the pick of Sarah Palin and said she would do a great job.",true,REAL,1,0,FAKE,0.8004096746444702,0.1995902806520462,0.8004096746444702,False,REAL_TO_FAKE,26
"The president promised to close the space gap, but he now seems intent on repeating the events that created the space gap in the first place -- putting in place a new rocket design and then trying to underfund the effort...",mostly-true,REAL,1,0,FAKE,0.9245721697807312,0.0754278376698494,0.9245721697807312,False,REAL_TO_FAKE,50
Republicans dont think its a good idea to make the child care tax credit stronger.,barely-true,FAKE,0,0,FAKE,0.7749592661857605,0.22504070401191711,0.7749592661857605,True,CORRECT,19
More than half of women under 30 who give birth do so outside of marriage...,true,REAL,1,1,REAL,0.027396226301789284,0.9726037383079529,0.9726037383079529,True,CORRECT,20
I cut spending while serving in the state Legislature,mostly-true,REAL,1,1,REAL,0.2652352452278137,0.7347647547721863,0.7347647547721863,True,CORRECT,11
"If we ban the practice of earmarks, we could save the American taxpayer anywhere between $15 (billion) to $20 billion dollars a year in pork-barrel spending.",mostly-true,REAL,1,0,FAKE,0.7893404960632324,0.2106594741344452,0.7893404960632324,False,REAL_TO_FAKE,37
Our welfare system now consumes 42 percent of our budget.,half-true,FAKE,0,1,REAL,0.06176409125328064,0.9382359385490417,0.9382359385490417,False,FAKE_TO_REAL,14
Agriculture is the strongest industry in Ohio.,true,REAL,1,1,REAL,0.06812509149312973,0.9318749904632568,0.9318749904632568,True,CORRECT,10
This is the first time in the history that weve had the raising of a debt limit also with spending cuts.,false,FAKE,0,1,REAL,0.46914124488830566,0.5308587551116943,0.5308587551116943,False,FAKE_TO_REAL,25
"Sarah Palin was repeating ""Abraham Lincoln's words"" in discussing the war in Iraq.",mostly-true,REAL,1,0,FAKE,0.9238967299461365,0.07610328495502472,0.9238967299461365,False,REAL_TO_FAKE,21
Kelly Ayotte voted for a budget that had $90 billion of cuts to Pell Grants.,barely-true,FAKE,0,1,REAL,0.2648298740386963,0.7351701259613037,0.7351701259613037,False,FAKE_TO_REAL,22
Says U.S. Rep. Connie Mack IV passed only one bill in seven years.,mostly-true,REAL,1,0,FAKE,0.9779415726661682,0.022058449685573578,0.9779415726661682,False,REAL_TO_FAKE,20
Republican-leaning states get more in federal dollars than they pay in taxes.,mostly-true,REAL,1,0,FAKE,0.5580525398254395,0.4419475197792053,0.5580525398254395,False,REAL_TO_FAKE,17
"Barack Obama said in 2004 ""that he basically agreed with the way George Bush was conducting the war.""",half-true,FAKE,0,1,REAL,0.23551233112812042,0.7644876837730408,0.7644876837730408,False,FAKE_TO_REAL,23
Says President Barack Obama is a socialist.,pants-fire,FAKE,0,0,FAKE,0.9920948147773743,0.007905246689915657,0.9920948147773743,True,CORRECT,10
Wisconsin was literally broke when Republicans took office in January 2011.,false,FAKE,0,0,FAKE,0.9636627435684204,0.03633728250861168,0.9636627435684204,True,CORRECT,14
"About two-thirds of Medicaid beneficiaries are children, but they account for one-third of the programs cost, while one-third are elderly, and they account for two-thirds of the cost.",barely-true,FAKE,0,1,REAL,0.2635325491428375,0.7364675402641296,0.7364675402641296,False,FAKE_TO_REAL,47
Says Tom Cottons vote in Congress to change Medicare will increase out-of-pocket expenses for every senior in Arkansas.,barely-true,FAKE,0,0,FAKE,0.9615172147750854,0.038482826203107834,0.9615172147750854,True,CORRECT,26
"Says the Obama administration approved a major disaster declaration for Oklahoma in 2009, when nine of the states 77 counties burned for about three days, while Texas wildfires have been burning for longer without such a declaration.",mostly-true,REAL,1,0,FAKE,0.9878247976303101,0.012175262905657291,0.9878247976303101,False,REAL_TO_FAKE,43
Our campaign depends on small donations for the majority of our support.,barely-true,FAKE,0,0,FAKE,0.5320547223091125,0.46794530749320984,0.5320547223091125,True,CORRECT,15
"Says Crist campaign website ""has eliminated all references to our Republican Party.""",false,FAKE,0,1,REAL,0.19769009947776794,0.8023098707199097,0.8023098707199097,False,FAKE_TO_REAL,18
On a cap-and-trade plan.,false,FAKE,0,0,FAKE,0.9851020574569702,0.014897963963449001,0.9851020574569702,True,CORRECT,11
"There hasnt really been a lot of net growth in the federal workforce when you compare it to say, 1990.",half-true,FAKE,0,0,FAKE,0.8238157629966736,0.17618420720100403,0.8238157629966736,True,CORRECT,25
The American Conservative Union gives [Rep. Tim] Ryan a dismal 0.0 percent rating for the billions he has contributed to our national debt.,barely-true,FAKE,0,0,FAKE,0.8958208560943604,0.10417914390563965,0.8958208560943604,True,CORRECT,33
"The departments of Commerce, Education and Energy and the EPA saw their spending increase by between 130 percent and 219 percent between 2008 and 2010.",false,FAKE,0,0,FAKE,0.6002439856529236,0.3997560739517212,0.6002439856529236,True,CORRECT,29
Says he hasnt changed his view on abortion restrictions.,barely-true,FAKE,0,0,FAKE,0.5343001484870911,0.46569985151290894,0.5343001484870911,True,CORRECT,13
Says the director of an anti-abortion group receiving a Texas grant to provide womens health services believes HIV can be spread through the sewer system.,mostly-true,REAL,1,0,FAKE,0.960850715637207,0.03914935141801834,0.960850715637207,False,REAL_TO_FAKE,31
Says Rick Perry of Texas was the governor who relied most on stimulus funds to close his states budget deficit in 2010.,half-true,FAKE,0,0,FAKE,0.9583892822265625,0.041610702872276306,0.9583892822265625,True,CORRECT,25
Democrats are cutting our school funding. Four times in the last 10 years before we came into office.,barely-true,FAKE,0,0,FAKE,0.9621994495391846,0.03780048340559006,0.9621994495391846,True,CORRECT,22
Says President Barack Obama himself has granted waivers allowing into the United States refugees who provided material support to terrorists.,barely-true,FAKE,0,0,FAKE,0.9236506223678589,0.07634933292865753,0.9236506223678589,True,CORRECT,23
"In almost every other country in the world, artists and musicians are paid when their music is played on the radio. In fact, the only countries besides the U.S. who do not have a radio-performance right are China, Iran and North Korea.",mostly-true,REAL,1,1,REAL,0.22189117968082428,0.7781087756156921,0.7781087756156921,True,CORRECT,54
One man sacrificed for his country. One man opposed a flawed strategy in Iraq. One man had the courage to call for change. One man didn't play politics with the truth. One man stands up to the special interests.,true,REAL,1,0,FAKE,0.9556921720504761,0.04430786892771721,0.9556921720504761,False,REAL_TO_FAKE,48
"Says Paul Ryan supports banning all abortions, even in cases of rape or incest.",half-true,FAKE,0,1,REAL,0.40724852681159973,0.5927514433860779,0.5927514433860779,False,FAKE_TO_REAL,20
"More than 1,000 American soldiers have lost their lives in Afghanistan in the last 27 months. This is more than the combined total of the nine years before.",false,FAKE,0,1,REAL,0.02462148480117321,0.9753784537315369,0.9753784537315369,False,FAKE_TO_REAL,34
Weve doubled the production of clean energy.,mostly-true,REAL,1,0,FAKE,0.7014672160148621,0.29853278398513794,0.7014672160148621,False,REAL_TO_FAKE,11
Most Americans support the legalization of marijuana.,true,REAL,1,1,REAL,0.016160141676664352,0.9838398098945618,0.9838398098945618,True,CORRECT,11
"Under Barack Obama, the U.S. now has the lowest workforce since (President Jimmy) Carter.",barely-true,FAKE,0,0,FAKE,0.9835475087165833,0.016452418640255928,0.9835475087165833,True,CORRECT,23
A rural hospital in Missouri closes every 8 months. The legislatures failure to expand Medicaid has brought crisis to many of Missouris rural health care providers.,half-true,FAKE,0,0,FAKE,0.9504315853118896,0.04956844076514244,0.9504315853118896,True,CORRECT,33
"Harambe received 15,000 votes in the presidential election.",pants-fire,FAKE,0,0,FAKE,0.7076584100723267,0.29234158992767334,0.7076584100723267,True,CORRECT,14
The United States is one of only seven nations that allows elective abortions after 20 weeks post-fertilization.,true,REAL,1,0,FAKE,0.6793026328086853,0.3206973373889923,0.6793026328086853,False,REAL_TO_FAKE,26
Says Thom Tillis gives tax breaks to yacht and jet owners.,false,FAKE,0,0,FAKE,0.8357915878295898,0.1642083376646042,0.8357915878295898,True,CORRECT,15
"During his time as House speaker, unemployment came down from 5.6 percent to under 4 (percent).",false,FAKE,0,0,FAKE,0.559420645236969,0.4405793249607086,0.559420645236969,True,CORRECT,24
Obamacare was the Republican plan in the early 90s.,half-true,FAKE,0,0,FAKE,0.9905678629875183,0.009432113729417324,0.9905678629875183,True,CORRECT,13
We had an amendment in the health care law that said the federal government is going to take over education.,false,FAKE,0,0,FAKE,0.8698863387107849,0.13011369109153748,0.8698863387107849,True,CORRECT,23
"(Assembly Democrats) wanted to raise the gas tax by $2.4 billion. We said no to that....Theyre down on the ground. Theyre sweating. Theyre twitching. Its ugly, cause I keep saying no.",barely-true,FAKE,0,0,FAKE,0.6809759140014648,0.31902408599853516,0.6809759140014648,True,CORRECT,52
"Says he turned down a Medicaid expansion under Obamacare, but because of actions he took, for the first time in Wisconsins history everyone living in poverty is covered under Medicaid.",mostly-true,REAL,1,0,FAKE,0.6787111759185791,0.3212888538837433,0.6787111759185791,False,REAL_TO_FAKE,41
Says Patrick Murphy switched his vote on All Aboard Florida ... because his father tried to get in a bid to build it and was unsuccessful.,barely-true,FAKE,0,0,FAKE,0.5988641977310181,0.4011358618736267,0.5988641977310181,True,CORRECT,31
Says U.S. Sen Sherrod Brown promised that the first stimulus bill would fund the Brent Spence Bridge.,barely-true,FAKE,0,0,FAKE,0.9550154209136963,0.044984590262174606,0.9550154209136963,True,CORRECT,25
"Tampa got more (federal housing) money because they scored higher on the blight scoring system, so theyve got a much bigger problem than we do.",barely-true,FAKE,0,1,REAL,0.24031324684619904,0.7596867084503174,0.7596867084503174,False,FAKE_TO_REAL,33
"In nine Democratic debates, Weve not had one question about a womans right to make her own decisions about reproductive health care, not one question.",true,REAL,1,1,REAL,0.017636306583881378,0.9823637008666992,0.9823637008666992,True,CORRECT,32
"The Manchin-Toomey amendment would have criminalized certain private transfers of firearms between honest citizens, requiring lifelong friends, neighbors and some family members to get government approval.",barely-true,FAKE,0,0,FAKE,0.6705119013786316,0.3294881582260132,0.6705119013786316,True,CORRECT,37
McCain Trying to Have it Both Ways on Iraq,barely-true,FAKE,0,0,FAKE,0.9821179509162903,0.017882080748677254,0.9821179509162903,True,CORRECT,11
The budget submitted by Obama will add more to the debt than the outstanding debt of the previous 43 presidents combined.,true,REAL,1,1,REAL,0.16861990094184875,0.8313801288604736,0.8313801288604736,True,CORRECT,24
I've issued a six-month moratorium on deepwater drilling.,half-true,FAKE,0,0,FAKE,0.9233846664428711,0.07661528885364532,0.9233846664428711,True,CORRECT,17
Toomey and Trump will ban abortion and punish women who have them.,false,FAKE,0,0,FAKE,0.8150898218154907,0.1849101185798645,0.8150898218154907,True,CORRECT,17
Tuition at Rutgers has increased 10 percent since Gov. Chris Christie took office because he cut funding for higher education.,half-true,FAKE,0,0,FAKE,0.7998532652854919,0.20014679431915283,0.7998532652854919,True,CORRECT,24
"The reason we even have colleges is that at some point there were politicians who said, You know what? We should start colleges.",barely-true,FAKE,0,0,FAKE,0.7935511469841003,0.20644885301589966,0.7935511469841003,True,CORRECT,28
Capital Metro originally said MetroRails yearly operating costs would be about $2.5 million. Last year ... it cost $13 million to operate.,half-true,FAKE,0,1,REAL,0.2543114721775055,0.7456884980201721,0.7456884980201721,False,FAKE_TO_REAL,34
Providence has more of its pension fund invested in hedge funds and is less transparent about it than the state.,mostly-true,REAL,1,1,REAL,0.11227300763130188,0.8877269625663757,0.8877269625663757,True,CORRECT,23
Says President John F. Kennedy released a star Green Bay Packer from military reserve duty so that he could play in the 1961 NFL Championship Game.,true,REAL,1,0,FAKE,0.5008574724197388,0.499142587184906,0.5008574724197388,False,REAL_TO_FAKE,31
"If the General Assembly does not address the states structural deficit, more than 23,000 education professionals will be immediately yanked out of Pennsylvania schools.",barely-true,FAKE,0,0,FAKE,0.9697299003601074,0.030270040035247803,0.9697299003601074,True,CORRECT,30
"Says he brought 1,200 jobs to Texas by moving his factories here from China.",half-true,FAKE,0,0,FAKE,0.9491621851921082,0.050837863236665726,0.9491621851921082,True,CORRECT,19
U.S. Rep. Paul Broun has not authored any legislation that has been adopted by Congress.,mostly-true,REAL,1,0,FAKE,0.9934315085411072,0.006568504497408867,0.9934315085411072,False,REAL_TO_FAKE,23
On recess appointments.,half-true,FAKE,0,0,FAKE,0.951035737991333,0.04896422475576401,0.951035737991333,True,CORRECT,6
"Four years as a congressman, he [U.S. Rep. Hank Johnson] never talked about MARTA.",pants-fire,FAKE,0,0,FAKE,0.6868467330932617,0.3131532669067383,0.6868467330932617,True,CORRECT,24
Texas has the highest rate of uninsured in the nation. ... And there are more uninsured children in Texas than in any other state.,true,REAL,1,1,REAL,0.06406895071268082,0.9359310865402222,0.9359310865402222,True,CORRECT,34
Eighty percent of Wall Street executives and their spouses donations go to Democrats.,false,FAKE,0,0,FAKE,0.980180561542511,0.01981942355632782,0.980180561542511,True,CORRECT,17
"Like me, Scott Walker opposed the 1998 transportation bill and the $9 billion of wasteful spending.",false,FAKE,0,0,FAKE,0.8738536834716797,0.1261463463306427,0.8738536834716797,True,CORRECT,22
"Newspapers say Florida made bad investments, lost hundreds of millions of dollars, billions in pension funds lost. Who was in charge of Floridas investments? Alex Sink.",half-true,FAKE,0,0,FAKE,0.9815943241119385,0.018405690789222717,0.9815943241119385,True,CORRECT,34
Says 80 percent of the health care dollars are spent by 20 percent of the population.,true,REAL,1,1,REAL,0.1165541484951973,0.8834458589553833,0.8834458589553833,True,CORRECT,19
"Steve Southerland did not pay his taxes in 05, 06, 07, 08 or 09.",false,FAKE,0,0,FAKE,0.8614484667778015,0.13855144381523132,0.8614484667778015,True,CORRECT,21
Eliminating Obamacare ... saves $95 billion a year.,false,FAKE,0,0,FAKE,0.8586902022361755,0.14130978286266327,0.8586902022361755,True,CORRECT,15
There are 4.7 percent of Virginians who are minimum wage earners who are over 25 years of age working full-time and trying to raise a family.,mostly-true,REAL,1,1,REAL,0.04952450841665268,0.9504755139350891,0.9504755139350891,True,CORRECT,35
Says broken compact fluorescent light bulbs allegedly cause migraines and epilepsy attacks.,false,FAKE,0,0,FAKE,0.9689860343933105,0.031013954430818558,0.9689860343933105,True,CORRECT,19
At least a quarter of those apprehended at the border have criminal records.,false,FAKE,0,1,REAL,0.20115718245506287,0.7988427877426147,0.7988427877426147,False,FAKE_TO_REAL,19
Says Rick Scotts record on jobs includes Florida ranked 2nd in the nation in long-term unemployment.,half-true,FAKE,0,0,FAKE,0.9710254073143005,0.028974564746022224,0.9710254073143005,True,CORRECT,22
Says President Obamas new immigration plan is amnesty.,barely-true,FAKE,0,0,FAKE,0.9881592988967896,0.011840722523629665,0.9881592988967896,True,CORRECT,12
"For the first time in over 40 years, Republicansdont hold a single statewide office in Virginia.",true,REAL,1,1,REAL,0.062221210449934006,0.9377788305282593,0.9377788305282593,True,CORRECT,22
Polls show that Americans overwhelmingly support expanding background checks.,true,REAL,1,1,REAL,0.018874946981668472,0.981124997138977,0.981124997138977,True,CORRECT,12
Nearly 20% of our residents are born abroad.,true,REAL,1,1,REAL,0.20490796864032745,0.7950920462608337,0.7950920462608337,True,CORRECT,12
"When it comes to jobless workers, Mitt Romney says he likes to fire people.",false,FAKE,0,1,REAL,0.1617293506860733,0.8382706642150879,0.8382706642150879,False,FAKE_TO_REAL,20
A child born in America today will inherit $1.5 million in debt the moment theyre placed in their mothers arms.,mostly-true,REAL,1,1,REAL,0.19042302668094635,0.8095769286155701,0.8095769286155701,True,CORRECT,27
Says the U.S. fleet of attack submarines is scheduled to fall below the 48 boats that Navy says it needs to carry out current missions.,true,REAL,1,1,REAL,0.32814040780067444,0.671859622001648,0.671859622001648,True,CORRECT,31
Georgias share of money from the Federal Highway Trust Fund declined 12 percent between 2008 and 2013.,true,REAL,1,1,REAL,0.02394317276775837,0.9760568141937256,0.9760568141937256,True,CORRECT,21
"Americans spend 100-million hours a year filling out these forms (FAFSA). That is the equivalent of 55,500 full-time jobs.",half-true,FAKE,0,1,REAL,0.03127242997288704,0.9687275290489197,0.9687275290489197,False,FAKE_TO_REAL,33
"If you look at the application for a security clearance, I have a clearance that even the president of the United States cannot obtain because of my background.",pants-fire,FAKE,0,1,REAL,0.17416609823703766,0.8258339166641235,0.8258339166641235,False,FAKE_TO_REAL,32
Says Hawaii Gov. Neil Abercrombie made a late-night visit to Kinkos to forge President Barack Obamas birth certificate two days before Obama unveiled it to the media.,pants-fire,FAKE,0,0,FAKE,0.9466603398323059,0.05333968251943588,0.9466603398323059,True,CORRECT,38
"In the Illinois Legislature, Barack Obama ""voted 'present,' instead of yes or no"" on seven votes involving abortion rights.",true,REAL,1,0,FAKE,0.7935135364532471,0.20648643374443054,0.7935135364532471,False,REAL_TO_FAKE,28
"If you want to vote in Texas, you can use a concealed-weapon permit as a valid form of identification, but a valid student ID isnt good enough.",true,REAL,1,1,REAL,0.08232641220092773,0.9176735281944275,0.9176735281944275,True,CORRECT,35
Says the cascading effects of climate change contributed to the rise of ISIS.,mostly-true,REAL,1,0,FAKE,0.9793563485145569,0.02064373344182968,0.9793563485145569,False,REAL_TO_FAKE,18
"Says state Rep. Sandy Pasch, her recall opponent, voted to allow public school employees to use taxpayer dollars to pick up the tab forViagra.",pants-fire,FAKE,0,0,FAKE,0.5336888432502747,0.46631118655204773,0.5336888432502747,True,CORRECT,33
"Barack Obama ""rejects everyone white, including his mother and his grandparents.""",pants-fire,FAKE,0,0,FAKE,0.9934437274932861,0.006556302774697542,0.9934437274932861,True,CORRECT,17
A company hired to do Common Core testing in Florida will attract every one of your children to become as homosexual as they possibly can.,pants-fire,FAKE,0,0,FAKE,0.9835964441299438,0.016403570771217346,0.9835964441299438,True,CORRECT,28
The U.S. Supreme Court has not traditionally asked a lot of questions during oral arguments.,true,REAL,1,1,REAL,0.11463786661624908,0.8853621482849121,0.8853621482849121,True,CORRECT,21
"Fracturing or horizontally fracturing the shale to open up larger pockets of natural gas ... has been used for over 60 years and, as of 2009, over 80,000 wells have been fracked in Ohio.",half-true,FAKE,0,1,REAL,0.26014453172683716,0.7398554682731628,0.7398554682731628,False,FAKE_TO_REAL,46
"In 2004, ""20 percent of U.S. households were getting about 75 percent of their income from the federal government. ... Another 20 percent were receiving almost 40 percent.""",barely-true,FAKE,0,0,FAKE,0.6259373426437378,0.3740626871585846,0.6259373426437378,True,CORRECT,40
We are now eighth in the nation in job creation . . . we are No. 1 in the Midwest.,mostly-true,REAL,1,1,REAL,0.044318340718746185,0.9556816816329956,0.9556816816329956,True,CORRECT,24
"In Europe, church attendance rates (are) in the single digits because churches are supported by taxes.",barely-true,FAKE,0,1,REAL,0.281877726316452,0.7181222438812256,0.7181222438812256,False,FAKE_TO_REAL,22
Says George LeMieux even compared Marco Rubio to Barack Obama.,barely-true,FAKE,0,1,REAL,0.3836618661880493,0.6163381934165955,0.6163381934165955,False,FAKE_TO_REAL,16
Says Barack Obama promised to halve the deficit in his first term.,true,REAL,1,1,REAL,0.4293330907821655,0.5706669092178345,0.5706669092178345,True,CORRECT,16
Says the government has gotten the TARP money back plus a profit.,barely-true,FAKE,0,0,FAKE,0.9343054294586182,0.06569457799196243,0.9343054294586182,True,CORRECT,16
Points of Light is the worlds largest volunteer organization.,barely-true,FAKE,0,0,FAKE,0.8989192247390747,0.10108077526092529,0.8989192247390747,True,CORRECT,12
Says Mark Pryorcut Medicare to pay for Obamacare.,half-true,FAKE,0,0,FAKE,0.9927944540977478,0.007205574307590723,0.9927944540977478,True,CORRECT,14
Says Tim Kaine actually tried to raise taxes by about $4 billion.,mostly-true,REAL,1,0,FAKE,0.8873787522315979,0.1126212328672409,0.8873787522315979,False,REAL_TO_FAKE,17
Says Marco Rubio is proposing a new $1 trillion welfare program in tax credits and $1 trillion in new military spending.,mostly-true,REAL,1,0,FAKE,0.7604891657829285,0.23951074481010437,0.7604891657829285,False,REAL_TO_FAKE,27
I am the only senator who turned down the state pension plan for part-time legislators.,true,REAL,1,1,REAL,0.08110304176807404,0.9188969135284424,0.9188969135284424,True,CORRECT,20
Female buffalo lead the herd.,mostly-true,REAL,1,0,FAKE,0.838773250579834,0.1612267941236496,0.838773250579834,False,REAL_TO_FAKE,8
There is no system to vet refugees from the Middle East.,false,FAKE,0,0,FAKE,0.9753116965293884,0.024688294157385826,0.9753116965293884,True,CORRECT,14
"Says Chris Christies plan to kick-start our economy is to propose an income tax cut that disproportionately benefits the wealthy, and...hes still proposing it.",pants-fire,FAKE,0,0,FAKE,0.5808430314064026,0.419156938791275,0.5808430314064026,True,CORRECT,41
Obama used $20 million in federal money to emmigrate (sic) Hamas Refugees to the USA.,pants-fire,FAKE,0,0,FAKE,0.9516114592552185,0.0483885183930397,0.9516114592552185,True,CORRECT,23
On offshore drilling.,half-true,FAKE,0,0,FAKE,0.8044840097427368,0.19551604986190796,0.8044840097427368,True,CORRECT,6
"We came out of the White House not only dead broke, but in debt.",barely-true,FAKE,0,0,FAKE,0.7206851840019226,0.27931490540504456,0.7206851840019226,True,CORRECT,18
I think its seven or eight of the California system of universities dont even teach an American history course. Its not even available to be taught.,false,FAKE,0,0,FAKE,0.7334024310112,0.26659753918647766,0.7334024310112,True,CORRECT,31
Sen. Bob Menendez voted to enact a new tax on the sale of homes of 3.8%.,pants-fire,FAKE,0,0,FAKE,0.9609835743904114,0.039016492664813995,0.9609835743904114,True,CORRECT,25
Says his budget provides the highest state funding level in history for education.,half-true,FAKE,0,1,REAL,0.2169385403394699,0.7830613851547241,0.7830613851547241,False,FAKE_TO_REAL,16
Ive been here almost every day.,barely-true,FAKE,0,1,REAL,0.047201354056596756,0.9527986645698547,0.9527986645698547,False,FAKE_TO_REAL,10
"In the early 1980s, Sen. Edward Kennedy secretly offered to help Soviet leaders counter the Reagan administrations position on nuclear disarmament.",barely-true,FAKE,0,0,FAKE,0.8589252829551697,0.14107465744018555,0.8589252829551697,True,CORRECT,28
Says an EPA permit languished under Strickland but his new EPA director got it done in two days.,barely-true,FAKE,0,1,REAL,0.46233925223350525,0.5376607179641724,0.5376607179641724,False,FAKE_TO_REAL,25
Says the governor is going around the state talking about [how] we should fund an income tax cut that benefits higher income earners and not lower income earners,false,FAKE,0,1,REAL,0.37508031725883484,0.6249196529388428,0.6249196529388428,False,FAKE_TO_REAL,34
