idx,statement,original_label,true_binary,token_length,prob_fake__BERT baseline,prob_real__BERT baseline,conf__BERT baseline,pred__BERT baseline,prob_fake__BERT V2,prob_real__BERT V2,conf__BERT V2,pred__BERT V2,raw__LLaMA 3.2 3B zero-shot,conf__LLaMA 3.2 3B zero-shot,pred__LLaMA 3.2 3B zero-shot,raw__LLaMA 3.2 3B few-shot,conf__LLaMA 3.2 3B few-shot,pred__LLaMA 3.2 3B few-shot
0,Building a wall on the U.S.-Mexico border will take literally years.,true,REAL,19,0.9499503,0.05004979,0.9499503,FAKE,0.6138043,0.38619575,0.6138043,FAKE,REAL,,REAL,REAL,,REAL
1,Wisconsin is on pace to double the number of layoffs this year.,false,FAKE,16,0.1980757,0.80192435,0.80192435,REAL,0.24596646,0.7540335,0.7540335,REAL,FAKE,,FAKE,REAL,,REAL
2,Says John McCain has done nothing to help the vets.,false,FAKE,14,0.8167228,0.18327725,0.8167228,FAKE,0.5459329,0.45406708,0.5459329,FAKE,FAKE,,FAKE,REAL,,REAL
3,Suzanne Bonamici supports a plan that will cut choice for Medicare Advantage seniors.,half-true,FAKE,18,0.9910087,0.008991282,0.9910087,FAKE,0.84210104,0.157899,0.84210104,FAKE,FAKE,,FAKE,REAL,,REAL
4,"When asked by a reporter whether hes at the center of a criminal scheme to violate campaign laws, Gov. Scott Walker nodded yes.",pants-fire,FAKE,29,0.87588763,0.12411239,0.87588763,FAKE,0.67524564,0.32475436,0.67524564,FAKE,REAL,,REAL,REAL,,REAL
5,Over the past five years the federal government has paid out $601 million in retirement and disability benefits to deceased former federal employees.,true,REAL,28,0.2397145,0.76028544,0.76028544,REAL,0.33891705,0.6610829,0.6610829,REAL,REAL,,REAL,REAL,,REAL
6,Says that Tennessee law requires that schools receive half of proceeds -- $31 million per year -- from a half-cent increase in the Shelby County sales tax.,true,REAL,35,0.12521279,0.8747873,0.8747873,REAL,0.32342806,0.6765719,0.6765719,REAL,REAL,,REAL,REAL,,REAL
7,"Says Vice President Joe Biden ""admits that the American people are being scammed"" with the economic stimulus package.",barely-true,FAKE,25,0.81219804,0.18780199,0.81219804,FAKE,0.72235453,0.2776455,0.72235453,FAKE,REAL,,REAL,REAL,,REAL
8,Donald Trump is against marriage equality. He wants to go back.,true,REAL,15,0.42687395,0.5731261,0.5731261,REAL,0.46277574,0.53722423,0.53722423,REAL,REAL,,REAL,REAL,,REAL
9,We know that more than half of Hillary Clintons meetings while she was secretary of state were given to major contributors to the Clinton Foundation.,barely-true,FAKE,29,0.47452146,0.52547854,0.52547854,REAL,0.47616673,0.5238333,0.5238333,REAL,FAKE,,FAKE,REAL,,REAL
10,We know there are more Democrats in Georgia than Republicans. We know that for a fact.,barely-true,FAKE,20,0.3602048,0.63979524,0.63979524,REAL,0.48229492,0.5177051,0.5177051,REAL,FAKE,,FAKE,REAL,,REAL
11,PolitiFact Texas says Congressman Edwards attacks on Bill Flores are false.,barely-true,FAKE,17,0.98234713,0.017652854,0.98234713,FAKE,0.802316,0.19768399,0.802316,FAKE,REAL,,REAL,REAL,,REAL
12,Denali is the Kenyan word for black power.,pants-fire,FAKE,12,0.9658871,0.034112852,0.9658871,FAKE,0.7075953,0.2924047,0.7075953,FAKE,REAL,,REAL,REAL,,REAL
13,"Says 57 percent of federal spending goes to the military and just 1 percent goes to food and agriculture, including food stamps.",false,FAKE,26,0.14048335,0.8595166,0.8595166,REAL,0.26373515,0.7362649,0.7362649,REAL,FAKE,,FAKE,REAL,,REAL
14,On residency requirements for public workers,half-true,FAKE,8,0.965766,0.03423393,0.965766,FAKE,0.85939246,0.14060752,0.85939246,FAKE,REAL,,REAL,REAL,,REAL
15,Says the unemployment rate for college graduates is 4.4 percent and over 10 percent for noncollege-educated.,true,REAL,25,0.97562575,0.024374261,0.97562575,FAKE,0.36446026,0.63553977,0.63553977,REAL,REAL,,REAL,REAL,,REAL
16,Unfortunately we have documented instances where people defecated in the (Statehouse) building.,pants-fire,FAKE,20,0.24801245,0.7519875,0.7519875,REAL,0.46434212,0.5356579,0.5356579,REAL,REAL,,REAL,REAL,,REAL
17,A recent Gallup poll found that 72 percent of Americans and 56 percent of Democrats say the biggest threat to our nations security is big government.,half-true,FAKE,30,0.80515814,0.19484177,0.80515814,FAKE,0.44581455,0.55418545,0.55418545,REAL,REAL,,REAL,REAL,,REAL
18,"Each year, 18,000 people die in America because they don't have health care.",true,REAL,21,0.924644,0.07535602,0.924644,FAKE,0.4405993,0.55940074,0.55940074,REAL,REAL,,REAL,REAL,,REAL
19,Ronald Reagan faced an even worse recession than the current one.,false,FAKE,14,0.9236134,0.07638657,0.9236134,FAKE,0.41798478,0.5820152,0.5820152,REAL,REAL,,REAL,REAL,,REAL
20,There have not been any public safety issues in cities that allow transgender people to use the bathroom of the gender they identify as.,mostly-true,REAL,27,0.9679585,0.032041498,0.9679585,FAKE,0.48063308,0.5193669,0.5193669,REAL,REAL,,REAL,REAL,,REAL
21,Says Mitt Romney was one of the first national Republican leaders to endorse Marco Rubio.,half-true,FAKE,22,0.21109949,0.7889005,0.7889005,REAL,0.31348422,0.6865158,0.6865158,REAL,REAL,,REAL,REAL,,REAL
22,The number of illegal immigrants could be 3 million. It could be 30 million.,pants-fire,FAKE,18,0.82294834,0.17705163,0.82294834,FAKE,0.29511788,0.7048821,0.7048821,REAL,REAL,,REAL,REAL,,REAL
23,Marijuana is less toxic than alcohol.,mostly-true,REAL,9,0.11775575,0.8822443,0.8822443,REAL,0.32140988,0.6785902,0.6785902,REAL,REAL,,REAL,REAL,,REAL
24,Says Charlie Crist is embroiled in a fraud case for steering taxpayer money to a de facto Ponzi scheme.,false,FAKE,27,0.97962385,0.020376202,0.97962385,FAKE,0.80142283,0.19857714,0.80142283,FAKE,REAL,,REAL,REAL,,REAL
25,"Now, there was a time when someone like Scalia and Ginsburg got 95-plus votes.",true,REAL,22,0.13563958,0.8643604,0.8643604,REAL,0.33603376,0.66396624,0.66396624,REAL,REAL,,REAL,REAL,,REAL
26,I was gone when there was a red line against Syria.,barely-true,FAKE,14,0.93405515,0.06594491,0.93405515,FAKE,0.6571875,0.34281254,0.6571875,FAKE,REAL,,REAL,REAL,,REAL
27,"Tim Kaine hiked tuition as governor, but now claims to champion affordability.",half-true,FAKE,19,0.5269126,0.47308737,0.5269126,FAKE,0.57932097,0.42067903,0.57932097,FAKE,FAKE,,FAKE,REAL,,REAL
28,"Contends that President Obama literally said (if) his cap-and-trade proposals were to pass, that utility rates, his words now, would, necessarily skyrocket.",true,REAL,38,0.9556803,0.04431967,0.9556803,FAKE,0.71049917,0.28950086,0.71049917,FAKE,REAL,,REAL,REAL,,REAL
29,Active duty males in the military are twice as likely to develop prostate cancer than their civilian counterparts.,mostly-true,REAL,21,0.0919939,0.9080061,0.9080061,REAL,0.19744882,0.80255115,0.80255115,REAL,REAL,,REAL,REAL,,REAL
30,Its been since 1888 that a Senate of a different party than the president in the White House confirmed a Supreme Court nominee.,false,FAKE,26,0.32444835,0.6755516,0.6755516,REAL,0.25941688,0.7405831,0.7405831,REAL,REAL,,REAL,REAL,,REAL
31,"Under Rosemary Lehmberg, the Travis County D.A.s office convened the grand jury that indicted Rick Perry.",false,FAKE,26,0.9658871,0.034112908,0.9658871,FAKE,0.73710054,0.26289943,0.73710054,FAKE,REAL,,REAL,REAL,,REAL
32,On which team hes rooting for in the World Series.,half-true,FAKE,15,0.908701,0.091299,0.908701,FAKE,0.6108729,0.38912714,0.6108729,FAKE,FAKE,,FAKE,REAL,,REAL
33,Tom Ganley has two Fs from the Better Business Bureau and over 160 complaints in just three years.,half-true,FAKE,23,0.9654546,0.034545377,0.9654546,FAKE,0.46725544,0.5327446,0.5327446,REAL,FAKE,,FAKE,REAL,,REAL
34,The United States has a low voter turnout rate.,true,REAL,12,0.6754877,0.32451233,0.6754877,FAKE,0.24615304,0.75384694,0.75384694,REAL,REAL,,REAL,REAL,,REAL
35,"Says Thomas Jefferson said, You might be able to fool the people for awhile, and they may go astray, but sooner or later the American people are going to wake up and they will correct the course.",half-true,FAKE,44,0.9288046,0.071195394,0.9288046,FAKE,0.61629176,0.38370824,0.61629176,FAKE,REAL,,REAL,REAL,,REAL
36,"Because of the federal health care law, 300,000 health plans canceled in Florida.",barely-true,FAKE,19,0.79824436,0.20175567,0.79824436,FAKE,0.59656066,0.4034393,0.59656066,FAKE,REAL,,REAL,REAL,,REAL
37,"In Massachusetts, Scott Brown pushed for a law to force women considering abortion -- force them -- to look at color photographs of developing fetuses.",mostly-true,REAL,33,0.7162689,0.28373113,0.7162689,FAKE,0.55902356,0.4409764,0.55902356,FAKE,REAL,,REAL,REAL,,REAL
38,"The Fed created $1.2 trillion out of nothing, gave it to banks, and some of them foreign banks, so that they could stabilize their operations.",true,REAL,34,0.9158715,0.084128566,0.9158715,FAKE,0.630389,0.36961102,0.630389,FAKE,REAL,,REAL,REAL,,REAL
39,Texas families have kept more than $10 billion in their family budgets since we successfully fought to restore Texas sales tax deduction a decade ago.,true,REAL,30,0.091942966,0.90805703,0.90805703,REAL,0.28478092,0.7152191,0.7152191,REAL,REAL,,REAL,REAL,,REAL
40,Pre-existing conditions are covered under my (health care) plan.,barely-true,FAKE,16,0.9409332,0.05906674,0.9409332,FAKE,0.70371014,0.2962898,0.70371014,FAKE,REAL,,REAL,REAL,,REAL
41,"Greg Abbott activated the state guard to monitor Jade Helm 15 in case the troops try to impose martial law, disarm innocent Texans, and detain them in tunnels beneath closed Walmart stores.",half-true,FAKE,41,0.9599891,0.040010914,0.9599891,FAKE,0.735689,0.26431108,0.735689,FAKE,REAL,,REAL,REAL,,REAL
42,Says he won the second debate with Hillary Clinton in a landslide in every poll.,pants-fire,FAKE,18,0.2553202,0.7446798,0.7446798,REAL,0.33001974,0.6699802,0.6699802,REAL,FAKE,,FAKE,REAL,,REAL
43,Says bag litter increased after San Francisco banned single-use shopping bags.,barely-true,FAKE,16,0.60336703,0.396633,0.60336703,FAKE,0.6491564,0.3508436,0.6491564,FAKE,REAL,,REAL,REAL,,REAL
44,"In 1993, Newt Gingrich first advocated for the individual mandate in health care. And as recently as May of this year, he was still advocating for it.",mostly-true,REAL,35,0.08816604,0.91183394,0.91183394,REAL,0.30419546,0.69580454,0.69580454,REAL,REAL,,REAL,REAL,,REAL
45,"Says as a result of the national health care reform, the Congressional Budget Office says we save $250 million over the first 10 years. Over the next 10 years, we save $1.2 trillion in savings in terms of health care.",barely-true,FAKE,50,0.8441543,0.15584564,0.8441543,FAKE,0.50847244,0.49152756,0.50847244,FAKE,REAL,,REAL,REAL,,REAL
46,"You said you would vote against the Patriot Act, then you came to the Senate, you voted for it.",half-true,FAKE,24,0.58448404,0.41551596,0.58448404,FAKE,0.5530974,0.44690257,0.5530974,FAKE,FAKE,,FAKE,REAL,,REAL
47,The federal minimum wage is worth about 20 percent less than it was when Ronald Reagan gave his first address to a joint session of Congress.,mostly-true,REAL,29,0.22571327,0.7742867,0.7742867,REAL,0.23431677,0.76568323,0.76568323,REAL,REAL,,REAL,REAL,,REAL
48,"A proposed tax to fund transportation projects would spend $90,000 to take a single vehicle off the road during the morning and afternoon commute.",false,FAKE,31,0.2148262,0.78517383,0.78517383,REAL,0.5230971,0.47690293,0.5230971,FAKE,FAKE,,FAKE,REAL,,REAL
49,A salesclerk at Hobby Lobby who needs contraception is not going to get that service through her employers health care plan because her employer doesnt think she should be using contraception.,barely-true,FAKE,39,0.9436092,0.056390833,0.9436092,FAKE,0.7573987,0.24260132,0.7573987,FAKE,REAL,,REAL,REAL,,REAL
50,Says Charlie Crist voted against raising the minimum wage.,half-true,FAKE,13,0.27255073,0.72744924,0.72744924,REAL,0.6120467,0.3879533,0.6120467,FAKE,REAL,,REAL,REAL,,REAL
51,Hillary Clinton said gun confiscation would be worth considering.,barely-true,FAKE,15,0.69387573,0.3061243,0.69387573,FAKE,0.62198186,0.37801817,0.62198186,FAKE,REAL,,REAL,REAL,,REAL
52,"Already, a prototype driverless car has traveled more than 300,000 miles in the crowded maze of California streets without a single accident.",mostly-true,REAL,29,0.40839142,0.5916086,0.5916086,REAL,0.26221246,0.7377876,0.7377876,REAL,REAL,,REAL,REAL,,REAL
53,"Last year, out of the 500,000 (in) population growth we had in the state of Texas, about 250,000 of the 500,000 came to Texas... from the other 49 states.",half-true,FAKE,45,0.07784947,0.92215055,0.92215055,REAL,0.18356816,0.8164319,0.8164319,REAL,REAL,,REAL,REAL,,REAL
54,When undocumented children are picked up at the border and told to appear later in court ... 90 percent do not then show up.,false,FAKE,31,0.33747998,0.66252005,0.66252005,REAL,0.49000937,0.5099907,0.5099907,REAL,REAL,,REAL,REAL,,REAL
55,Says Gov. Chris Christie cut spending (by) $1 billion and provided $850 million in new education funding.,half-true,FAKE,25,0.46607247,0.5339276,0.5339276,REAL,0.6417,0.35829994,0.6417,FAKE,REAL,,REAL,REAL,,REAL
56,Hes the only candidate whos balanced budgets and brought jobs to Providence.,mostly-true,REAL,17,0.97917557,0.020824462,0.97917557,FAKE,0.5607044,0.43929556,0.5607044,FAKE,REAL,,REAL,REAL,,REAL
57,"Studies have shown that in the absence of federal reproductive health funds, we are going to see the level of abortion in Georgia increase by about 44 percent.",half-true,FAKE,32,0.88592577,0.11407424,0.88592577,FAKE,0.62247986,0.37752017,0.62247986,FAKE,REAL,,REAL,REAL,,REAL
58,ACORN will be a paid partner with the Census Bureau and they will be in charge of going door-to-door and collecting data from the American public.,pants-fire,FAKE,34,0.89264506,0.10735495,0.89264506,FAKE,0.6578182,0.3421818,0.6578182,FAKE,FAKE,,FAKE,REAL,,REAL
59,Sixty percent of the Hispanics support the Arizona immigration law,pants-fire,FAKE,13,0.22980145,0.7701985,0.7701985,REAL,0.23702528,0.76297474,0.76297474,REAL,REAL,,REAL,REAL,,REAL
60,"If the sequester hits, federal prosecutors will have to let criminals go.",barely-true,FAKE,18,0.9616239,0.038376056,0.9616239,FAKE,0.7666982,0.23330183,0.7666982,FAKE,REAL,,REAL,REAL,,REAL
61,Says Dick Cheney de-Baathisized the Iraqi government and created ISIS.,barely-true,FAKE,18,0.98556376,0.01443624,0.98556376,FAKE,0.76527274,0.2347273,0.76527274,FAKE,FAKE,,FAKE,REAL,,REAL
62,Says Bill and Hillary Clinton attended Donald Trumps last wedding.,true,REAL,14,0.39437762,0.60562235,0.60562235,REAL,0.54077893,0.45922112,0.54077893,FAKE,FAKE,,FAKE,REAL,,REAL
63,I did not play any role in bringing the company to RI as did others in government. I was tasked with handling the legislation affecting the company by my superiors.,false,FAKE,34,0.8941368,0.1058632,0.8941368,FAKE,0.6056447,0.3943553,0.6056447,FAKE,REAL,,REAL,REAL,,REAL
64,"Obamacare insurance cooperative failures should be expected because theyre like any business, and when you start businesses in America, at the fifth year, half of the businesses have closed.",half-true,FAKE,37,0.9745409,0.025459182,0.9745409,FAKE,0.7260508,0.27394918,0.7260508,FAKE,REAL,,REAL,REAL,,REAL
65,The tax cut deal is giving $700 billion to millionaires and billionaires.,false,FAKE,18,0.9835632,0.016436731,0.9835632,FAKE,0.8414488,0.15855129,0.8414488,FAKE,FAKE,,FAKE,REAL,,REAL
66,Says Marco Rubio said Social Security and Medicare haveweakened us as a people.,mostly-true,REAL,20,0.92006105,0.079938956,0.92006105,FAKE,0.7281348,0.2718652,0.7281348,FAKE,REAL,,REAL,REAL,,REAL
67,"Across the country, $174 billion of the Recovery Act have been committed in its first 130 days.",mostly-true,REAL,22,0.89707917,0.10292084,0.89707917,FAKE,0.40028104,0.599719,0.599719,REAL,REAL,,REAL,REAL,,REAL
68,"As secretary of the Department of Energy under former President Bill Clinton, ""I created reserves of home heating oil.""",true,REAL,25,0.20017421,0.7998258,0.7998258,REAL,0.47480252,0.5251975,0.5251975,REAL,REAL,,REAL,REAL,,REAL
69,Twenty-five states have lower unemployment than Texas which is tied with Mississippi for more minimum-wage jobs than anywhere in the United States.,true,REAL,29,0.049626816,0.95037323,0.95037323,REAL,0.16582485,0.83417517,0.83417517,REAL,REAL,,REAL,REAL,,REAL
70,"Of the 20 bills [Rep. David] Cicilline has sponsored in his three years in office, not a single one has advanced past the embryonic committee stage.",half-true,FAKE,37,0.08327504,0.9167249,0.9167249,REAL,0.30018055,0.6998195,0.6998195,REAL,FAKE,,FAKE,REAL,,REAL
71,"Says Donald Trump has said he loves war, including with nukes.",half-true,FAKE,16,0.115367,0.88463306,0.88463306,REAL,0.45442066,0.5455793,0.5455793,REAL,FAKE,,FAKE,REAL,,REAL
72,"Any state tax law has to start in the House and the renewal of the state hospital bed tax this year started in the Senate, which is unconstitutional.",barely-true,FAKE,32,0.5647289,0.43527108,0.5647289,FAKE,0.3311027,0.66889733,0.66889733,REAL,REAL,,REAL,REAL,,REAL
73,"Every child born today inherits a $30,000 share in a national debt that stands at more than $13 trillion.",mostly-true,REAL,27,0.022071855,0.97792816,0.97792816,REAL,0.16994266,0.8300574,0.8300574,REAL,REAL,,REAL,REAL,,REAL
74,A strong bipartisan majority in the House of Representatives voted to defund Obamacare.,false,FAKE,19,0.9747388,0.025261192,0.9747388,FAKE,0.6616765,0.3383235,0.6616765,FAKE,FAKE,,FAKE,REAL,,REAL
75,Proximity to high-voltage power lines lowers property values by as much as 30 percent.,half-true,FAKE,19,0.15024664,0.8497534,0.8497534,REAL,0.28799748,0.71200246,0.71200246,REAL,REAL,,REAL,REAL,,REAL
76,What the facts say is ...the best scenario for kids is a loving mom and dad.,false,FAKE,22,0.94600207,0.053997885,0.94600207,FAKE,0.5864209,0.41357905,0.5864209,FAKE,REAL,,REAL,REAL,,REAL
77,Says Mark Neumann = Nancy Pelosi,false,FAKE,10,0.9692712,0.030728804,0.9692712,FAKE,0.77081776,0.2291822,0.77081776,FAKE,FAKE,,FAKE,REAL,,REAL
78,"To hear Gov. Christie tell it, everything in New Jersey is going just fine. Well I see another New Jersey with 400,000 unemployed. One of the worst jobless rates in the country. Working and middle class families have seen costs soar, from property taxes to college tuition.",half-true,FAKE,60,0.97877365,0.02122638,0.97877365,FAKE,0.60603005,0.39396995,0.60603005,FAKE,REAL,,REAL,REAL,,REAL
79,Says delegates cant legally change the Republican National Convention rules to prevent Donald Trumps nomination.,barely-true,FAKE,20,0.8708016,0.1291984,0.8708016,FAKE,0.5037646,0.49623537,0.5037646,FAKE,REAL,,REAL,REAL,,REAL
80,Rebuilding three high schools will benefit 40 percent of Portland Public School students.,pants-fire,FAKE,16,0.8584417,0.14155838,0.8584417,FAKE,0.66521543,0.33478457,0.66521543,FAKE,FAKE,,FAKE,REAL,,REAL
81,Proposition 2 on Novembers Texas ballot does not cost state taxpayers any money.,half-true,FAKE,17,0.96569353,0.034306407,0.96569353,FAKE,0.5412907,0.45870936,0.5412907,FAKE,REAL,,REAL,REAL,,REAL
82,Providence has the lowest crime rate in three decades.,true,REAL,12,0.047777545,0.9522224,0.9522224,REAL,0.19397086,0.80602914,0.80602914,REAL,REAL,,REAL,REAL,,REAL
83,On banning earmarks.,false,FAKE,7,0.97629356,0.02370644,0.97629356,FAKE,0.86847043,0.13152955,0.86847043,FAKE,REAL,,REAL,REAL,,REAL
84,Says hes taken an 8% pay decrease in each of the nine years he has been in office.,half-true,FAKE,23,0.6757782,0.32422173,0.6757782,FAKE,0.40658396,0.5934161,0.5934161,REAL,REAL,,REAL,REAL,,REAL
85,1 percent of Americans are millionaires. 47 percent of House Reps. are millionaires. 56 percent of Senators are millionaires.,half-true,FAKE,29,0.017184673,0.9828153,0.9828153,REAL,0.17811069,0.8218893,0.8218893,REAL,REAL,,REAL,REAL,,REAL
86,The decision for the United States to buy heavy water from Iran will directly subsidize Irans nuclear program.,barely-true,FAKE,25,0.91570383,0.08429618,0.91570383,FAKE,0.7770594,0.2229406,0.7770594,FAKE,REAL,,REAL,REAL,,REAL
87,The Texas Department of Transportation... misplaced a billion dollars.,mostly-true,REAL,16,0.9400964,0.059903596,0.9400964,FAKE,0.5862294,0.41377068,0.5862294,FAKE,FAKE,,FAKE,REAL,,REAL
88,A judges order means theres a Constitution exemption zone if you live within 100 miles of the United States border.,false,FAKE,24,0.78812426,0.21187575,0.78812426,FAKE,0.39158392,0.608416,0.608416,REAL,REAL,,REAL,REAL,,REAL
89,"Pepper ... kicked off a jock tax, imposing a levy on the sports and entertainment industry.",true,REAL,22,0.9653814,0.034618665,0.9653814,FAKE,0.6106516,0.38934842,0.6106516,FAKE,REAL,,REAL,REAL,,REAL
90,"Mitch McConnell opposed ""legislation to create and protect Kentucky jobs . . . help for the unemployed. . . health care for Kentucky's children,"" and ""fair pay for women.""",barely-true,FAKE,40,0.33249268,0.6675074,0.6675074,REAL,0.4646387,0.5353613,0.5353613,REAL,REAL,,REAL,REAL,,REAL
91,"Under Mayor Tom Barrett, the number of Milwaukee police officers has not increased.",true,REAL,17,0.984577,0.015422988,0.984577,FAKE,0.77413857,0.22586145,0.77413857,FAKE,REAL,,REAL,REAL,,REAL
92,Taxpayers subsidize 80 percent of each MARTA trip,barely-true,FAKE,13,0.10783257,0.89216745,0.89216745,REAL,0.24025904,0.75974095,0.75974095,REAL,REAL,,REAL,REAL,,REAL
93,"President Obama, Sen. Harry Reid and Rep. Nancy Pelosi passed a $1.2 trillion stimulus bill.",pants-fire,FAKE,26,0.91075695,0.08924308,0.91075695,FAKE,0.6644078,0.3355922,0.6644078,FAKE,REAL,,REAL,REAL,,REAL
94,Says Milken Institute rated San Antonio as nations top-performing local economy.,true,REAL,17,0.3524797,0.64752036,0.64752036,REAL,0.46338752,0.53661245,0.53661245,REAL,REAL,,REAL,REAL,,REAL
95,Says people in Africa literally walk two and three hundred miles in order to vote.,pants-fire,FAKE,18,0.91643393,0.08356605,0.91643393,FAKE,0.28123808,0.7187619,0.7187619,REAL,REAL,,REAL,REAL,,REAL
96,"Before World War II, very few people actually had health insurance.",true,REAL,15,0.07043065,0.92956936,0.92956936,REAL,0.26792946,0.73207057,0.73207057,REAL,REAL,,REAL,REAL,,REAL
97,Half of children struck by cars near schools are hit by parents driving children to school.,false,FAKE,19,0.294566,0.705434,0.705434,REAL,0.45532918,0.5446708,0.5446708,REAL,REAL,,REAL,REAL,,REAL
98,"Citizens Property Insurance has over $500 billion worth of risk, with less than $10 billion worth of surplus.",barely-true,FAKE,24,0.32530078,0.6746992,0.6746992,REAL,0.297962,0.702038,0.702038,REAL,REAL,,REAL,REAL,,REAL
99,Tom Leppert pledged to make Dallas a sanctuary city for illegal immigrants.,barely-true,FAKE,17,0.92973834,0.07026163,0.92973834,FAKE,0.59408396,0.40591604,0.59408396,FAKE,FAKE,,FAKE,REAL,,REAL
100,Putting three Republicans in my Cabinet...is unprecedented.,true,REAL,14,0.7515952,0.24840486,0.7515952,FAKE,0.5000537,0.4999463,0.5000537,FAKE,REAL,,REAL,REAL,,REAL
101,"When Atlanta Police Chief George Turner was interim head of the department, overall crime fell 14 percent and violent crime dropped 22.7 percent.",barely-true,FAKE,29,0.9361198,0.063880235,0.9361198,FAKE,0.6076694,0.39233056,0.6076694,FAKE,REAL,,REAL,REAL,,REAL
102,"From 1980 to 1990, the top 1 percent saw their income go up by roughly 80 percent while the median wage in the country over (the same) 10 years went up 3 percent.",mostly-true,REAL,39,0.14723827,0.85276175,0.85276175,REAL,0.18193159,0.81806844,0.81806844,REAL,REAL,,REAL,REAL,,REAL
103,"I am very proud, as governor of Florida, that we signed the first divestment act, as it relates to Iran, divesting any investments in companies that would invest in Iran.",true,REAL,41,0.13814798,0.861852,0.861852,REAL,0.33193302,0.668067,0.668067,REAL,REAL,,REAL,REAL,,REAL
104,"As a result of climate change, ice fishermen in Wisconsin are already noticing fewer days they can be out on our ice covered lakes.",true,REAL,28,0.87114185,0.12885812,0.87114185,FAKE,0.691152,0.308848,0.691152,FAKE,REAL,,REAL,REAL,,REAL
105,Muslim nations did not call out the people who celebrated the 9/11 attacks.,half-true,FAKE,18,0.92655915,0.07344086,0.92655915,FAKE,0.64099556,0.3590044,0.64099556,FAKE,REAL,,REAL,REAL,,REAL
106,"Says Donald Trump said of women, And you can tell them to go f--- themselves.",pants-fire,FAKE,22,0.44565877,0.5543412,0.5543412,REAL,0.5427851,0.45721492,0.5427851,FAKE,REAL,,REAL,REAL,,REAL
107,"The Taliban has been there for years and years, I mean, hundreds of thousands of years.",pants-fire,FAKE,21,0.9472546,0.05274544,0.9472546,FAKE,0.60425144,0.39574853,0.60425144,FAKE,REAL,,REAL,REAL,,REAL
108,Iran President Hassan Rouhani has more Cabinet members with Ph.D.s from American universities than members of Barack Obamas Cabinet.,true,REAL,29,0.8095846,0.19041543,0.8095846,FAKE,0.5321074,0.4678926,0.5321074,FAKE,REAL,,REAL,REAL,,REAL
109,"The words subhuman mongrel, which Ted Nugent called President Barack Obama, were used by the Nazis to justify the genocide of the Jewish community.",true,REAL,34,0.9685242,0.03147578,0.9685242,FAKE,0.825725,0.17427495,0.825725,FAKE,REAL,,REAL,REAL,,REAL
110,"(Barack Obama) says hes going to reduce the long-term debt and deficit by $4 trillion, doesnt say how hes going to do it.",pants-fire,FAKE,35,0.9065908,0.09340914,0.9065908,FAKE,0.79976624,0.20023377,0.79976624,FAKE,REAL,,REAL,REAL,,REAL
111,Birth control pioneer Margaret Sanger wasan active participant in the Ku Klux Klan.,false,FAKE,19,0.93508726,0.06491268,0.93508726,FAKE,0.7760336,0.22396636,0.7760336,FAKE,FAKE,,FAKE,REAL,,REAL
112,Says President Obama and his National Labor Relations Board sued Boeing over its decision to open a plant in South Carolina.,half-true,FAKE,24,0.85389334,0.14610665,0.85389334,FAKE,0.7492888,0.25071123,0.7492888,FAKE,REAL,,REAL,REAL,,REAL
113,"Says U.S. Sen. Ron Johnson led the fight to let polluters release unlimited amounts of carbon pollution and took nearly $225,000 from polluters.",mostly-true,REAL,37,0.8706892,0.12931077,0.8706892,FAKE,0.727801,0.27219895,0.727801,FAKE,FAKE,,FAKE,REAL,,REAL
114,Orrin Hatch co-sponsored a 1993 health care bill that had an individual mandate.,true,REAL,19,0.7321959,0.26780412,0.7321959,FAKE,0.45113102,0.548869,0.548869,REAL,REAL,,REAL,REAL,,REAL
115,More (student-athletes) graduate than the students who arent student-athletes.,half-true,FAKE,19,0.056979895,0.9430201,0.9430201,REAL,0.2502853,0.7497147,0.7497147,REAL,REAL,,REAL,REAL,,REAL
116,U.S. Rep. Lloyd Doggett is the most liberal man in the United States Congress.,false,FAKE,22,0.99406505,0.005934947,0.99406505,FAKE,0.81912225,0.18087777,0.81912225,FAKE,REAL,,REAL,REAL,,REAL
117,"Its entirely possible that the Democratic nominee, [Hillary Clinton], earned more money giving a single speech on Wall Street than I made the six years that I was there back in the 1980s In fact, its quite likely.",barely-true,FAKE,46,0.8240646,0.17593537,0.8240646,FAKE,0.36587998,0.63412005,0.63412005,REAL,REAL,,REAL,REAL,,REAL
118,Says Mitt Romney flip-flopped on an assault weapons ban.,half-true,FAKE,15,0.06644221,0.9335578,0.9335578,REAL,0.30111656,0.6988835,0.6988835,REAL,REAL,,REAL,REAL,,REAL
119,"Says state Senate President Stephen Sweeney gave us the nations highest income tax rates, driving out jobs.",false,FAKE,21,0.98215437,0.017845593,0.98215437,FAKE,0.81159306,0.18840696,0.81159306,FAKE,REAL,,REAL,REAL,,REAL
120,Delaware Democratic Senate candidate Chris Coons thought that a 911 call should be taxed.,barely-true,FAKE,19,0.86694884,0.13305116,0.86694884,FAKE,0.72007775,0.27992225,0.72007775,FAKE,REAL,,REAL,REAL,,REAL
121,"When Tim Kaine was governor, spending soared, blowing holes in the budget every year.",barely-true,FAKE,20,0.82901967,0.17098027,0.82901967,FAKE,0.4872785,0.51272154,0.51272154,REAL,REAL,,REAL,REAL,,REAL
122,President Obama has the lowest public approval ratings of any president in modern times.,pants-fire,FAKE,17,0.9417462,0.058253806,0.9417462,FAKE,0.40861243,0.59138757,0.59138757,REAL,REAL,,REAL,REAL,,REAL
123,"Neville Chamberlain told the British people: Accept the Nazis. Yes, they will dominate the continent of Europe, but that is not our problem. Lets appease them. Why? Because it cant be done. We cannot possibly stand against them.",barely-true,FAKE,51,0.95008326,0.049916763,0.95008326,FAKE,0.7077144,0.29228562,0.7077144,FAKE,REAL,,REAL,REAL,,REAL
124,On an income cap for recipients of the popular HOPE scholarship,false,FAKE,13,0.978156,0.021843966,0.978156,FAKE,0.8158303,0.18416968,0.8158303,FAKE,REAL,,REAL,REAL,,REAL
125,Wisconsin is dead last in the Midwest for job creation.,mostly-true,REAL,13,0.8831965,0.116803534,0.8831965,FAKE,0.2199015,0.7800985,0.7800985,REAL,FAKE,,FAKE,REAL,,REAL
126,On running a civil and polite campaign.,half-true,FAKE,10,0.98705125,0.012948746,0.98705125,FAKE,0.90092826,0.099071704,0.90092826,FAKE,REAL,,REAL,REAL,,REAL
127,"Says President Barack Obama has taken 92 days of vacation since he was sworn in, compared to 367 for President George W. Bush at the same point in his presidency.",mostly-true,REAL,36,0.82754105,0.17245902,0.82754105,FAKE,0.49709445,0.50290555,0.50290555,REAL,REAL,,REAL,REAL,,REAL
128,"The federal government reviewed and verified his administrations numbers showing Wisconsin added 23,608 jobs in 2011.",half-true,FAKE,22,0.9099422,0.09005774,0.9099422,FAKE,0.64241767,0.35758236,0.64241767,FAKE,REAL,,REAL,REAL,,REAL
129,Tom Suozzi raised taxes by hundreds of millions of dollars as Nassau County executive.,true,REAL,19,0.70838773,0.29161224,0.70838773,FAKE,0.5615345,0.4384655,0.5615345,FAKE,REAL,,REAL,REAL,,REAL
130,"John Holdren, director of the White House Office of Science and Technology Policy, has proposed forcing abortions and putting sterilants in the drinking water to control population.",pants-fire,FAKE,36,0.96970135,0.030298673,0.96970135,FAKE,0.77001286,0.22998714,0.77001286,FAKE,FAKE,,FAKE,REAL,,REAL
131,Mitt Romney drove to Canada with the family dog Seamus strapped to the roof of the car.,mostly-true,REAL,21,0.34138295,0.6586171,0.6586171,REAL,0.48545483,0.51454514,0.51454514,REAL,FAKE,,FAKE,REAL,,REAL
132,Many of the founding fathers were very actively involved in cockfighting.,false,FAKE,15,0.5400995,0.4599005,0.5400995,FAKE,0.39374334,0.6062567,0.6062567,REAL,FAKE,,FAKE,REAL,,REAL
133,Says state Sen. Sheila Harsdorf wants to eliminate Medicare as we know it.,pants-fire,FAKE,19,0.97779214,0.022207834,0.97779214,FAKE,0.8521457,0.14785436,0.8521457,FAKE,FAKE,,FAKE,REAL,,REAL
134,The majority of people travelling to these destination resorts are not going for the primary purpose of gambling.,barely-true,FAKE,21,0.771738,0.22826204,0.771738,FAKE,0.3527348,0.6472652,0.6472652,REAL,REAL,,REAL,REAL,,REAL
135,Says Bill Nelson voted 98 percent of the time with Barack Obama.,mostly-true,REAL,15,0.7568695,0.24313052,0.7568695,FAKE,0.5175153,0.4824847,0.5175153,FAKE,REAL,,REAL,REAL,,REAL
136,I did not I did not I do not say that. I do not say that climate change is a hoax perpetrated by the Chinese.,barely-true,FAKE,31,0.94413793,0.055862114,0.94413793,FAKE,0.70500726,0.29499274,0.70500726,FAKE,REAL,,REAL,REAL,,REAL
137,"In Florida we have 75,000 on (a) waiting list for child care and 23,000 on waiting lists for community care for the elderly.",mostly-true,REAL,32,0.17773321,0.8222668,0.8222668,REAL,0.20146184,0.79853815,0.79853815,REAL,REAL,,REAL,REAL,,REAL
138,"Says NFL Commissioner Roger Goodell interviewed domestic abuse victim Janay Rice with Ray Rice present and for every domestic violence agency, every law enforcement agency, thats a no-no.",mostly-true,REAL,38,0.8392486,0.16075137,0.8392486,FAKE,0.66608775,0.33391225,0.66608775,FAKE,REAL,,REAL,REAL,,REAL
139,I can tell you that the enhanced interrogation techniques that have since been banned by this administration specifically waterboarding work.,false,FAKE,24,0.9160971,0.0839029,0.9160971,FAKE,0.5879587,0.41204125,0.5879587,FAKE,REAL,,REAL,REAL,,REAL
140,Virginia has made no progress on jobs since Bob McDonnell took office.,false,FAKE,15,0.9623785,0.037621513,0.9623785,FAKE,0.43907857,0.56092143,0.56092143,REAL,REAL,,REAL,REAL,,REAL
141,The Iraq Study Group reported that (Saddam Hussein) had designs on reviving his nuclear program.,false,FAKE,21,0.8762023,0.123797715,0.8762023,FAKE,0.74028164,0.25971833,0.74028164,FAKE,REAL,,REAL,REAL,,REAL
142,"The sex-offender registry has been around for a long time, and the research thats out there says that it has no positive impact on the public safety.",mostly-true,REAL,34,0.9606909,0.039309107,0.9606909,FAKE,0.5544721,0.44552788,0.5544721,FAKE,REAL,,REAL,REAL,,REAL
143,Ronald Reagan raised the national debt 18 times.,true,REAL,11,0.029465798,0.97053427,0.97053427,REAL,0.25556388,0.74443614,0.74443614,REAL,FAKE,,FAKE,REAL,,REAL
144,On whether global warming is man-made.,false,FAKE,11,0.98142725,0.018572709,0.98142725,FAKE,0.8833832,0.11661673,0.8833832,FAKE,REAL,,REAL,REAL,,REAL
145,The number of inmates since 2000 on death row dying of natural causes has now surpassed the number of inmates executed.,true,REAL,24,0.050432857,0.94956714,0.94956714,REAL,0.22124143,0.7787585,0.7787585,REAL,REAL,,REAL,REAL,,REAL
146,"Quite frankly, it was during the Bush years of spending, multiplied now by the Obama years that we have this mess.",mostly-true,REAL,26,0.7202814,0.27971855,0.7202814,FAKE,0.5659632,0.43403685,0.5659632,FAKE,REAL,,REAL,REAL,,REAL
147,Republicans have proposed dozens of (health care) solutions designed to help control costs and improve quality.,half-true,FAKE,21,0.11415432,0.8858457,0.8858457,REAL,0.43445015,0.5655499,0.5655499,REAL,REAL,,REAL,REAL,,REAL
148,"When the union says I want to eliminate tenure, thats not true.",half-true,FAKE,17,0.7731896,0.22681032,0.7731896,FAKE,0.6738858,0.3261142,0.6738858,FAKE,REAL,,REAL,REAL,,REAL
149,Says Hillary Clinton has donated every cent shes ever earned from speaking fees to charity.,false,FAKE,19,0.8897457,0.1102543,0.8897457,FAKE,0.54461074,0.45538926,0.54461074,FAKE,REAL,,REAL,REAL,,REAL
150,Charlottes anti-discrimination ordinance would have opened all bathrooms to all sexes at all times if it hadnt been overturned.,false,FAKE,26,0.63506776,0.36493227,0.63506776,FAKE,0.5329616,0.46703842,0.5329616,FAKE,REAL,,REAL,REAL,,REAL
151,Eighty percent of the American people support an approach (to federal budget problems) that includes revenues and includes cuts.,mostly-true,REAL,24,0.02532914,0.9746708,0.9746708,REAL,0.18071967,0.8192803,0.8192803,REAL,REAL,,REAL,REAL,,REAL
152,Social Security has nothing to do with the federal deficit.,barely-true,FAKE,13,0.9791875,0.020812545,0.9791875,FAKE,0.6192624,0.38073757,0.6192624,FAKE,REAL,,REAL,REAL,,REAL
153,About 1 percent of all the gun sellers are responsible for more than half of the guns that are used in crimes.,half-true,FAKE,25,0.4953066,0.5046934,0.5046934,REAL,0.21130548,0.78869456,0.78869456,REAL,REAL,,REAL,REAL,,REAL
154,On pay for fired Milwaukee police officers,false,FAKE,9,0.9864748,0.013525135,0.9864748,FAKE,0.8768675,0.12313256,0.8768675,FAKE,REAL,,REAL,REAL,,REAL
155,Texas is the state that has now gone the longest without electing a Democrat statewide.,true,REAL,19,0.18775259,0.81224746,0.81224746,REAL,0.2125172,0.78748274,0.78748274,REAL,REAL,,REAL,REAL,,REAL
156,Says CNN reported Ben Carson was taking a break from campaigning and the Cruz campaign forwarded that news to our volunteers.,false,FAKE,25,0.8257695,0.17423058,0.8257695,FAKE,0.7000276,0.29997241,0.7000276,FAKE,REAL,,REAL,REAL,,REAL
157,"Today, if you were raised poor, youre just as likely to stay poor as you were 50 years ago.",true,REAL,25,0.41825145,0.58174855,0.58174855,REAL,0.40260512,0.5973949,0.5973949,REAL,REAL,,REAL,REAL,,REAL
158,"Says President Barack Obama told a room of students, Children, every time I clap my hands together, a child in America dies from gun violence, and then a child told him he could solve the problem by not clapping any more.",pants-fire,FAKE,48,0.8002089,0.19979107,0.8002089,FAKE,0.7639758,0.23602422,0.7639758,FAKE,FAKE,,FAKE,REAL,,REAL
159,The United States has the longest surviving constitution.,mostly-true,REAL,11,0.53246,0.46754006,0.53246,FAKE,0.18226464,0.8177353,0.8177353,REAL,REAL,,REAL,REAL,,REAL
160,"Says, In Oregon in 2010, 49 percent of all pregnancies were unintended.",mostly-true,REAL,21,0.93295044,0.06704961,0.93295044,FAKE,0.32467246,0.67532754,0.67532754,REAL,REAL,,REAL,REAL,,REAL
161,Austin school district teachers are the lowest paid of any urban Texas district and the lowest paid of any surrounding school district.,half-true,FAKE,25,0.30958602,0.6904141,0.6904141,REAL,0.22536935,0.7746306,0.7746306,REAL,REAL,,REAL,REAL,,REAL
162,Says Clackamas County has more urban renewal debt than all the other Oregon counties combined.,half-true,FAKE,21,0.080271475,0.91972846,0.91972846,REAL,0.17758837,0.82241166,0.82241166,REAL,REAL,,REAL,REAL,,REAL
163,NASA scientists fudged the numbers to make 1998 the hottest year to overstate the extent of global warming.,pants-fire,FAKE,24,0.9513165,0.04868349,0.9513165,FAKE,0.589498,0.41050208,0.589498,FAKE,FAKE,,FAKE,REAL,,REAL
164,The University of Wisconsin System is larger than any business in the state of Wisconsin.,mostly-true,REAL,18,0.2864883,0.7135117,0.7135117,REAL,0.24717441,0.75282556,0.75282556,REAL,REAL,,REAL,REAL,,REAL
165,There is no record of congresswoman Betty Sutton ... ever holding a single in-person town hall meeting open to the general public.,false,FAKE,30,0.30336234,0.6966377,0.6966377,REAL,0.34988445,0.6501156,0.6501156,REAL,REAL,,REAL,REAL,,REAL
166,"Mark Herring voted to allow sex offenders, including rapists, to serve shorter sentences.",barely-true,FAKE,19,0.2907768,0.7092232,0.7092232,REAL,0.6850409,0.3149591,0.6850409,FAKE,REAL,,REAL,REAL,,REAL
167,Iraq has the second-largest oilfields in the world (behind) Saudi Arabia.,mostly-true,REAL,19,0.054426316,0.9455737,0.9455737,REAL,0.2196,0.78040004,0.78040004,REAL,REAL,,REAL,REAL,,REAL
168,Says states mandated tests come from an English company.,mostly-true,REAL,12,0.9404289,0.059571113,0.9404289,FAKE,0.70957696,0.29042307,0.70957696,FAKE,FAKE,,FAKE,REAL,,REAL
169,Says he got twice as much money from the sale of County Grounds land than Milwaukee County Executive Scott Walker was willing to accept.,barely-true,FAKE,27,0.90961975,0.09038026,0.90961975,FAKE,0.47086042,0.5291395,0.5291395,REAL,REAL,,REAL,REAL,,REAL
170,"We spend in tax loopholes annually $1.1 trillion. Thats more than we spend on our defense budget in a year, on Medicare or Medicaid in a year.",barely-true,FAKE,39,0.016130896,0.98386914,0.98386914,REAL,0.17095105,0.82904893,0.82904893,REAL,REAL,,REAL,REAL,,REAL
171,On the Bush tax cuts.,false,FAKE,8,0.9687594,0.031240584,0.9687594,FAKE,0.8605674,0.13943262,0.8605674,FAKE,REAL,,REAL,REAL,,REAL
172,Over half of the black workers in this country earn less than $15 an hour.,mostly-true,REAL,19,0.21500356,0.78499645,0.78499645,REAL,0.20098242,0.7990176,0.7990176,REAL,REAL,,REAL,REAL,,REAL
173,"Insured Floridians pay about $2,000 for every hospital stay to cover the cost of the uninsured.",half-true,FAKE,28,0.30623645,0.6937636,0.6937636,REAL,0.24798113,0.75201887,0.75201887,REAL,REAL,,REAL,REAL,,REAL
174,Sixteen million jobs were created under Ronald Reagans presidency.,true,REAL,13,0.8979543,0.1020457,0.8979543,FAKE,0.68805164,0.31194833,0.68805164,FAKE,REAL,,REAL,REAL,,REAL
175,This would be the largest casino in the United States.,pants-fire,FAKE,13,0.44892782,0.55107224,0.55107224,REAL,0.3998508,0.60014915,0.60014915,REAL,REAL,,REAL,REAL,,REAL
176,"Barack Obama's health care plan ""will cost taxpayers $1,700 more to cover each new person.""",barely-true,FAKE,25,0.908872,0.09112794,0.908872,FAKE,0.8536383,0.14636172,0.8536383,FAKE,FAKE,,FAKE,REAL,,REAL
177,Barack Obama ... 96 percent of his votes have been solely along party line.,true,REAL,19,0.7815173,0.21848266,0.7815173,FAKE,0.6484716,0.35152835,0.6484716,FAKE,REAL,,REAL,REAL,,REAL
178,President Obama and Nancy Pelosi said Obamacare would save money because they factored in 10 years worth of tax revenue and only six and half years worth of expenses.,half-true,FAKE,36,0.64777756,0.35222244,0.64777756,FAKE,0.76222456,0.23777546,0.76222456,FAKE,REAL,,REAL,REAL,,REAL
179,"John McCain ""has not led on nonproliferation issues when he had the chance in the Senate.""",true,REAL,24,0.23740546,0.76259446,0.76259446,REAL,0.2970508,0.70294917,0.70294917,REAL,REAL,,REAL,REAL,,REAL
180,Says American polling shows Russian President Vladimir Putin has an 80 percent approval rating.,true,REAL,17,0.38251197,0.6174881,0.6174881,REAL,0.47680354,0.52319646,0.52319646,REAL,FAKE,,FAKE,REAL,,REAL
181,Pasco County schools have graduation rates substantially higher than the state average and dropout rates below the state average.,true,REAL,24,0.9741002,0.025899779,0.9741002,FAKE,0.19161586,0.8083842,0.8083842,REAL,REAL,,REAL,REAL,,REAL
182,Eighty-five percent of the states in the United States that had electrocution have now abolished it.,mostly-true,REAL,23,0.5523795,0.4476205,0.5523795,FAKE,0.21456009,0.7854399,0.7854399,REAL,REAL,,REAL,REAL,,REAL
183,"Says that each year, about 25,000 American women become pregnant through rape or incest.",half-true,FAKE,21,0.18987998,0.81012,0.81012,REAL,0.3540456,0.6459544,0.6459544,REAL,REAL,,REAL,REAL,,REAL
184,"Bill Nelson leased land that he owned for six cows, taking advantage of an agricultural tax loophole to dodge $43,000 in taxes just last year.",half-true,FAKE,33,0.098393515,0.9016065,0.9016065,REAL,0.37459752,0.62540245,0.62540245,REAL,FAKE,,FAKE,REAL,,REAL
185,"In rural Virginia, Sen. Warner ran 8-10 points ahead of a traditional Democrat -- ahead of Senator Kaine, ahead of Governor McAuliffe.",false,FAKE,34,0.62173253,0.37826744,0.62173253,FAKE,0.37646943,0.6235305,0.6235305,REAL,REAL,,REAL,REAL,,REAL
186,I can tell you with certainty (capandtrade)would have a devastating impact on our economy.,false,FAKE,23,0.9025974,0.09740255,0.9025974,FAKE,0.6666836,0.33331642,0.6666836,FAKE,REAL,,REAL,REAL,,REAL
187,Today many Florida teachers are at risk of having their pay impacted by the performance of children who are not even in their classrooms or subject areas.,mostly-true,REAL,30,0.83661616,0.16338387,0.83661616,FAKE,0.512701,0.48729903,0.512701,FAKE,REAL,,REAL,REAL,,REAL
188,Mitt Romney left Massachusetts $1 billion in debt.,false,FAKE,13,0.61424357,0.3857564,0.61424357,FAKE,0.5370521,0.46294788,0.5370521,FAKE,REAL,,REAL,REAL,,REAL
189,Says Barack Obama promised he would cut the deficit in half but didnt.,true,REAL,17,0.1467929,0.8532071,0.8532071,REAL,0.7559813,0.24401867,0.7559813,FAKE,REAL,,REAL,REAL,,REAL
190,Old City in Philadelphiaused to have more than a dozen clubs and thats what we were known for and now were down to two.,mostly-true,REAL,29,0.05834026,0.94165975,0.94165975,REAL,0.26439914,0.7356008,0.7356008,REAL,REAL,,REAL,REAL,,REAL
191,Says Denmarks suicide rate has been about twice as high as the United States over the past five decades.,barely-true,FAKE,23,0.84484583,0.15515411,0.84484583,FAKE,0.3158556,0.68414444,0.68414444,REAL,REAL,,REAL,REAL,,REAL
192,"China has total control, just about, of North Korea.",barely-true,FAKE,14,0.92375326,0.07624676,0.92375326,FAKE,0.30390134,0.6960986,0.6960986,REAL,REAL,,REAL,REAL,,REAL
193,The fact is the Clinton Foundation has got about 80 percent in overhead and 20 percent of the money is actually getting into the places it should.,false,FAKE,30,0.9468078,0.05319223,0.9468078,FAKE,0.5238148,0.47618517,0.5238148,FAKE,REAL,,REAL,REAL,,REAL
194,The U.S. Constitution owes its notion of democracy to the Iroquois Tribes.,barely-true,FAKE,18,0.58478624,0.41521376,0.58478624,FAKE,0.46706793,0.5329321,0.5329321,REAL,REAL,,REAL,REAL,,REAL
195,"Since the first of the year, 153 businesses at last count had moved out of California to Texas.",half-true,FAKE,22,0.14047843,0.85952157,0.85952157,REAL,0.25971466,0.74028534,0.74028534,REAL,FAKE,,FAKE,REAL,,REAL
196,Barack Obama has provided guns to Mexican drug cartels.,half-true,FAKE,13,0.9885223,0.011477715,0.9885223,FAKE,0.8609695,0.13903053,0.8609695,FAKE,FAKE,,FAKE,REAL,,REAL
197,"Says Chris Koster fell silentas attorney general in pursuing a case against a free classified service accused of promoting prostitution after accepting over $12,000 in campaign contributions from people affiliated with the service.",barely-true,FAKE,41,0.9546233,0.04537671,0.9546233,FAKE,0.7662764,0.23372357,0.7662764,FAKE,REAL,,REAL,REAL,,REAL
198,Health care premiums for consumers have doubled since 2001.,true,REAL,13,0.039158545,0.9608415,0.9608415,REAL,0.19983107,0.80016893,0.80016893,REAL,REAL,,REAL,REAL,,REAL
199,"Says, Less than half of all states have legal protections on the basis of sexual orientation or gender identity, despite the fact that LGBT Americans report employment discrimination and unemployment at much higher rates than the U.S. average.",mostly-true,REAL,46,0.09836721,0.90163285,0.90163285,REAL,0.21632902,0.7836709,0.7836709,REAL,REAL,,REAL,REAL,,REAL
200,"Gov. Romney himself, with 28 other Republican governors, supported policies that would have eliminated the time limits in the welfare reform law and allowed people to stay on welfare forever.",false,FAKE,36,0.19017486,0.80982506,0.80982506,REAL,0.31331334,0.68668664,0.68668664,REAL,REAL,,REAL,REAL,,REAL
201,"Under Lt. Gov. Lee Fisher, Ohio is 44th in the country in terms of getting money actually into worker retraining.",false,FAKE,28,0.94653803,0.053461958,0.94653803,FAKE,0.62749285,0.37250715,0.62749285,FAKE,REAL,,REAL,REAL,,REAL
202,"Im well aware that medical marijuana is a recognized, medical, viable treatment for this sort of [pancreas] pain condition.",false,FAKE,28,0.5019165,0.49808353,0.5019165,FAKE,0.4632183,0.53678167,0.53678167,REAL,REAL,,REAL,REAL,,REAL
203,Says Rick Perry recently said he wanted another (Texas) business tax.,pants-fire,FAKE,16,0.40112904,0.59887105,0.59887105,REAL,0.51888394,0.48111606,0.51888394,FAKE,REAL,,REAL,REAL,,REAL
204,"By a two-to-one margin, Rhode Islanders want to ban assault weapons and we have a very small percentage of gun owners in this state, less than 13 percent.",mostly-true,REAL,37,0.030148597,0.96985143,0.96985143,REAL,0.23043704,0.76956296,0.76956296,REAL,REAL,,REAL,REAL,,REAL
205,"Right now, an employer has more of a chance of getting hit by lightning than be prosecuted for hiring an undocumented worker. That has to change.",false,FAKE,33,0.4520825,0.5479174,0.5479174,REAL,0.57251227,0.42748767,0.57251227,FAKE,REAL,,REAL,REAL,,REAL
206,Wisconsin dropped from second in the country to 41st among states where more than half the students took the ACT exam.,pants-fire,FAKE,24,0.39602336,0.60397667,0.60397667,REAL,0.20924772,0.79075223,0.79075223,REAL,REAL,,REAL,REAL,,REAL
207,"Says 315,000 mostly minority Texas students are enrolled in failing schools.",mostly-true,REAL,16,0.98127043,0.018729605,0.98127043,FAKE,0.52928805,0.47071192,0.52928805,FAKE,REAL,,REAL,REAL,,REAL
208,"Says At age 76 when you most need it, you are not eligible for cancer treatment under Affordable Care Act.",pants-fire,FAKE,24,0.91096574,0.089034244,0.91096574,FAKE,0.4837212,0.5162788,0.5162788,REAL,REAL,,REAL,REAL,,REAL
209,Says an Obama administration policy prohibits people who work with at-risk youth from promoting marriage as a way to avoid poverty.,false,FAKE,26,0.97241706,0.027582942,0.97241706,FAKE,0.77693963,0.22306035,0.77693963,FAKE,REAL,,REAL,REAL,,REAL
210,...Secret documents reveal that Iran could obtain a nuclear weapon far sooner than we were told. And Tammy Duckworth voted yes (on the Iran nuclear deal).,barely-true,FAKE,36,0.3675756,0.6324244,0.6324244,REAL,0.5044979,0.49550208,0.5044979,FAKE,REAL,,REAL,REAL,,REAL
211,"If you look at the results of Obamacare, what you see is emergency room visits are up over 50 percent.",barely-true,FAKE,25,0.9911833,0.008816745,0.9911833,FAKE,0.80315316,0.1968468,0.80315316,FAKE,REAL,,REAL,REAL,,REAL
212,Loranne Ausley voted six times to tax your savings.,false,FAKE,15,0.9417978,0.058202203,0.9417978,FAKE,0.5392983,0.46070173,0.5392983,FAKE,FAKE,,FAKE,REAL,,REAL
213,Four state Assembly Democrats scored a death blow to northeast Wisconsins economy by killing hundreds of jobs at a potential Bass Pro Shops near Green Bay.,pants-fire,FAKE,30,0.9901529,0.009847104,0.9901529,FAKE,0.7965857,0.20341429,0.7965857,FAKE,FAKE,,FAKE,REAL,,REAL
214,The president campaigned against this type of legislation.,true,REAL,11,0.48006302,0.519937,0.519937,REAL,0.523574,0.476426,0.523574,FAKE,REAL,,REAL,REAL,,REAL
215,One in every three women has an abortion during her lifetime.,half-true,FAKE,14,0.4707074,0.52929264,0.52929264,REAL,0.36589321,0.63410676,0.63410676,REAL,REAL,,REAL,REAL,,REAL
216,"Barack Obama ""is more to the left of the announced Socialist in the United States Senate.""",barely-true,FAKE,21,0.9792172,0.02078276,0.9792172,FAKE,0.80851245,0.19148748,0.80851245,FAKE,REAL,,REAL,REAL,,REAL
217,What president has the worst record on female labor force participation? Barack Obama.,barely-true,FAKE,17,0.99183357,0.008166455,0.99183357,FAKE,0.9007135,0.0992865,0.9007135,FAKE,FAKE,,FAKE,REAL,,REAL
218,Two million more Latinos are in poverty today than when President Obamatook his oath of office less than eight years ago.,half-true,FAKE,27,0.9090418,0.0909582,0.9090418,FAKE,0.47371206,0.526288,0.526288,REAL,REAL,,REAL,REAL,,REAL
219,The Social Security trust fund is already facing imminent bankruptcy.,barely-true,FAKE,13,0.9086637,0.09133628,0.9086637,FAKE,0.6966163,0.3033837,0.6966163,FAKE,REAL,,REAL,REAL,,REAL
220,"Seven hundred thousand. Thats how many California jobs will be lost thanks to the politicians raising the minimum wage.Now Florida is adding one million jobs, not losing them.",barely-true,FAKE,36,0.78297544,0.21702456,0.78297544,FAKE,0.6964747,0.30352533,0.6964747,FAKE,REAL,,REAL,REAL,,REAL
221,America is No. 1 in wind power.,mostly-true,REAL,11,0.014490595,0.98550946,0.98550946,REAL,0.1875875,0.81241244,0.81241244,REAL,REAL,,REAL,REAL,,REAL
222,"The percentage of black children born without a father in the home has risen from 7 percent in 1964 to 73 percent today, due to changes from President Lyndon Johnsons Great Society.",false,FAKE,37,0.9885261,0.01147382,0.9885261,FAKE,0.6706304,0.32936957,0.6706304,FAKE,FAKE,,FAKE,REAL,,REAL
223,I said no to these big bank bailouts.,true,REAL,12,0.984868,0.015132051,0.984868,FAKE,0.6525924,0.3474076,0.6525924,FAKE,REAL,,REAL,REAL,,REAL
224,People have a constitutional right to have semiautomatic rifles.,mostly-true,REAL,15,0.32603756,0.6739624,0.6739624,REAL,0.3428348,0.6571652,0.6571652,REAL,FAKE,,FAKE,REAL,,REAL
225,"This budget also reflects the smallest state government workforce per 1,000 residents in Florida in this century.",mostly-true,REAL,22,0.04708177,0.95291823,0.95291823,REAL,0.16256107,0.83743894,0.83743894,REAL,REAL,,REAL,REAL,,REAL
226,"The film and TV industry supports more than 24,000 direct jobs and pays local workers more than $1.68 billion in wages in Georgia.",mostly-true,REAL,31,0.046386983,0.95361304,0.95361304,REAL,0.23352654,0.7664734,0.7664734,REAL,REAL,,REAL,REAL,,REAL
227,Property taxes have increased 20 percent under four years of Chris Christie.,mostly-true,REAL,15,0.90412486,0.09587514,0.90412486,FAKE,0.43810737,0.5618926,0.5618926,REAL,REAL,,REAL,REAL,,REAL
228,"When it comes to income taxes, Wisconsin is one of the best places in the country to be poor but top 4 or 5 worst for middle-income earners.",mostly-true,REAL,35,0.84007573,0.15992433,0.84007573,FAKE,0.22110194,0.77889806,0.77889806,REAL,REAL,,REAL,REAL,,REAL
229,ACORN could get up to $8.5 billion more tax dollars despite being under investigation for voter registration fraud in a dozen states.,false,FAKE,29,0.10187333,0.89812666,0.89812666,REAL,0.31086013,0.6891399,0.6891399,REAL,REAL,,REAL,REAL,,REAL
230,"Says Congressman Jon Runyan does not want to cut taxes for the middle class, but only for millionaires.",barely-true,FAKE,24,0.9794765,0.020523492,0.9794765,FAKE,0.7194717,0.28052834,0.7194717,FAKE,REAL,,REAL,REAL,,REAL
231,On his half pay pledge.,half-true,FAKE,8,0.96874,0.031260002,0.96874,FAKE,0.7905939,0.20940605,0.7905939,FAKE,REAL,,REAL,REAL,,REAL
232,"Over 10 years, (extending tax cuts for the wealthy) would add less to the deficit than Obama added with the stimulus in one year.",barely-true,FAKE,30,0.11709928,0.8829008,0.8829008,REAL,0.64366704,0.35633296,0.64366704,FAKE,REAL,,REAL,REAL,,REAL
233,The collective net worth of Americans has taken a $5.5 trillion hit ... mainly due to plummeting home values.,true,REAL,29,0.19138804,0.808612,0.808612,REAL,0.5250578,0.47494218,0.5250578,FAKE,REAL,,REAL,REAL,,REAL
234,Gov. Rick Scott backed the federal shutdown.,barely-true,FAKE,12,0.3505607,0.6494393,0.6494393,REAL,0.59016484,0.4098352,0.59016484,FAKE,REAL,,REAL,REAL,,REAL
235,"The average Georgia family makes $6,000 less than the average family did 10 years ago when inflation is factored in.",true,REAL,27,0.014152167,0.98584783,0.98584783,REAL,0.16246946,0.83753055,0.83753055,REAL,REAL,,REAL,REAL,,REAL
236,"As weve seen that federal support for states diminish, youve seen the biggest job losses in the public sector -- teachers, police officers, firefighters losing their jobs.",mostly-true,REAL,38,0.264252,0.735748,0.735748,REAL,0.47648713,0.5235129,0.5235129,REAL,REAL,,REAL,REAL,,REAL
237,"Says New START, passed while Clinton was secretary of state, is a treaty cutting Russias nuclear arms.",half-true,FAKE,23,0.9803389,0.019661142,0.9803389,FAKE,0.75108564,0.24891442,0.75108564,FAKE,REAL,,REAL,REAL,,REAL
238,Says his free public university tuition program is paid for by a tax on Wall Streets speculation.,barely-true,FAKE,20,0.9594386,0.040561385,0.9594386,FAKE,0.62922525,0.37077472,0.62922525,FAKE,REAL,,REAL,REAL,,REAL
239,Ohio ranks 46th in the country in putting dollars in the classroom.,mostly-true,REAL,15,0.10558519,0.8944148,0.8944148,REAL,0.1895665,0.81043357,0.81043357,REAL,REAL,,REAL,REAL,,REAL
240,"Under a Wisconsin bill, minor offenses such as violating pet leash laws, seat belt laws, parking infractions, etc., would now be arrestable offenses.",half-true,FAKE,35,0.69847786,0.30152214,0.69847786,FAKE,0.4505237,0.5494763,0.5494763,REAL,REAL,,REAL,REAL,,REAL
241,"Says in 2003 Texas cut $10 billion out of the entire budget, yet we put $1.8 billion more into public education. We put $800 million more into health and human services.",barely-true,FAKE,41,0.48595384,0.5140462,0.5140462,REAL,0.40418395,0.5958161,0.5958161,REAL,REAL,,REAL,REAL,,REAL
242,Under Hillary Clintons plan illegal immigrants convicted of committing crimes get to stay.,half-true,FAKE,17,0.9737084,0.026291573,0.9737084,FAKE,0.86390036,0.13609962,0.86390036,FAKE,REAL,,REAL,REAL,,REAL
243,"The Obama administration leaked information, deliberately or otherwise, that led to the identification of the Pakistani doctor that helped us in achieving our goals and killing bin Laden.",false,FAKE,33,0.99048597,0.009514061,0.99048597,FAKE,0.7975359,0.20246409,0.7975359,FAKE,REAL,,REAL,REAL,,REAL
244,"Over the last several months, there was a review board headed by two distinguished Americans, Mike Mullen and Tom Pickering, who investigated every element of the Benghazi incident.",barely-true,FAKE,37,0.9473568,0.052643206,0.9473568,FAKE,0.6331386,0.36686143,0.6331386,FAKE,REAL,,REAL,REAL,,REAL
245,"Says, when this governor came to office, he had (an) 11 billion dollar - I call it mismanagement deficit.",mostly-true,REAL,28,0.86812186,0.13187814,0.86812186,FAKE,0.44387984,0.55612016,0.55612016,REAL,REAL,,REAL,REAL,,REAL
246,Georgia and other states with weak gun laws have more crime.,mostly-true,REAL,14,0.3026749,0.69732505,0.69732505,REAL,0.26654637,0.7334537,0.7334537,REAL,REAL,,REAL,REAL,,REAL
247,Says President Barack Obama spent nearly a trillion dollars on make-work government jobs.,false,FAKE,18,0.9691375,0.0308625,0.9691375,FAKE,0.8081325,0.1918675,0.8081325,FAKE,FAKE,,FAKE,REAL,,REAL
248,"Among Hispanics, support for immigration reform is close to universal.",mostly-true,REAL,15,0.07709354,0.92290646,0.92290646,REAL,0.3089152,0.69108474,0.69108474,REAL,REAL,,REAL,REAL,,REAL
249,Says a Ted Cruz ad has got me bull-dozing down a house.I never bulldozed it down. Its false advertising.,half-true,FAKE,30,0.9877592,0.012240813,0.9877592,FAKE,0.7913374,0.20866267,0.7913374,FAKE,REAL,,REAL,REAL,,REAL
250,Wages adjusted for inflation havent risen since the turn of the last century.,half-true,FAKE,17,0.26228222,0.73771775,0.73771775,REAL,0.23209623,0.76790375,0.76790375,REAL,FAKE,,FAKE,REAL,,REAL
251,Says 95 percent of people caught crossing the U.S.-Mexico border said in a survey we are coming because weve been promised amnesty.,half-true,FAKE,31,0.98418957,0.015810367,0.98418957,FAKE,0.64205843,0.3579416,0.64205843,FAKE,FAKE,,FAKE,REAL,,REAL
252,There would be tens of thousands of jobs created if President Barack Obama approved the Keystone XL pipeline.,barely-true,FAKE,21,0.9828452,0.017154844,0.9828452,FAKE,0.8567928,0.14320719,0.8567928,FAKE,REAL,,REAL,REAL,,REAL
253,Weve brought trade cases against China at nearly twice the rate as the last administration.,half-true,FAKE,19,0.9076757,0.09232431,0.9076757,FAKE,0.48761284,0.51238716,0.51238716,REAL,REAL,,REAL,REAL,,REAL
254,"When we started this health care debate a year ago, 85 percent of the American people had health insurance, and 95 percent of the 85 percent were happy with it.",mostly-true,REAL,35,0.028298048,0.971702,0.971702,REAL,0.23555037,0.76444966,0.76444966,REAL,REAL,,REAL,REAL,,REAL
255,"Since John F. Kennedy was assassinated in 1963, more Americans have died by gunfire within our own country than American servicemen and women who were killed in all our wars.",true,REAL,35,0.033442616,0.96655744,0.96655744,REAL,0.25561658,0.74438345,0.74438345,REAL,REAL,,REAL,REAL,,REAL
256,Obama said he would unilaterally renegotiate the North American Free Trade Agreement.,mostly-true,REAL,21,0.8897577,0.11024233,0.8897577,FAKE,0.7515601,0.24843988,0.7515601,FAKE,REAL,,REAL,REAL,,REAL
257,"In the 513 days between Trayvon dying, and todays verdict, 11,106 African-Americans have been murdered by other African-Americans.",barely-true,FAKE,32,0.9617294,0.03827057,0.9617294,FAKE,0.5441568,0.45584324,0.5441568,FAKE,FAKE,,FAKE,REAL,,REAL
258,Says If you compare the Portland Metro area to the CDCs statewide cavity rates ... the Portland Metro area would actually rank as having the 15th lowest cavity rate in the U.S.,false,FAKE,40,0.043820906,0.9561791,0.9561791,REAL,0.2670679,0.7329321,0.7329321,REAL,REAL,,REAL,REAL,,REAL
259,"He received ""A"" ratings from ""every conservative organization that gives ratings.""",mostly-true,REAL,18,0.24063572,0.7593643,0.7593643,REAL,0.37250865,0.62749135,0.62749135,REAL,REAL,,REAL,REAL,,REAL
260,"It costs $10,000 a year to keep a child in school; it costs $30,000 a year to keep someone in prison.",true,REAL,31,0.5061678,0.4938322,0.5061678,FAKE,0.3009323,0.6990677,0.6990677,REAL,REAL,,REAL,REAL,,REAL
261,Says Republican Rep. Charlie Dent wants to kick the Freedom Caucus out of the Republican conference for voting our conscience.,false,FAKE,24,0.956834,0.043165993,0.956834,FAKE,0.824837,0.17516299,0.824837,FAKE,REAL,,REAL,REAL,,REAL
262,"He was offered medical care for his injuries if he would give up military information in return. John McCain said, 'No.'",false,FAKE,28,0.20804894,0.791951,0.791951,REAL,0.4667999,0.5332001,0.5332001,REAL,REAL,,REAL,REAL,,REAL
263,Two-thirds of Wisconsin corporations dont pay state income taxes.,mostly-true,REAL,15,0.03905853,0.9609415,0.9609415,REAL,0.18538971,0.81461024,0.81461024,REAL,REAL,,REAL,REAL,,REAL
264,There are literally teachers now who are getting pink slips because of sequestration.,barely-true,FAKE,18,0.97757727,0.022422729,0.97757727,FAKE,0.7312756,0.26872438,0.7312756,FAKE,REAL,,REAL,REAL,,REAL
265,Obamacare ... will kill jobs across America.,false,FAKE,13,0.99316144,0.006838581,0.99316144,FAKE,0.89600044,0.10399959,0.89600044,FAKE,FAKE,,FAKE,REAL,,REAL
266,"Last weeks three most-viewed television programs wereSunday Night Football, Thursday Night Football and Monday Night Football.",true,REAL,24,0.07532908,0.92467093,0.92467093,REAL,0.24334843,0.7566516,0.7566516,REAL,REAL,,REAL,REAL,,REAL
267,On federal stimulus money for expanding rail service.,true,REAL,11,0.9766938,0.023306204,0.9766938,FAKE,0.89227116,0.107728794,0.89227116,FAKE,REAL,,REAL,REAL,,REAL
268,"About 106,000 soldiers had a prescription of three weeks or more for pain, depression or anxiety medication.",true,REAL,23,0.086159304,0.9138407,0.9138407,REAL,0.23889431,0.7611057,0.7611057,REAL,REAL,,REAL,REAL,,REAL
269,Georgia loses millions of dollars of revenue because people go out of state to buy fireworks.,mostly-true,REAL,19,0.87805,0.12195002,0.87805,FAKE,0.5535737,0.44642624,0.5535737,FAKE,REAL,,REAL,REAL,,REAL
270,"If you and I fail to defund ObamaCare now, some 16,000 new IRS agents will be begin prying into our private medical records, eyeing each and every one of our treatments and prescriptions for violations.",pants-fire,FAKE,46,0.9841606,0.015839452,0.9841606,FAKE,0.8304892,0.16951074,0.8304892,FAKE,FAKE,,FAKE,REAL,,REAL
271,John McCain says it's okay with him if the U.S. spends the next thousand years in Iraq.,true,REAL,25,0.4202128,0.5797872,0.5797872,REAL,0.50043416,0.49956578,0.50043416,FAKE,FAKE,,FAKE,FAKE,,FAKE
272,"Says that in 2015, illegal immigrants accounted for 75 percent of federal drug possession convictions and 5 percent to 30 percent of convictions for murder and kidnapping plus two other crimes.",true,REAL,35,0.60324955,0.39675042,0.60324955,FAKE,0.23924847,0.76075155,0.76075155,REAL,REAL,,REAL,REAL,,REAL
273,"The Clinton Foundation is a charity where President and Secretary Clinton and their daughter, they take no salary, they get no money from it, they take no personal benefit from it.",mostly-true,REAL,37,0.9884688,0.011531139,0.9884688,FAKE,0.7389411,0.261059,0.7389411,FAKE,REAL,,REAL,REAL,,REAL
274,"Says his bill, HB 97, would prevent the use of taxpayer dollars on abortions.",false,FAKE,21,0.9168969,0.08310312,0.9168969,FAKE,0.6153683,0.3846317,0.6153683,FAKE,REAL,,REAL,REAL,,REAL
275,The average Atlanta resident spends an extra $924 each year in additional gasoline and wasted time.,mostly-true,REAL,21,0.3289602,0.67103976,0.67103976,REAL,0.2075008,0.7924992,0.7924992,REAL,REAL,,REAL,REAL,,REAL
276,Federal health care reforms amounted to the government takeover of health care.,pants-fire,FAKE,15,0.9859949,0.014005074,0.9859949,FAKE,0.74222094,0.25777903,0.74222094,FAKE,REAL,,REAL,REAL,,REAL
277,Barack Obama and Hillary Clinton have changed their positions (on the Iraq war withdrawal) to follow Chris Dodd.,half-true,FAKE,23,0.97611475,0.023885295,0.97611475,FAKE,0.80769837,0.19230163,0.80769837,FAKE,FAKE,,FAKE,REAL,,REAL
278,Saturday Night Live executive producer Lorne Michaels could be put in jail under this amendment for making fun of any politician.,half-true,FAKE,25,0.31019166,0.6898083,0.6898083,REAL,0.5556058,0.4443942,0.5556058,FAKE,REAL,,REAL,REAL,,REAL
279,"When he worked for ATT, he ""was responsible for large parts in a $5 billion organization.""",false,FAKE,24,0.6510065,0.34899357,0.6510065,FAKE,0.52976793,0.4702321,0.52976793,FAKE,REAL,,REAL,REAL,,REAL
280,"6,400 Ohioans ... lost manufacturing jobs in the month of September.",mostly-true,REAL,19,0.05908442,0.9409156,0.9409156,REAL,0.34865573,0.65134424,0.65134424,REAL,REAL,,REAL,REAL,,REAL
281,Mitch McConnell voted with Harry Reid to infringe on our gun rights.,pants-fire,FAKE,17,0.98308027,0.0169198,0.98308027,FAKE,0.5583052,0.44169483,0.5583052,FAKE,FAKE,,FAKE,REAL,,REAL
282,Says Ron Johnson gave himself a $10 million sweetheart corporate payout,half-true,FAKE,15,0.9432549,0.056745157,0.9432549,FAKE,0.7786637,0.22133629,0.7786637,FAKE,REAL,,REAL,REAL,,REAL
283,"Of the roughly 15 percent of Americans who dont have health insurance, half of them made more than $50,000 a year.",false,FAKE,29,0.042634238,0.95736575,0.95736575,REAL,0.1839519,0.8160481,0.8160481,REAL,FAKE,,FAKE,REAL,,REAL
284,"The United States can immediately tap a domestic energy resource of more than 1.5 trillion barrels of oil, six times more than Saudi Arabia.",barely-true,FAKE,30,0.033071086,0.9669289,0.9669289,REAL,0.19239382,0.8076062,0.8076062,REAL,REAL,,REAL,REAL,,REAL
285,Says House Democrats voted to use your tax dollars for abortions by voting against bill defunding Planned Parenthood.,false,FAKE,25,0.655458,0.34454206,0.655458,FAKE,0.6046303,0.39536974,0.6046303,FAKE,REAL,,REAL,REAL,,REAL
286,We need a Senator who shows up to work. Sherrod Brown missed over 350 official votes.,barely-true,FAKE,22,0.9412055,0.05879447,0.9412055,FAKE,0.48447412,0.5155259,0.5155259,REAL,REAL,,REAL,REAL,,REAL
287,It is already in the law that there is a requirement to screen (refugees) for religion.,mostly-true,REAL,21,0.6389691,0.36103082,0.6389691,FAKE,0.46618578,0.53381425,0.53381425,REAL,REAL,,REAL,REAL,,REAL
288,"At the mere request from Putin, President Obama withdrew the plans for a missile defense program based in Poland and the Czech Republic.",barely-true,FAKE,27,0.6851551,0.31484488,0.6851551,FAKE,0.69872975,0.30127025,0.69872975,FAKE,REAL,,REAL,REAL,,REAL
289,"I did very well with young people in Ohio, Massachusetts, California.",half-true,FAKE,16,0.42198184,0.5780181,0.5780181,REAL,0.34977448,0.6502256,0.6502256,REAL,REAL,,REAL,REAL,,REAL
290,"Health care reform ""would bring down the deficit by as much as $1 trillion over the next two decades.""",half-true,FAKE,25,0.8963471,0.10365287,0.8963471,FAKE,0.500066,0.49993405,0.500066,FAKE,REAL,,REAL,REAL,,REAL
291,"McCain ""has opposed stem cell research.""",false,FAKE,11,0.027646493,0.97235346,0.97235346,REAL,0.3169642,0.6830358,0.6830358,REAL,REAL,,REAL,REAL,,REAL
292,Austin has more lobbyists working for it than any other municipality in Texas.,mostly-true,REAL,17,0.64853734,0.35146266,0.64853734,FAKE,0.2594779,0.7405221,0.7405221,REAL,REAL,,REAL,REAL,,REAL
293,"The EPA wants to hire 230,000 new government regulators that will cost the taxpayer $21 billion.",false,FAKE,22,0.9745601,0.02543992,0.9745601,FAKE,0.78072655,0.21927345,0.78072655,FAKE,FAKE,,FAKE,REAL,,REAL
294,"If the Trans-Pacific Partnership is fast-tracked through the Senate, it wont receive a committee assignment and the consideration will include no debate.",false,FAKE,31,0.8018925,0.19810745,0.8018925,FAKE,0.64208865,0.35791132,0.64208865,FAKE,REAL,,REAL,REAL,,REAL
295,On whether the government should bail out insurance giant AIG.,half-true,FAKE,14,0.9883038,0.011696184,0.9883038,FAKE,0.89499575,0.10500429,0.89499575,FAKE,REAL,,REAL,REAL,,REAL
296,The Cleveland police has issued a stand down order to officers.,pants-fire,FAKE,14,0.85521054,0.14478949,0.85521054,FAKE,0.640529,0.359471,0.640529,FAKE,REAL,,REAL,REAL,,REAL
297,"The Keystone pipeline creates 35 permanent jobs after construction, according to a government report.",true,REAL,18,0.91199136,0.08800866,0.91199136,FAKE,0.71870327,0.2812967,0.71870327,FAKE,REAL,,REAL,REAL,,REAL
298,We already pay the highest electricity prices in the country here in New England.,half-true,FAKE,17,0.038970213,0.96102977,0.96102977,REAL,0.1577845,0.84221554,0.84221554,REAL,REAL,,REAL,REAL,,REAL
299,We're going to have more troops (in Afghanistan) . . . than the Russians had.,barely-true,FAKE,22,0.43057323,0.5694267,0.5694267,REAL,0.38857794,0.61142206,0.61142206,REAL,REAL,,REAL,REAL,,REAL
300,Victory! Republicans by 2 to 1 vote to endorse Mark Neumann on first ballot at GOP convention.,false,FAKE,24,0.93451786,0.06548212,0.93451786,FAKE,0.5356191,0.4643809,0.5356191,FAKE,REAL,,REAL,REAL,,REAL
301,Florida is investing record amounts of funding for HIV/AIDS prevention.,barely-true,FAKE,15,0.7536335,0.24636646,0.7536335,FAKE,0.46083403,0.539166,0.539166,REAL,REAL,,REAL,REAL,,REAL
302,There's only four senators senior to me ... there's still 44 older than me.,mostly-true,REAL,23,0.027518416,0.9724816,0.9724816,REAL,0.1773953,0.8226047,0.8226047,REAL,REAL,,REAL,REAL,,REAL
303,"All four on Mount Rushmore, they were all independents at one critical point in their career.",false,FAKE,21,0.7047681,0.29523188,0.7047681,FAKE,0.3407125,0.6592875,0.6592875,REAL,REAL,,REAL,REAL,,REAL
304,We didnt go out asking people to join the stand your ground task force.,false,FAKE,18,0.98667914,0.013320796,0.98667914,FAKE,0.7166083,0.28339174,0.7166083,FAKE,REAL,,REAL,REAL,,REAL
305,Rhode Islands exports have increased by 53 percent in the last two years.,true,REAL,16,0.23952968,0.76047033,0.76047033,REAL,0.25310004,0.74689996,0.74689996,REAL,REAL,,REAL,REAL,,REAL
306,Giant companies like Toyota will not locate in a state that has not passed a right-to-work law,false,FAKE,23,0.9882442,0.011755824,0.9882442,FAKE,0.6110973,0.38890272,0.6110973,FAKE,REAL,,REAL,REAL,,REAL
307,"Mitt Romney boasts that he is ""proud to be the only major candidate for president to sign the tax pledge. The others have not.""",mostly-true,REAL,31,0.08511255,0.9148875,0.9148875,REAL,0.24267927,0.75732076,0.75732076,REAL,REAL,,REAL,REAL,,REAL
308,"More than 250 (voter registration) groups, ranging across the entire political spectrum, have filed with the state and are registering voters right now.",half-true,FAKE,30,0.16257352,0.8374265,0.8374265,REAL,0.23428641,0.7657136,0.7657136,REAL,REAL,,REAL,REAL,,REAL
309,"Barack Obama got more campaign contributions from Fannie Mae and Freddie Mac ""than any other member of Congress, except for the Democratic chairmen of the committee that oversees them.""",mostly-true,REAL,37,0.43906367,0.56093633,0.56093633,REAL,0.4150454,0.5849546,0.5849546,REAL,REAL,,REAL,REAL,,REAL
310,I brought down crime more than anyone in this country -- maybe in the history of this country -- while I was mayor of New York City. -,barely-true,FAKE,33,0.8952695,0.10473051,0.8952695,FAKE,0.36120886,0.63879114,0.63879114,REAL,REAL,,REAL,REAL,,REAL
311,"A planning group said that to meet anticipated traffic demands by 2035, Interstate 35 between Austin and Round Rock will need a dozen additional lanes going north and 14 additional southbound lanes.",half-true,FAKE,37,0.7798697,0.22013031,0.7798697,FAKE,0.64261955,0.35738048,0.64261955,FAKE,REAL,,REAL,REAL,,REAL
312,Foreign Chinese prostitution money is allegedly behind the groups funding Congressman Sean Duffys Republican Majority.,pants-fire,FAKE,19,0.986016,0.013984006,0.986016,FAKE,0.8510823,0.14891769,0.8510823,FAKE,FAKE,,FAKE,REAL,,REAL
313,The United States is the only developed country in the world without paid maternity leave.,mostly-true,REAL,18,0.2911309,0.7088691,0.7088691,REAL,0.214661,0.785339,0.785339,REAL,FAKE,,FAKE,REAL,,REAL
314,A voucher school that closed after 9 days this year collected $5.4 million in taxpayer subsidies since first opening.,mostly-true,REAL,26,0.19203272,0.8079673,0.8079673,REAL,0.36883843,0.6311616,0.6311616,REAL,REAL,,REAL,REAL,,REAL
315,Rhode Islands unemployment insurance system is the most expensive such system in the country.,false,FAKE,17,0.033868413,0.9661316,0.9661316,REAL,0.24283628,0.75716376,0.75716376,REAL,REAL,,REAL,REAL,,REAL
316,"Says a YouTube video shows Thomas DiMassimo, the man who rushed Trump at an Ohio rally, dragging the American flag on the ground like it was a piece of garbage.",true,REAL,37,0.92494404,0.07505599,0.92494404,FAKE,0.7376507,0.26234934,0.7376507,FAKE,REAL,,REAL,REAL,,REAL
317,"Obama worked with ""Sen. Dick Lugar, a Republican, to help lock down loose nuclear weapons.""",true,REAL,24,0.78080994,0.21919008,0.78080994,FAKE,0.7347669,0.2652331,0.7347669,FAKE,REAL,,REAL,REAL,,REAL
318,"The United States spends $2.2 billion on free cell phones, $27 million on Moroccan pottery classes and pays for the travel expenses for the watermelon queen in Alabama.",half-true,FAKE,38,0.48184383,0.5181561,0.5181561,REAL,0.27150178,0.7284982,0.7284982,REAL,FAKE,,FAKE,REAL,,REAL
319,The United States is at historic record highs of individuals being apprehended on the border from countries with terrorist ties such as Pakistan or Afghanistan or Syria.,pants-fire,FAKE,33,0.1945643,0.8054357,0.8054357,REAL,0.22692944,0.7730706,0.7730706,REAL,REAL,,REAL,REAL,,REAL
320,The transportation package passed by the General Assembly would impose the largest tax increase in Virginias history.,half-true,FAKE,21,0.79027426,0.2097257,0.79027426,FAKE,0.521497,0.47850302,0.521497,FAKE,REAL,,REAL,REAL,,REAL
321,My home state since June of 2009 created 40 percent of the new jobs in America.,mostly-true,REAL,19,0.3183344,0.6816656,0.6816656,REAL,0.49348664,0.50651336,0.50651336,REAL,REAL,,REAL,REAL,,REAL
322,"Onion Creeks highest flow rate on a recent night of flooding was 120,000 cubic feet per second, which is nearly double the average flow rate of Niagara Falls.",barely-true,FAKE,34,0.16998583,0.83001417,0.83001417,REAL,0.2894401,0.7105599,0.7105599,REAL,REAL,,REAL,REAL,,REAL
323,"As governor of Florida, I used a combination of strategies to help reduce heroin use among youth in Florida by approximately 50 percent.",half-true,FAKE,27,0.27455702,0.725443,0.725443,REAL,0.385677,0.61432296,0.61432296,REAL,FAKE,,FAKE,REAL,,REAL
324,"Says last year 13 million (health insurance) rebates went out, in all 50 states. Another 8.5 (million) rebates are being sent out this summer, averaging around 100 bucks each.",half-true,FAKE,45,0.35482186,0.6451782,0.6451782,REAL,0.2200884,0.7799116,0.7799116,REAL,REAL,,REAL,REAL,,REAL
325,Says his state budget will provide an increase in state funding for the 2011-12 school year.,mostly-true,REAL,21,0.6181095,0.38189048,0.6181095,FAKE,0.69028056,0.3097194,0.69028056,FAKE,REAL,,REAL,REAL,,REAL
326,"Says the estate tax, in many cases, forces family farmers and small businesses owners to sell their holdings.",false,FAKE,23,0.31082606,0.6891739,0.6891739,REAL,0.5116624,0.48833755,0.5116624,FAKE,REAL,,REAL,REAL,,REAL
327,Sayvideo shows massive alligator strolling across Florida golf course.,true,REAL,15,0.98618895,0.01381106,0.98618895,FAKE,0.80688995,0.19311006,0.80688995,FAKE,REAL,,REAL,REAL,,REAL
328,On whether people can keep their insurance under the Affordable Care Act.,half-true,FAKE,15,0.9768784,0.023121595,0.9768784,FAKE,0.88248473,0.11751526,0.88248473,FAKE,REAL,,REAL,REAL,,REAL
329,"We're spending $1.6 billion for all of Latin America in terms of aid and assistance, a fraction of what we're spending in Iraq, the $500 billion we've spent there",mostly-true,REAL,43,0.021649595,0.9783504,0.9783504,REAL,0.2299656,0.77003443,0.77003443,REAL,REAL,,REAL,REAL,,REAL
330,"If you look at the number of illegal immigrants coming into the country, it is net zero. Its been that way now for almost two years.",true,REAL,31,0.51987404,0.48012596,0.51987404,FAKE,0.2963499,0.70365006,0.70365006,REAL,REAL,,REAL,REAL,,REAL
331,Weve introduced a bill that includes $12 billion in cuts over the next week.,half-true,FAKE,19,0.70457417,0.29542586,0.70457417,FAKE,0.62298477,0.3770152,0.62298477,FAKE,FAKE,,FAKE,REAL,,REAL
332,Wisconsins lawsuit rules are so anti-business that the states system is one of the most promiscuous in America.,false,FAKE,27,0.9693654,0.030634647,0.9693654,FAKE,0.47655967,0.5234403,0.5234403,REAL,REAL,,REAL,REAL,,REAL
333,"Says Joseph Stalin said if you want to bring America down you, have to undermine three things: our spiritual life, our patriotism and our morality.",pants-fire,FAKE,32,0.92119783,0.07880219,0.92119783,FAKE,0.6765355,0.32346448,0.6765355,FAKE,REAL,,REAL,REAL,,REAL
334,"From now on, we have to pay the Russians $50 million an astronaut to send Americans to the space station",mostly-true,REAL,24,0.7845461,0.21545395,0.7845461,FAKE,0.5557099,0.4442901,0.5557099,FAKE,FAKE,,FAKE,REAL,,REAL
335,"The gender gap in his support is not unique to me and theres not a huge gap from where Republicans have been in presidential, gubernatorial and US Senate elections in recent years.",mostly-true,REAL,37,0.09882018,0.9011798,0.9011798,REAL,0.32693335,0.6730667,0.6730667,REAL,REAL,,REAL,REAL,,REAL
336,Bryce Reeves chaired a group bankrolled by a New York billionaire who fired hundreds of Virginia workers and sent their jobs to China.,false,FAKE,28,0.9858271,0.014172933,0.9858271,FAKE,0.8146564,0.18534362,0.8146564,FAKE,REAL,,REAL,REAL,,REAL
337,"In 2011, Alabama and Massachusetts passed legislation allowing non-citizens who are legal residents to vote in state and local elections.",false,FAKE,26,0.2330798,0.76692015,0.76692015,REAL,0.36685535,0.6331446,0.6331446,REAL,REAL,,REAL,REAL,,REAL
338,"Across the country, more than half of the U.S. attorney seats remain without a prosecutor chosen by Obama.",barely-true,FAKE,25,0.9659664,0.03403352,0.9659664,FAKE,0.47775486,0.52224517,0.52224517,REAL,REAL,,REAL,REAL,,REAL
339,The Red Sox waited 87 long years to win the World Series.,false,FAKE,15,0.60345984,0.3965402,0.60345984,FAKE,0.3691838,0.6308162,0.6308162,REAL,REAL,,REAL,REAL,,REAL
340,Almost every state has offered an insurance plan on its health exchange that does not cover abortion.,true,REAL,20,0.18720552,0.8127945,0.8127945,REAL,0.24389252,0.7561075,0.7561075,REAL,REAL,,REAL,REAL,,REAL
341,"The largest tax increase that we have ever had in our state is yours it is the business margins tax that you signed, governor.",false,FAKE,28,0.9611267,0.03887331,0.9611267,FAKE,0.52603406,0.47396594,0.52603406,FAKE,FAKE,,FAKE,REAL,,REAL
342,Georgia has the second-highest rate of childhood obesity in the United States.,true,REAL,17,0.029022485,0.97097754,0.97097754,REAL,0.15445755,0.84554243,0.84554243,REAL,REAL,,REAL,REAL,,REAL
343,"Says Tom Ganley has been sued over 400 times, for fraud, discrimination and more, and a judge called Tom Ganleys business practices deceptive and unconscionable.",mostly-true,REAL,39,0.6452548,0.35474518,0.6452548,FAKE,0.5522597,0.44774035,0.5522597,FAKE,REAL,,REAL,REAL,,REAL
344,A recall election for Wisconsin governor would cost $7.7 million -- $7.7 million that may already be allocated to merit raises for teachers or health care for the poor or school books for your kids.,half-true,FAKE,45,0.9374285,0.06257153,0.9374285,FAKE,0.5487912,0.45120877,0.5487912,FAKE,REAL,,REAL,REAL,,REAL
345,Says my plan is a property tax cut.,half-true,FAKE,11,0.97494066,0.025059294,0.97494066,FAKE,0.7889698,0.21103016,0.7889698,FAKE,FAKE,,FAKE,REAL,,REAL
346,We are giving almost $2 billion of taxpayer money to the junk food and fast food industries every year to make the (childhood obesity) epidemic worse.,false,FAKE,32,0.9767369,0.023263102,0.9767369,FAKE,0.5621919,0.43780807,0.5621919,FAKE,REAL,,REAL,REAL,,REAL
347,Not one American flag on the massive stage at the Democratic National Convention until people started complaining- then a small one. Pathetic.,half-true,FAKE,27,0.97135484,0.028645188,0.97135484,FAKE,0.58242744,0.41757253,0.58242744,FAKE,REAL,,REAL,REAL,,REAL
348,A bill by Earl Blumenauer would mandate GPS tracking devices on all our vehicles.,pants-fire,FAKE,19,0.9444953,0.05550466,0.9444953,FAKE,0.71486664,0.2851334,0.71486664,FAKE,REAL,,REAL,REAL,,REAL
349,"As a prosecutor, Wisconsin Supreme Court Justice David Prosser did not investigate or file charges in a case involving 30-year pedophile priest, then participated in cover-up.",barely-true,FAKE,38,0.6755234,0.3244765,0.6755234,FAKE,0.6713051,0.32869485,0.6713051,FAKE,REAL,,REAL,REAL,,REAL
350,There is a precedent for not nominating someone to the U.S. Supreme Court in the middle of a presidential election.,false,FAKE,27,0.36621395,0.63378614,0.63378614,REAL,0.36727786,0.6327222,0.6327222,REAL,REAL,,REAL,REAL,,REAL
351,Health insurance and medical costs are going down because of Obamacare.,barely-true,FAKE,15,0.9880476,0.01195244,0.9880476,FAKE,0.878435,0.12156504,0.878435,FAKE,REAL,,REAL,REAL,,REAL
352,"The war on drugs led to a 500 percent increase in incarceration in our country, disproportionately affecting poor and disproportionately affecting minorities.",mostly-true,REAL,38,0.93845046,0.061549485,0.93845046,FAKE,0.5544887,0.44551128,0.5544887,FAKE,REAL,,REAL,REAL,,REAL
353,Says Texas GOP platform calls for end to teaching critical thinking in public schools.,half-true,FAKE,18,0.9741581,0.02584188,0.9741581,FAKE,0.80898273,0.19101726,0.80898273,FAKE,REAL,,REAL,REAL,,REAL
354,Four out of 10 homicides are committed by gun in this city.,true,REAL,16,0.22212104,0.777879,0.777879,REAL,0.24309964,0.7569003,0.7569003,REAL,REAL,,REAL,REAL,,REAL
355,A picture shows former President Bill Clinton naked with another woman.,pants-fire,FAKE,14,0.9694472,0.030552777,0.9694472,FAKE,0.7216968,0.27830327,0.7216968,FAKE,FAKE,,FAKE,REAL,,REAL
356,"There is no disagreement that we need action by our government, a recovery plan that will help to jump-start the economy.",false,FAKE,27,0.913112,0.08688804,0.913112,FAKE,0.70992786,0.2900721,0.70992786,FAKE,REAL,,REAL,REAL,,REAL
357,If you want out of the individual mandate... all you have to do now is tick off the box that says hardshipand youre out.,barely-true,FAKE,32,0.9809136,0.019086434,0.9809136,FAKE,0.704545,0.295455,0.704545,FAKE,REAL,,REAL,REAL,,REAL
358,"Many Nevadans relied on Uber for work, but after accepting $70,000 from taxi companies, Catherine Cortez Masto went after Uber ... (driving) them out of town.",barely-true,FAKE,42,0.89449143,0.10550852,0.89449143,FAKE,0.6593013,0.3406987,0.6593013,FAKE,FAKE,,FAKE,REAL,,REAL
359,"Says it probably costs more than $300,000 to run for a seat on the Pedernales Electric Cooperative board of directors.",pants-fire,FAKE,28,0.80097246,0.19902754,0.80097246,FAKE,0.34335417,0.65664583,0.65664583,REAL,REAL,,REAL,REAL,,REAL
360,"Last month, 44 of the 50 states saw an increase in the unemployment rate.",half-true,FAKE,18,0.754741,0.24525906,0.754741,FAKE,0.26944482,0.7305552,0.7305552,REAL,REAL,,REAL,REAL,,REAL
361,Wind power is the most undependable form of renewable energy.,false,FAKE,16,0.71769017,0.28230986,0.71769017,FAKE,0.3949697,0.6050303,0.6050303,REAL,FAKE,,FAKE,REAL,,REAL
362,Charlie Crist allowed college tuition to increase up to 15 percent every year.,mostly-true,REAL,17,0.87007916,0.12992086,0.87007916,FAKE,0.5990324,0.40096763,0.5990324,FAKE,REAL,,REAL,REAL,,REAL
363,The House has never failed to pass a budget in the modern era.,true,REAL,16,0.39380762,0.6061924,0.6061924,REAL,0.17319222,0.82680774,0.82680774,REAL,REAL,,REAL,REAL,,REAL
364,Mr. Renacci was registered as a foreign trade lobbyist in the United States government.,half-true,FAKE,21,0.6860546,0.3139454,0.6860546,FAKE,0.6206831,0.37931693,0.6206831,FAKE,REAL,,REAL,REAL,,REAL
365,"Tommy Thompson created the first school choice program in the nation, giving thousands of Milwaukee students the choice of where they go to school no matter where they live or how much money their parents make.",true,REAL,40,0.84862334,0.15137668,0.84862334,FAKE,0.59045994,0.40954,0.59045994,FAKE,REAL,,REAL,REAL,,REAL
366,Says the main Central Texas food bank is delivering 50 percent more food to the poor than three years ago.,mostly-true,REAL,23,0.9813632,0.018636823,0.9813632,FAKE,0.5080277,0.4919723,0.5080277,FAKE,REAL,,REAL,REAL,,REAL
367,"McCain ""still thinks it's okay when women don't earn equal pay for equal work.""",false,FAKE,23,0.23201083,0.76798916,0.76798916,REAL,0.38337517,0.61662483,0.61662483,REAL,REAL,,REAL,REAL,,REAL
368,"The Baucus bill ""contains provisions that would send massive federal subsidies directly to both private insurance plans and government-chartered cooperatives that pay for elective abortion.""",true,REAL,36,0.9426594,0.057340607,0.9426594,FAKE,0.60538656,0.3946134,0.60538656,FAKE,REAL,,REAL,REAL,,REAL
369,Gene Green is the NRAs favorite Democrat in Congress. ... Its no wonder the congressman has a lifetime A rating from the NRA.,barely-true,FAKE,31,0.89411676,0.10588324,0.89411676,FAKE,0.53778106,0.4622189,0.53778106,FAKE,REAL,,REAL,REAL,,REAL
370,"Obama ""won health care for 150,000 people.""",true,REAL,14,0.9808365,0.0191635,0.9808365,FAKE,0.6865817,0.31341833,0.6865817,FAKE,REAL,,REAL,REAL,,REAL
371,"The CBO says that if you raise the minimum wage to $10.10 an hour, half a million people would lose their jobs.",mostly-true,REAL,30,0.9204255,0.07957454,0.9204255,FAKE,0.6080377,0.3919623,0.6080377,FAKE,FAKE,,FAKE,REAL,,REAL
372,State lawmakers are spending taxpayer money for parking that billionaire Arthur Blank could build while paying some state employees so little they are on food stamps.,half-true,FAKE,30,0.9641297,0.03587028,0.9641297,FAKE,0.7372616,0.2627384,0.7372616,FAKE,REAL,,REAL,REAL,,REAL
373,State governments have little ability to stimulate job growth in the short run.,true,REAL,16,0.90400344,0.09599658,0.90400344,FAKE,0.4395596,0.5604404,0.5604404,REAL,REAL,,REAL,REAL,,REAL
374,He (Obama) chairs the subcommittee on Europe. ... He's held not one substantive hearing to do oversight.,true,REAL,27,0.3124386,0.6875614,0.6875614,REAL,0.46748006,0.5325199,0.5325199,REAL,FAKE,,FAKE,REAL,,REAL
375,Says the U.S. federal income tax rate was 0 percent until 1913.,half-true,FAKE,18,0.038754713,0.9612453,0.9612453,REAL,0.26114777,0.73885226,0.73885226,REAL,REAL,,REAL,REAL,,REAL
376,"Sarah Palin ""already has more executive experience"" than Barack Obama and Joe Biden ""combined.""",true,REAL,23,0.91394395,0.08605604,0.91394395,FAKE,0.52584535,0.47415465,0.52584535,FAKE,REAL,,REAL,REAL,,REAL
377,"Texas has, now, the highest share of minimum-wage workers in the nation.",true,REAL,19,0.12067862,0.87932134,0.87932134,REAL,0.15990007,0.84009993,0.84009993,REAL,REAL,,REAL,REAL,,REAL
378,"Two months ago, Donald Trump said that ISIS was not our fight.",mostly-true,REAL,16,0.73921585,0.26078418,0.73921585,FAKE,0.57310855,0.42689148,0.57310855,FAKE,REAL,,REAL,REAL,,REAL
379,"Says that on average, Democratic congressional districts received 81 percent more stimulus funds than Republican districts.",half-true,FAKE,20,0.8746118,0.12538826,0.8746118,FAKE,0.31570753,0.68429244,0.68429244,REAL,REAL,,REAL,REAL,,REAL
380,You had supported John McCain's military strategies pretty adamantly until this race.,barely-true,FAKE,18,0.05855009,0.94144994,0.94144994,REAL,0.3091113,0.6908887,0.6908887,REAL,REAL,,REAL,REAL,,REAL
381,Says critics who say he cut Medicaid are wrong; his budget added $1.2 billion to the program,half-true,FAKE,25,0.79087514,0.20912483,0.79087514,FAKE,0.6534383,0.34656167,0.6534383,FAKE,REAL,,REAL,REAL,,REAL
382,Says she will work to raise the federal minimum wage back to the highest level its ever been $12 an hour in todays dollars.,half-true,FAKE,29,0.962321,0.03767904,0.962321,FAKE,0.7320089,0.26799116,0.7320089,FAKE,REAL,,REAL,REAL,,REAL
383,$29 is what families on SNAP (i.e. food stamps) have to live on for a week.,barely-true,FAKE,25,0.25286272,0.7471373,0.7471373,REAL,0.32575142,0.6742486,0.6742486,REAL,FAKE,,FAKE,REAL,,REAL
384,"The Medford Water Commission was fined $279,000 for dumping plain drinking water into a stream.",half-true,FAKE,22,0.34491816,0.6550818,0.6550818,REAL,0.5148717,0.4851283,0.5148717,FAKE,REAL,,REAL,REAL,,REAL
385,Nothing in the Constitution explicitly guarantees our right to vote.,true,REAL,13,0.57352495,0.42647508,0.57352495,FAKE,0.31225795,0.68774205,0.68774205,REAL,FAKE,,FAKE,REAL,,REAL
386,Sherrod Brown and his special interest allies in Washington are plotting to spend over $13 million to defeat Josh Mandel.,half-true,FAKE,27,0.9828488,0.01715117,0.9828488,FAKE,0.8245463,0.17545371,0.8245463,FAKE,FAKE,,FAKE,REAL,,REAL
387,"On the new dollar coins, ""'In God We Trust' is gone!""",false,FAKE,19,0.9672609,0.032739133,0.9672609,FAKE,0.7717297,0.22827032,0.7717297,FAKE,REAL,,REAL,REAL,,REAL
388,Says Gov. Scott Walkers proposed state budget contained 110 pages of errors -- an unusually high number -- and millions of dollars worth of mistakes that were corrected with a follow-up document.,mostly-true,REAL,40,0.76731443,0.23268555,0.76731443,FAKE,0.62872165,0.37127832,0.62872165,FAKE,REAL,,REAL,REAL,,REAL
389,Takes credit for substantially reducing the size of the state workforce.,mostly-true,REAL,14,0.93905413,0.060945835,0.93905413,FAKE,0.5558751,0.4441249,0.5558751,FAKE,REAL,,REAL,REAL,,REAL
390,"If you look at most of the polls, this is a margin-of-error race on Fourth of July between Mitt Romney and the president.",true,REAL,32,0.8760373,0.12396272,0.8760373,FAKE,0.4196132,0.5803868,0.5803868,REAL,REAL,,REAL,REAL,,REAL
391,"In the last 10 years, Georgias middle class income has dropped $6,500.",true,REAL,20,0.29835358,0.7016464,0.7016464,REAL,0.24123469,0.7587653,0.7587653,REAL,FAKE,,FAKE,REAL,,REAL
392,Rooting for the Red Sox is like rooting for the drug companies.,true,REAL,17,0.9130492,0.086950734,0.9130492,FAKE,0.6374202,0.3625798,0.6374202,FAKE,REAL,,REAL,REAL,,REAL
393,"Says Rick Perrys Pay to Play politics led him to send $899 million to an offshore call center in Bermuda, driving down enrollment in childrens health insurance",false,FAKE,34,0.9226393,0.077360675,0.9226393,FAKE,0.7936124,0.2063876,0.7936124,FAKE,REAL,,REAL,REAL,,REAL
394,On allowing a vote on universal gun background checks in the U.S. Senate.,true,REAL,19,0.9048448,0.09515522,0.9048448,FAKE,0.80796516,0.19203477,0.80796516,FAKE,REAL,,REAL,REAL,,REAL
395,"President Barack Obama, Nancy Pelosi and Harry Reid support Rick Perrys decision to give in-state tuition to illegal immigrants.",barely-true,FAKE,28,0.59355634,0.4064437,0.59355634,FAKE,0.81315684,0.18684319,0.81315684,FAKE,FAKE,,FAKE,REAL,,REAL
396,Obama has more czars than the Romanovs.,true,REAL,13,0.9889741,0.011025913,0.9889741,FAKE,0.6459324,0.35406762,0.6459324,FAKE,REAL,,REAL,REAL,,REAL
397,Gov. McDonnells proposed budget is cutting public education.,false,FAKE,13,0.95802414,0.0419758,0.95802414,FAKE,0.85851425,0.14148577,0.85851425,FAKE,REAL,,REAL,REAL,,REAL
398,A [bank] surveillance camera capturing a criminals face and other identifiable traits would certainly discourage robbery attempts and serve as a deterrent to robbers.,false,FAKE,30,0.303504,0.696496,0.696496,REAL,0.4947802,0.50521976,0.50521976,REAL,REAL,,REAL,REAL,,REAL
399,"Medicare costs have slowed down dramatically. In fact, the first two months of this fiscal year, Medicare costs were down even in nominal terms relative to the previous year.",true,REAL,35,0.21468416,0.7853159,0.7853159,REAL,0.28016162,0.7198384,0.7198384,REAL,REAL,,REAL,REAL,,REAL
400,Says Donald Trump and Mike Pence want to gamble with your retirement benefits in the stock market.,barely-true,FAKE,21,0.8012236,0.19877641,0.8012236,FAKE,0.61972743,0.3802726,0.61972743,FAKE,FAKE,,FAKE,REAL,,REAL
401,U.S. Rep. Connie Mack voted to raise his own pay several times.,half-true,FAKE,19,0.985559,0.014440962,0.985559,FAKE,0.6824772,0.31752288,0.6824772,FAKE,REAL,,REAL,REAL,,REAL
402,No poll done this year ... shows less than a majority to reinstate a federal ban on assault weapons.,mostly-true,REAL,25,0.31169155,0.6883085,0.6883085,REAL,0.21666011,0.78333986,0.78333986,REAL,REAL,,REAL,REAL,,REAL
403,I have spent virtually every weekend since Memorial Day in the Panhandle.,true,REAL,17,0.036581118,0.9634189,0.9634189,REAL,0.20140386,0.79859614,0.79859614,REAL,REAL,,REAL,REAL,,REAL
404,"In the 2012 election, there were more votes cast than registered voters in St. Lucie County, and Palm Beach County had 141 percent turnout.",pants-fire,FAKE,30,0.039798886,0.96020114,0.96020114,REAL,0.23552144,0.76447856,0.76447856,REAL,REAL,,REAL,REAL,,REAL
405,Im not a conspiracy theorist and I never allow conspiracy theorists on my program.,pants-fire,FAKE,17,0.9492657,0.050734315,0.9492657,FAKE,0.639269,0.36073104,0.639269,FAKE,REAL,,REAL,REAL,,REAL
406,Says Romney called Russia our No. 1 enemy.,mostly-true,REAL,12,0.14223598,0.857764,0.857764,REAL,0.3939728,0.6060272,0.6060272,REAL,REAL,,REAL,REAL,,REAL
407,Theres been no conclusive or specific report to say Russia was trying to muddy the election.,false,FAKE,21,0.94966745,0.050332535,0.94966745,FAKE,0.618654,0.381346,0.618654,FAKE,REAL,,REAL,REAL,,REAL
408,Says Christopher Little has a history of working against environmental protection by defending the worst types of corporate polluters,false,FAKE,23,0.9867883,0.01321179,0.9867883,FAKE,0.7728229,0.22717702,0.7728229,FAKE,FAKE,,FAKE,REAL,,REAL
409,"John Kasich says he won, despite 12 visits by a president, somewhere between $45 (million) and $50 million (spent against him,) 500 paid volunteers in here calling me every name in the book, former presidents, first ladies and God-knows-who-else.",half-true,FAKE,61,0.48866183,0.5113382,0.5113382,REAL,0.36923924,0.6307607,0.6307607,REAL,REAL,,REAL,REAL,,REAL
410,"Opponents of Section 5 (of the Voting Rights Act) complain of state expense, yet their only cost is the paper, postage and manpower required to send copies of legislation to the federal government for review.",half-true,FAKE,42,0.86813986,0.13186012,0.86813986,FAKE,0.43541408,0.56458586,0.56458586,REAL,REAL,,REAL,REAL,,REAL
411,Says Nick Kahl made it harder for many families to cover basic health care expenses.,barely-true,FAKE,19,0.9426725,0.05732749,0.9426725,FAKE,0.7071353,0.29286468,0.7071353,FAKE,REAL,,REAL,REAL,,REAL
412,"In California, the windmills are killing hundreds and hundreds of eagles.",barely-true,FAKE,16,0.9818055,0.018194452,0.9818055,FAKE,0.7538059,0.24619408,0.7538059,FAKE,FAKE,,FAKE,REAL,,REAL
413,"There is nothing in the current state public records law that prohibits sensitive or confidential business information from being just that, confidential.",true,REAL,26,0.07704709,0.9229529,0.9229529,REAL,0.28152266,0.7184773,0.7184773,REAL,REAL,,REAL,REAL,,REAL
414,We did not even have a federal income tax in this country until 1913.,mostly-true,REAL,17,0.051238112,0.9487619,0.9487619,REAL,0.19450109,0.8054989,0.8054989,REAL,REAL,,REAL,REAL,,REAL
415,"The White House is won in the swing states, and I am winning the swing states.",barely-true,FAKE,20,0.9731795,0.026820423,0.9731795,FAKE,0.6470174,0.35298258,0.6470174,FAKE,REAL,,REAL,REAL,,REAL
416,"Says opponent U.S. Rep. Gwen Moore is Wisconsins most absent member of Congress, missing nearly 17 percent of the House votes in the second quarter of 2012.",mostly-true,REAL,36,0.94984466,0.05015531,0.94984466,FAKE,0.5433297,0.45667028,0.5433297,FAKE,REAL,,REAL,REAL,,REAL
417,Says Gov. Scott Walker dropped out or was kicked out of college short of a degree not long after he was kicked out of student elections at Marquette University.,false,FAKE,33,0.9814336,0.018566398,0.9814336,FAKE,0.71218294,0.287817,0.71218294,FAKE,REAL,,REAL,REAL,,REAL
418,Eliminating affirmative action in admissions in Florida led to more African American and Hispanic kids attending our university system than before.,barely-true,FAKE,24,0.81694883,0.18305112,0.81694883,FAKE,0.51047486,0.48952517,0.51047486,FAKE,REAL,,REAL,REAL,,REAL
419,"When it comes to transportation funds, Georgians spend more in taxes and on red tape than they get back from the federal government.",half-true,FAKE,28,0.2798087,0.7201913,0.7201913,REAL,0.27271593,0.7272841,0.7272841,REAL,REAL,,REAL,REAL,,REAL
420,Federal stimulus money went to a Georgia Tech project that will apparently involve the professor jamming with world-renowned musicians to hopefully also create satisfying works of art.,barely-true,FAKE,33,0.90871197,0.09128806,0.90871197,FAKE,0.7886769,0.21132308,0.7886769,FAKE,REAL,,REAL,REAL,,REAL
421,The U.S. doesnt make television sets anymore.,true,REAL,14,0.053901035,0.9460989,0.9460989,REAL,0.34863272,0.65136725,0.65136725,REAL,REAL,,REAL,REAL,,REAL
422,"When these same Republicans - including Mr. Boehner - were in charge, the number of earmarks and pet projects went up, not down.",mostly-true,REAL,32,0.9364372,0.06356278,0.9364372,FAKE,0.57990456,0.42009544,0.57990456,FAKE,REAL,,REAL,REAL,,REAL
423,Wisconsins projected state budget shortfall is now as low as $1.5 billion,false,FAKE,19,0.7427188,0.25728112,0.7427188,FAKE,0.43598485,0.5640151,0.5640151,REAL,REAL,,REAL,REAL,,REAL
424,Heroin .. pours across our southern borders.,true,REAL,12,0.9788117,0.021188363,0.9788117,FAKE,0.58779323,0.4122067,0.58779323,FAKE,FAKE,,FAKE,REAL,,REAL
425,"Before the Republican wave in 2010, Democrats had an advantage on the generic ballot in Congress. Even in 1994 with the Gingrich revolution ... Democrats had that advantage.",true,REAL,37,0.058009088,0.9419909,0.9419909,REAL,0.3234568,0.6765432,0.6765432,REAL,REAL,,REAL,REAL,,REAL
426,Roy Barnes made Georgia dead last in education and Georgia led the nation in job losses.,half-true,FAKE,19,0.6014351,0.39856485,0.6014351,FAKE,0.40160552,0.5983945,0.5983945,REAL,REAL,,REAL,REAL,,REAL
427,"Sen. McCain was already turning his sights to Iraq just days after 9/11, and he became a leading supporter of an invasion and occupation of (Iraq).",true,REAL,35,0.70696425,0.29303575,0.70696425,FAKE,0.36852035,0.6314797,0.6314797,REAL,REAL,,REAL,REAL,,REAL
428,"In labor negotiations with city employees, Milwaukee Mayor Tom Barrett demanded concessions that went beyond those mandated by Gov. Scott Walkers collective bargaining law",barely-true,FAKE,28,0.95974064,0.040259413,0.95974064,FAKE,0.76244414,0.23755585,0.76244414,FAKE,REAL,,REAL,REAL,,REAL
429,"Says hes arrested more criminals, including thousands of child predators and sex offenders, than any previous Texas attorney general.",mostly-true,REAL,25,0.11852928,0.88147074,0.88147074,REAL,0.33805588,0.6619441,0.6619441,REAL,REAL,,REAL,REAL,,REAL
430,"Brazil built a $300 million stadium in the Amazon rainforest that is only going to be used for four World Cup games, and theres no team that can fill it afterwards.",true,REAL,37,0.6509726,0.3490274,0.6509726,FAKE,0.4348315,0.5651685,0.5651685,REAL,REAL,,REAL,REAL,,REAL
431,"Sources show (Connie) Mack as a resident of California, living with his wife in Palm Springs.",barely-true,FAKE,22,0.9461807,0.053819362,0.9461807,FAKE,0.69029886,0.30970114,0.69029886,FAKE,REAL,,REAL,REAL,,REAL
432,"We have an Army that just cut 40,000 spots.",mostly-true,REAL,14,0.94105536,0.058944605,0.94105536,FAKE,0.4179478,0.5820522,0.5820522,REAL,REAL,,REAL,REAL,,REAL
433,"In South Sudan, more teenage girls die in childbirth than finish high school.",mostly-true,REAL,17,0.68949693,0.31050307,0.68949693,FAKE,0.39504936,0.60495067,0.60495067,REAL,REAL,,REAL,REAL,,REAL
434,"Says Ohio Rep. Marcy Kaptur actually lives in a fancy condo in the Washington, D.C. suburbs.",false,FAKE,27,0.97960186,0.020398116,0.97960186,FAKE,0.7528047,0.24719536,0.7528047,FAKE,REAL,,REAL,REAL,,REAL
435,"U.S. Rep. Jim Langevin didn't want a border fence to block illegal immigration ""because he is afraid that someone will get hurt trying to go around the fence.""",pants-fire,FAKE,40,0.98533845,0.014661568,0.98533845,FAKE,0.75830525,0.2416947,0.75830525,FAKE,REAL,,REAL,REAL,,REAL
436,"Despite attention on global warming, fewer Americans carpool today to work than carpooled in 1980 and SUVs have never been a larger proportion of the vehicles being sold in this country.",mostly-true,REAL,39,0.33262253,0.6673774,0.6673774,REAL,0.22664452,0.7733555,0.7733555,REAL,REAL,,REAL,REAL,,REAL
437,"Says in 2002, he won more Hispanic votes than Anglo votes, 60 percent in the state.",mostly-true,REAL,21,0.048083574,0.9519164,0.9519164,REAL,0.18991722,0.8100828,0.8100828,REAL,REAL,,REAL,REAL,,REAL
438,"A lot of the ideas in terms of the (health insurance) exchange, just being able to pool and improve the purchasing power of individuals in the insurance market, that originated from the Heritage Foundation.",mostly-true,REAL,41,0.87953335,0.120466694,0.87953335,FAKE,0.58664197,0.4133581,0.58664197,FAKE,REAL,,REAL,REAL,,REAL
439,Says Mitt Romney supports cap and trade.,false,FAKE,11,0.09909693,0.9009031,0.9009031,REAL,0.3431761,0.6568239,0.6568239,REAL,FAKE,,FAKE,REAL,,REAL
440,"Since the beginning of the year weve created a net increase of 45,000 jobs.",barely-true,FAKE,20,0.6929202,0.3070798,0.6929202,FAKE,0.5412869,0.45871305,0.5412869,FAKE,REAL,,REAL,REAL,,REAL
441,Texas has a higher unemployment rate than neighboring states.,mostly-true,REAL,12,0.216858,0.783142,0.783142,REAL,0.1911761,0.8088239,0.8088239,REAL,REAL,,REAL,REAL,,REAL
442,"The State Election Board has issued nearly $275,000 in fines to violators of absentee ballot laws.",true,REAL,24,0.51629835,0.48370168,0.51629835,FAKE,0.3650377,0.63496226,0.63496226,REAL,REAL,,REAL,REAL,,REAL
443,My supporters arent special interest groups in Madison and Milwaukee.,mostly-true,REAL,14,0.9867269,0.013273152,0.9867269,FAKE,0.78543717,0.2145628,0.78543717,FAKE,REAL,,REAL,REAL,,REAL
444,"While 9,000 state employees were added to the states payroll, Oregons revenue forecasts dropped by more than $4 billion.",half-true,FAKE,28,0.10339664,0.8966033,0.8966033,REAL,0.3121824,0.68781763,0.68781763,REAL,REAL,,REAL,REAL,,REAL
445,John McCain fought to rein in Fannie and Freddie...but Democrats blocked the reforms.,half-true,FAKE,21,0.26703116,0.7329688,0.7329688,REAL,0.44088706,0.5591129,0.5591129,REAL,REAL,,REAL,REAL,,REAL
446,"Dark money spending in the 2016 election cycle is 10 times what it was at the same point in the 2012 election cycle, when it topped $308 million.",true,REAL,33,0.28815943,0.7118406,0.7118406,REAL,0.2558019,0.7441981,0.7441981,REAL,REAL,,REAL,REAL,,REAL
447,Says there is an upcoming vote to preserve benefits of Texas homestead exemption for seniors and the disabled.,pants-fire,FAKE,21,0.9814184,0.01858165,0.9814184,FAKE,0.76174986,0.23825017,0.76174986,FAKE,REAL,,REAL,REAL,,REAL
448,The government is trying to now close the Lincoln Memorial for any kind of large gatherings.,pants-fire,FAKE,19,0.9794557,0.020544363,0.9794557,FAKE,0.7410007,0.25899935,0.7410007,FAKE,REAL,,REAL,REAL,,REAL
449,You know what (Saddam Hussein) did well? He killed terrorists.,barely-true,FAKE,16,0.8347035,0.16529648,0.8347035,FAKE,0.5221726,0.47782743,0.5221726,FAKE,REAL,,REAL,REAL,,REAL
450,The average age of the minimum wage worker is 35 years old.,barely-true,FAKE,15,0.90668243,0.09331756,0.90668243,FAKE,0.2669945,0.7330055,0.7330055,REAL,FAKE,,FAKE,REAL,,REAL
451,"Says McCain ""supported George Bush's policies 95 percent of the time.""",half-true,FAKE,18,0.030480554,0.96951944,0.96951944,REAL,0.23625068,0.76374936,0.76374936,REAL,REAL,,REAL,REAL,,REAL
452,More Americans have died from guns in the United States since 1968 than on battlefields of all the wars in American history.,true,REAL,26,0.016190153,0.9838098,0.9838098,REAL,0.16788028,0.8321197,0.8321197,REAL,REAL,,REAL,REAL,,REAL
453,"There is no war on coal. Period. There are more coal jobs and more coal produced in Ohio than there were five years ago, in spite of the talking points and the yard signs.",true,REAL,40,0.9723531,0.027646897,0.9723531,FAKE,0.48996678,0.5100332,0.5100332,REAL,REAL,,REAL,REAL,,REAL
454,Says One of the states largest governments made charging this tax one of their top priorities just this year.,pants-fire,FAKE,22,0.84366494,0.15633501,0.84366494,FAKE,0.3482394,0.6517606,0.6517606,REAL,REAL,,REAL,REAL,,REAL
455,The immigration bill has a specific provision that says that Secretary Napolitano does not have to build any fence if she chooses not to.,false,FAKE,29,0.27769464,0.72230536,0.72230536,REAL,0.532315,0.46768495,0.532315,FAKE,REAL,,REAL,REAL,,REAL
456,Says Donald Trump publicly invited Putin to hack into Americans (emails).,half-true,FAKE,16,0.32297388,0.6770261,0.6770261,REAL,0.56098306,0.43901694,0.56098306,FAKE,REAL,,REAL,REAL,,REAL
457,"The Congressional Budget Office estimates that for every $1 we spend on unemployment benefits, $1.90 is put into our economy.",half-true,FAKE,28,0.54512596,0.45487404,0.54512596,FAKE,0.35719594,0.642804,0.642804,REAL,REAL,,REAL,REAL,,REAL
458,"In Syria, we struck a deal where we got 100 percent of the chemical weapons out.",mostly-true,REAL,20,0.7273722,0.27262777,0.7273722,FAKE,0.51167405,0.48832598,0.51167405,FAKE,REAL,,REAL,REAL,,REAL
459,On redistricting.,false,FAKE,7,0.9705142,0.02948585,0.9705142,FAKE,0.8779428,0.12205723,0.8779428,FAKE,REAL,,REAL,REAL,,REAL
460,"We had a three-hour debate, no discussion about the national debt, very little about the economy.",mostly-true,REAL,23,0.90405023,0.09594977,0.90405023,FAKE,0.44825438,0.5517456,0.5517456,REAL,REAL,,REAL,REAL,,REAL
461,Obama-Nelson economic record: Job creation ... at slowest post-recession rate since Great Depression.,mostly-true,REAL,24,0.98624146,0.013758584,0.98624146,FAKE,0.87029463,0.12970537,0.87029463,FAKE,REAL,,REAL,REAL,,REAL
462,"Says Democrat Hank Gilbert has a criminal conviction for theft, has multiple years of unpaid taxes, has multiple tax liens and fines, unsafe driving convictions (and) has recently been accused of taking a bribe and is on record lying to the press this year about his criminal record.",half-true,FAKE,57,0.8325316,0.16746843,0.8325316,FAKE,0.5292505,0.47074944,0.5292505,FAKE,REAL,,REAL,REAL,,REAL
463,"The Trans-Pacific Partnership was designed for China to come in, as they always do, through the back door and totally take advantage of everyone.",pants-fire,FAKE,31,0.9067653,0.09323468,0.9067653,FAKE,0.55859095,0.44140902,0.55859095,FAKE,FAKE,,FAKE,REAL,,REAL
464,More women are graduating from college now than men.,true,REAL,12,0.6976627,0.30233726,0.6976627,FAKE,0.44619086,0.55380917,0.55380917,REAL,REAL,,REAL,REAL,,REAL
465,"We have 41,000 people right now on the waitlist for financial-based assistance for our tech colleges and universities, most of them for tech schools.",mostly-true,REAL,33,0.08832267,0.9116773,0.9116773,REAL,0.2873581,0.71264195,0.71264195,REAL,REAL,,REAL,REAL,,REAL
466,Were taxing our small businesses now at rates higher than corporations.,barely-true,FAKE,15,0.9880135,0.011986524,0.9880135,FAKE,0.6765768,0.32342318,0.6765768,FAKE,REAL,,REAL,REAL,,REAL
467,"Says the stimulus bill sent tax credits overseas, such as half a billion to an electric car company that created hundreds of jobs in Finland.",false,FAKE,29,0.9651317,0.034868337,0.9651317,FAKE,0.7342531,0.26574686,0.7342531,FAKE,REAL,,REAL,REAL,,REAL
468,Health insurance companies' costs are only 4 percent of all health care spending.,true,REAL,17,0.12994257,0.8700574,0.8700574,REAL,0.21100527,0.7889947,0.7889947,REAL,REAL,,REAL,REAL,,REAL
469,Says Donald Trump once suggested that he would try to negotiate down the national debt.,mostly-true,REAL,18,0.13195966,0.8680403,0.8680403,REAL,0.37161013,0.6283899,0.6283899,REAL,REAL,,REAL,REAL,,REAL
470,"Says DonaldTrump got, you know, $1.8 billion worth of free media. I got, like, none.",mostly-true,REAL,28,0.10696731,0.89303267,0.89303267,REAL,0.4276637,0.57233626,0.57233626,REAL,REAL,,REAL,REAL,,REAL
471,"When I withdrew in June of 2008, polls were showing that at least 40 percent of my supporters said, oh, they werent going to support Sen. Obama.",mostly-true,REAL,35,0.68693686,0.3130631,0.68693686,FAKE,0.4505494,0.54945064,0.54945064,REAL,REAL,,REAL,REAL,,REAL
472,Says Larry Taylor gave in-state tuition to illegal immigrants.,pants-fire,FAKE,14,0.80255795,0.19744202,0.80255795,FAKE,0.71806455,0.28193548,0.71806455,FAKE,FAKE,,FAKE,REAL,,REAL
473,"After the attack on a U.S. diplomatic mission in Benghazi,Libya,the ambassadors body was dragged through the street.",false,FAKE,29,0.9767839,0.023216188,0.9767839,FAKE,0.6660137,0.3339863,0.6660137,FAKE,REAL,,REAL,REAL,,REAL
474,The increase in the current state budget was greater than the inflation rate and the rate of population growth in Georgia.,half-true,FAKE,24,0.1160068,0.88399327,0.88399327,REAL,0.17525622,0.8247438,0.8247438,REAL,REAL,,REAL,REAL,,REAL
475,Six thousand people have sought addiction treatment through expanded Medicaid.,false,FAKE,15,0.0411452,0.95885473,0.95885473,REAL,0.59800905,0.4019909,0.59800905,FAKE,REAL,,REAL,REAL,,REAL
476,"When students leave our high schools and they go to the community college, 70-75 percent of them have to pay to take remedial math.",mostly-true,REAL,32,0.8493198,0.15068011,0.8493198,FAKE,0.34639794,0.65360206,0.65360206,REAL,FAKE,,FAKE,REAL,,REAL
477,"Of those 850,000 (new Texas) jobs, most were public-sector jobs and minimum-wage jobs.",barely-true,FAKE,25,0.15064949,0.8493505,0.8493505,REAL,0.28198788,0.7180121,0.7180121,REAL,REAL,,REAL,REAL,,REAL
478,It is a fact that it costs more to run the schools in August.,barely-true,FAKE,17,0.87223315,0.12776686,0.87223315,FAKE,0.52995616,0.4700438,0.52995616,FAKE,REAL,,REAL,REAL,,REAL
479,The problem with raising tax rates on the wealthiest Americans is that more than half of them are small business owners.,false,FAKE,24,0.09563233,0.9043677,0.9043677,REAL,0.29239458,0.7076054,0.7076054,REAL,REAL,,REAL,REAL,,REAL
480,"Franklin Roosevelt never allocated more than 12 percent of GDP to federal spending, while the percentage for Barack Obama is not projected to drop below 22.8 percent.",barely-true,FAKE,33,0.8762326,0.123767376,0.8762326,FAKE,0.5166563,0.48334375,0.5166563,FAKE,REAL,,REAL,REAL,,REAL
481,Fifty-seven of Rubios 100 ideas ultimately became law.,half-true,FAKE,14,0.809566,0.190434,0.809566,FAKE,0.33571798,0.664282,0.664282,REAL,REAL,,REAL,REAL,,REAL
482,"Ninety-six percent of failing schools are spending above $8,400, the average annual per student expenditure, and 26 percent spend considerably more than that.",half-true,FAKE,33,0.82851446,0.17148551,0.82851446,FAKE,0.26240942,0.73759055,0.73759055,REAL,REAL,,REAL,REAL,,REAL
483,About 78 to 81 House Democrats are members of the Communist Party. ... Its called the Congressional Progressive Caucus.,pants-fire,FAKE,25,0.039324317,0.9606757,0.9606757,REAL,0.40965718,0.59034276,0.59034276,REAL,REAL,,REAL,REAL,,REAL
484,"Military spending cuts, known as the sequester, were President Barack Obamas idea.",half-true,FAKE,20,0.9561535,0.043846466,0.9561535,FAKE,0.865376,0.13462402,0.865376,FAKE,FAKE,,FAKE,REAL,,REAL
485,"George Bush, and a Republican Congress, have presided over a 55 percent increase in the size of domestic government spending in the last seven years.",mostly-true,REAL,30,0.32776138,0.6722386,0.6722386,REAL,0.37478352,0.6252165,0.6252165,REAL,REAL,,REAL,REAL,,REAL
486,Clinton aides admit it (a gas tax holiday) won't do much for you but would help her politically.,barely-true,FAKE,26,0.7459703,0.2540296,0.7459703,FAKE,0.6496481,0.35035193,0.6496481,FAKE,REAL,,REAL,REAL,,REAL
487,Bill McCollum backed Jim Greers effort to hide financial irregularities.,false,FAKE,16,0.9661274,0.033872563,0.9661274,FAKE,0.72111243,0.27888754,0.72111243,FAKE,REAL,,REAL,REAL,,REAL
488,"First, he was in favor of my plan, now he's attacking it.",mostly-true,REAL,19,0.9790592,0.020940743,0.9790592,FAKE,0.7358317,0.26416832,0.7358317,FAKE,REAL,,REAL,REAL,,REAL
489,Creflo Dollar needed a $65 million Gulfstream G650 to carry thousands of pounds of food and other supplies -- as well as the Word of God -- worldwide.,pants-fire,FAKE,39,0.70853347,0.29146662,0.70853347,FAKE,0.5373006,0.46269935,0.5373006,FAKE,REAL,,REAL,REAL,,REAL
490,Halliburton gave Dick Cheney a $34 million payout when he left the company to join the presidential ticket.,true,REAL,26,0.3825859,0.617414,0.617414,REAL,0.56251836,0.43748164,0.56251836,FAKE,REAL,,REAL,REAL,,REAL
491,All Aboard Florida is a 100 percent private venture. There is no state money involved.,barely-true,FAKE,19,0.94435626,0.055643767,0.94435626,FAKE,0.5139957,0.4860043,0.5139957,FAKE,REAL,,REAL,REAL,,REAL
492,Fox News is banned in Canada because it violatesa law thatprevents news channels from lying to their viewers.,pants-fire,FAKE,25,0.7747021,0.22529796,0.7747021,FAKE,0.59329814,0.4067019,0.59329814,FAKE,REAL,,REAL,REAL,,REAL
493,On ending stop and frisk,half-true,FAKE,8,0.74844986,0.2515501,0.74844986,FAKE,0.84331954,0.1566805,0.84331954,FAKE,REAL,,REAL,REAL,,REAL
494,Says under President Barack Obama theres been the lowest discretionary spending weve had in decades in the United States.,false,FAKE,25,0.98455286,0.015447096,0.98455286,FAKE,0.7533052,0.2466948,0.7533052,FAKE,REAL,,REAL,REAL,,REAL
495,"In one year, (President Obama) provided $90 billion in breaks to the green energy world into solar and wind, to Solyndra and Fisker and Tesla and Ener1.",false,FAKE,40,0.95529884,0.044701155,0.95529884,FAKE,0.78365725,0.21634276,0.78365725,FAKE,FAKE,,FAKE,REAL,,REAL
496,"Says that 98,184 Texans are now driving with temporary drivers licenses lacking their photos.",half-true,FAKE,19,0.8516096,0.14839044,0.8516096,FAKE,0.48770612,0.5122939,0.5122939,REAL,REAL,,REAL,REAL,,REAL
497,Youve been tremendously deceived by people who say the Earth is not flat.,pants-fire,FAKE,20,0.9438723,0.05612779,0.9438723,FAKE,0.6283896,0.37161043,0.6283896,FAKE,REAL,,REAL,REAL,,REAL
498,Jennifer Carrolls an outsider.,half-true,FAKE,8,0.99417347,0.005826574,0.99417347,FAKE,0.88006955,0.11993051,0.88006955,FAKE,REAL,,REAL,REAL,,REAL
499,Hedge fund managers pay less in taxes than nurses and truck drivers.,false,FAKE,15,0.7011369,0.29886308,0.7011369,FAKE,0.2578147,0.7421853,0.7421853,REAL,REAL,,REAL,REAL,,REAL
500,Says President Barack Obamas approval rating gained 3 points in the last couple months.,mostly-true,REAL,18,0.94516265,0.054837335,0.94516265,FAKE,0.70203817,0.29796186,0.70203817,FAKE,REAL,,REAL,REAL,,REAL
501,"In the city of Milwaukee, weve still got a mayor and a police chief who are furloughing police officers at a time when we have violence all across the city.",mostly-true,REAL,38,0.9379852,0.06201477,0.9379852,FAKE,0.38012984,0.6198702,0.6198702,REAL,REAL,,REAL,REAL,,REAL
502,A proposal to reduce the deficit involved large tax cuts for the top bracket.,half-true,FAKE,17,0.21794271,0.78205734,0.78205734,REAL,0.64174056,0.35825944,0.64174056,FAKE,REAL,,REAL,REAL,,REAL
503,Says Mitch McConnell voted two times against the Violence Against Women Act.,half-true,FAKE,15,0.097844414,0.9021556,0.9021556,REAL,0.3126893,0.6873107,0.6873107,REAL,REAL,,REAL,REAL,,REAL
504,"His new running mate, Congressman Ryan, put forward a plan that would let Governor Romney pay less than 1 percent in taxes each year.",mostly-true,REAL,29,0.7383781,0.2616219,0.7383781,FAKE,0.54826206,0.4517379,0.54826206,FAKE,REAL,,REAL,REAL,,REAL
505,Wisconsin law says all recall petition signers must sign in the presence of another person.,false,FAKE,19,0.19073957,0.8092605,0.8092605,REAL,0.36614192,0.6338581,0.6338581,REAL,REAL,,REAL,REAL,,REAL
506,"In early voting in Miami-Dade County, there is a trickle of two or three people a day at a very high cost to keep those public libraries and polls open.",false,FAKE,36,0.8065164,0.19348358,0.8065164,FAKE,0.33282164,0.66717833,0.66717833,REAL,FAKE,,FAKE,REAL,,REAL
507,I never lobbied under any circumstance for Freddie Mac.,half-true,FAKE,12,0.931616,0.06838398,0.931616,FAKE,0.52045727,0.47954273,0.52045727,FAKE,REAL,,REAL,REAL,,REAL
508,"Says Mitt Romneys housing policy is, Dont try and stop the foreclosure process. Let it run its course and hit the bottom.",half-true,FAKE,33,0.69997317,0.30002683,0.69997317,FAKE,0.57950616,0.42049378,0.57950616,FAKE,REAL,,REAL,REAL,,REAL
509,"In just a few years in office, Sen. Obama has accumulated the most liberal voting record in the Senate.",barely-true,FAKE,24,0.3388773,0.66112274,0.66112274,REAL,0.36587915,0.6341208,0.6341208,REAL,REAL,,REAL,REAL,,REAL
510,"Whether the Amendment passes or not, the medical use of marijuana is a federal criminal offense.",true,REAL,20,0.44551325,0.55448675,0.55448675,REAL,0.37567273,0.6243273,0.6243273,REAL,REAL,,REAL,REAL,,REAL
511,Jules Bailey was instrumental in creating the Business Energy Tax Credit that let companies like Wal-Mart profit by $11 million while costing the Oregon general fund $33 million.,pants-fire,FAKE,35,0.93671775,0.06328229,0.93671775,FAKE,0.6613378,0.33866224,0.6613378,FAKE,REAL,,REAL,REAL,,REAL
512,"Based on current trends, 15.5 million girls will be married in the next 16 years as children.",half-true,FAKE,23,0.09509525,0.9049047,0.9049047,REAL,0.32891864,0.67108136,0.67108136,REAL,FAKE,,FAKE,REAL,,REAL
513,"New Mexico was 46th in teacher pay (when he was elected), now we're 29th.",mostly-true,REAL,22,0.36645094,0.6335491,0.6335491,REAL,0.20926571,0.7907343,0.7907343,REAL,REAL,,REAL,REAL,,REAL
514,"The big Wall Street banks, the big corporations give many times more political donations to Democrats than Republicans.",false,FAKE,22,0.70801586,0.29198417,0.70801586,FAKE,0.4274014,0.57259864,0.57259864,REAL,REAL,,REAL,REAL,,REAL
515,David Perdue has never voted in a Republican primary until his name was on the ballot.,false,FAKE,20,0.40872994,0.5912701,0.5912701,REAL,0.28785118,0.7121488,0.7121488,REAL,REAL,,REAL,REAL,,REAL
516,"If you don't count illegal aliens, people who qualify for other insurance, and people who make more than $75,000 a year, it leaves about 15 million people who are uninsured.",half-true,FAKE,43,0.031207861,0.9687921,0.9687921,REAL,0.31414798,0.685852,0.685852,REAL,REAL,,REAL,REAL,,REAL
517,The War in Afghanistan is officially the longest war Americans have ever been asked to endure.,true,REAL,19,0.6233222,0.37667784,0.6233222,FAKE,0.2449297,0.7550703,0.7550703,REAL,REAL,,REAL,REAL,,REAL
518,Says JimRenacci has consistently voted for loopholes that encourage outsourcing of our jobs.,half-true,FAKE,22,0.24820107,0.75179887,0.75179887,REAL,0.5545102,0.44548976,0.5545102,FAKE,REAL,,REAL,REAL,,REAL
519,Says in Texas its legal to shoot someone whos committing a public nuisance under the cover of dark.,false,FAKE,23,0.6324096,0.3675905,0.6324096,FAKE,0.5256828,0.4743172,0.5256828,FAKE,REAL,,REAL,REAL,,REAL
520,"A small business receiving a federal tax credit ""to provide health care for its employees ... would be barred under the Stupak Amendment from allowing their employees to use ... the health care that they offer them for abortion.""",barely-true,FAKE,50,0.3657153,0.6342847,0.6342847,REAL,0.46993446,0.53006554,0.53006554,REAL,REAL,,REAL,REAL,,REAL
521,Individuals and small businesses will be hit by increases in health insurance premiums as high as 39 percent.,mostly-true,REAL,22,0.97711223,0.022887837,0.97711223,FAKE,0.6999242,0.30007583,0.6999242,FAKE,REAL,,REAL,REAL,,REAL
522,Says Barack Obamas comments indicate he believes in redistribution of wealth.,mostly-true,REAL,15,0.8261442,0.17385577,0.8261442,FAKE,0.8627334,0.13726655,0.8627334,FAKE,REAL,,REAL,REAL,,REAL
523,"Says of the 2,000 Portland households in the year-long (composting) pilot, 87 percent of participants reported being satisfied with the overall system.",half-true,FAKE,34,0.6453934,0.35460666,0.6453934,FAKE,0.40933055,0.5906694,0.5906694,REAL,REAL,,REAL,REAL,,REAL
524,Says Oregon state employees received a catch-up pay raise in 1981 -- just two years after they agreed not to take a raise in exchange for a retirement benefit.,false,FAKE,35,0.7640522,0.23594777,0.7640522,FAKE,0.43273398,0.56726605,0.56726605,REAL,REAL,,REAL,REAL,,REAL
525,"Here in Pennsylvania, the annual cost for infant childcare is over $10,000 per child, which is more than most families pay in rent and almost the same cost as in-state college tuition.",mostly-true,REAL,43,0.01911337,0.98088664,0.98088664,REAL,0.16293915,0.83706087,0.83706087,REAL,REAL,,REAL,REAL,,REAL
526,"All of Texas is conservative, except a little bit of Austin.",false,FAKE,15,0.88163155,0.11836839,0.88163155,FAKE,0.38286555,0.6171345,0.6171345,REAL,REAL,,REAL,REAL,,REAL
527,"Under this tax cut, middle-class families dont save enough for a weeks worth of groceries, while millionaires save enough to go on an exotic vacation.",true,REAL,34,0.124763116,0.87523687,0.87523687,REAL,0.40911752,0.59088254,0.59088254,REAL,REAL,,REAL,REAL,,REAL
528,The poverty rate amongst women is the worst its been in 17 years and the extreme poverty rate is the worst its ever been.,true,REAL,27,0.17240374,0.8275963,0.8275963,REAL,0.20608595,0.7939141,0.7939141,REAL,REAL,,REAL,REAL,,REAL
529,Says the word Dhimmitude is on page 107 of the health care law and means Muslims are specifically exempted from the government mandate to purchase insurance.,pants-fire,FAKE,33,0.90539217,0.09460779,0.90539217,FAKE,0.5647325,0.4352675,0.5647325,FAKE,FAKE,,FAKE,REAL,,REAL
530,"Scientists have shown us (that) the greater possibilities, the real science movement, has been with adult stem cell research. It has not been with embryonic.",false,FAKE,34,0.9173791,0.082620904,0.9173791,FAKE,0.6322759,0.36772415,0.6322759,FAKE,REAL,,REAL,REAL,,REAL
531,On the National Animal Identification System.,half-true,FAKE,9,0.971178,0.02882199,0.971178,FAKE,0.87653387,0.123466164,0.87653387,FAKE,REAL,,REAL,REAL,,REAL
532,Elorza wants to teach our public school children about the non-existence of God.,pants-fire,FAKE,20,0.94764024,0.052359723,0.94764024,FAKE,0.687357,0.31264302,0.687357,FAKE,REAL,,REAL,REAL,,REAL
533,Donald Trump says that NATO is obsolete and that we need to get rid of NATO...,barely-true,FAKE,21,0.08776331,0.91223663,0.91223663,REAL,0.5079584,0.4920416,0.5079584,FAKE,REAL,,REAL,REAL,,REAL
534,On implementing a sales tax.,false,FAKE,8,0.9787322,0.02126774,0.9787322,FAKE,0.8764336,0.12356637,0.8764336,FAKE,REAL,,REAL,REAL,,REAL
535,"A few weeks ago, (the) education committee in Congress is deciding whats going to be in your local salad bar.",false,FAKE,27,0.9735212,0.026478788,0.9735212,FAKE,0.6424553,0.35754472,0.6424553,FAKE,FAKE,,FAKE,FAKE,,FAKE
536,Ninety percent of the people in Arkansas still love Bill Clinton.,half-true,FAKE,14,0.9582845,0.041715432,0.9582845,FAKE,0.30130404,0.69869596,0.69869596,REAL,REAL,,REAL,REAL,,REAL
537,The problem of unwanted sexual contacts in the military is not just a womans issue. More than half of the victims are men.,mostly-true,REAL,28,0.9353482,0.06465173,0.9353482,FAKE,0.50321907,0.4967809,0.50321907,FAKE,REAL,,REAL,REAL,,REAL
538,Says a study shows that children who live with a biological parent and the parents boyfriend or girlfriend have a 20 times greater chance of being sexually abused.,true,REAL,31,0.9287724,0.07122766,0.9287724,FAKE,0.61012673,0.38987327,0.61012673,FAKE,FAKE,,FAKE,REAL,,REAL
539,"A proposed regional transportation tax will last a minimum of 10 years, and has been approved to last longer.",false,FAKE,23,0.15704757,0.84295243,0.84295243,REAL,0.44352436,0.55647564,0.55647564,REAL,REAL,,REAL,REAL,,REAL
540,Says our 12 month job increase was the sixth highest in the nation.,half-true,FAKE,16,0.41329473,0.58670527,0.58670527,REAL,0.25677624,0.7432238,0.7432238,REAL,REAL,,REAL,REAL,,REAL
541,Warren Buffett called (Jeff) Greenes scheme financial weapons of mass destruction.,false,FAKE,18,0.77035683,0.22964323,0.77035683,FAKE,0.7140274,0.2859726,0.7140274,FAKE,REAL,,REAL,REAL,,REAL
542,"Its not true that since hes been the president, executions in Iran have increased by four times.",false,FAKE,22,0.92421347,0.07578654,0.92421347,FAKE,0.43568715,0.5643128,0.5643128,REAL,REAL,,REAL,REAL,,REAL
543,"Says I am happy to decline PERS so that the County can save over $68,000 over a four year term that would have been paid on my behalf.",half-true,FAKE,35,0.12106337,0.8789366,0.8789366,REAL,0.44711414,0.5528859,0.5528859,REAL,REAL,,REAL,REAL,,REAL
544,Says Chris Dudley thinks Oregons minimum wage is too high.,half-true,FAKE,14,0.43715882,0.56284124,0.56284124,REAL,0.71049714,0.28950283,0.71049714,FAKE,REAL,,REAL,REAL,,REAL
545,Over half the people on disability are either anxious or their back hurts.,false,FAKE,16,0.06466404,0.93533593,0.93533593,REAL,0.2776255,0.72237444,0.72237444,REAL,REAL,,REAL,REAL,,REAL
546,The Democrats in the Senate and some members of Congress defended what Fannie and Freddie were doing. They resisted any change.,half-true,FAKE,26,0.783476,0.21652398,0.783476,FAKE,0.5415859,0.45841405,0.5415859,FAKE,REAL,,REAL,REAL,,REAL
547,"Today California is kicking our butt, creating more jobs and more economic growth than Texas.",true,REAL,19,0.9081838,0.09181615,0.9081838,FAKE,0.55908453,0.44091547,0.55908453,FAKE,REAL,,REAL,REAL,,REAL
548,Says Gov. Mike Pence and Rep. Mike Coffman take the same positions on a number of things... Coffman and Pence oppose equal rights for LGBT Americans.,barely-true,FAKE,40,0.2687132,0.73128676,0.73128676,REAL,0.63500607,0.36499396,0.63500607,FAKE,REAL,,REAL,REAL,,REAL
549,"All of Floridas four-year state colleges now offer bachelors degrees for only $10,000.",barely-true,FAKE,23,0.1679222,0.8320778,0.8320778,REAL,0.1808887,0.8191113,0.8191113,REAL,FAKE,,FAKE,REAL,,REAL
550,One of every two Wisconsin residents are on some kind of government handout.,false,FAKE,17,0.908112,0.09188798,0.908112,FAKE,0.45361835,0.54638165,0.54638165,REAL,FAKE,,FAKE,REAL,,REAL
551,"A new ruling by the EPA would force dairy farmers to comply with the Spill Prevention, Control and Countermeasure Program when dealing with spilt milk -- the same regulations oil and natural gas producers must follow.",false,FAKE,46,0.7018265,0.2981735,0.7018265,FAKE,0.6581225,0.3418775,0.6581225,FAKE,REAL,,REAL,REAL,,REAL
552,"Last year, we had zero percent growth in GDP in Virginia ...The only states that did worse than us were Alaska and Mississippi.",true,REAL,30,0.15936558,0.84063435,0.84063435,REAL,0.20993091,0.7900691,0.7900691,REAL,REAL,,REAL,REAL,,REAL
553,"In the U.S. Constitution, theres a little section in there that talks about life, liberty and the pursuit of happiness.",false,FAKE,29,0.71254855,0.28745145,0.71254855,FAKE,0.5131488,0.48685122,0.5131488,FAKE,REAL,,REAL,REAL,,REAL
554,"In 1990, the U.S. led the world in the percentage of 25-34 year olds with college degrees. Today we are in 12th place.",mostly-true,REAL,33,0.10872025,0.8912797,0.8912797,REAL,0.18257594,0.817424,0.817424,REAL,REAL,,REAL,REAL,,REAL
555,I have something in common with my husband. He never carried caucuses either. He lost all of the ones that I've lost.,mostly-true,REAL,30,0.8966231,0.1033769,0.8966231,FAKE,0.4376605,0.56233954,0.56233954,REAL,REAL,,REAL,REAL,,REAL
556,"Your tax dollars are not being used to sue you, the people.",false,FAKE,16,0.984984,0.015016053,0.984984,FAKE,0.71986306,0.28013697,0.71986306,FAKE,REAL,,REAL,REAL,,REAL
557,"Federal, state and local governments have subsidized the production of the Volt to the tune of estimates between $50,000 and $250,000 per vehicle sold.",half-true,FAKE,38,0.21388157,0.7861184,0.7861184,REAL,0.3543358,0.6456642,0.6456642,REAL,REAL,,REAL,REAL,,REAL
558,"In Cobb County, every meeting opened with a prayer. The ACLU objected. Sued ... [Sam] Olens took on the ACLU and won!",half-true,FAKE,35,0.7479572,0.25204274,0.7479572,FAKE,0.47677556,0.5232245,0.5232245,REAL,REAL,,REAL,REAL,,REAL
559,Felony crimes in the city of Atlanta are the lowest they have been since 1969.,true,REAL,18,0.027133297,0.97286665,0.97286665,REAL,0.1818987,0.8181013,0.8181013,REAL,REAL,,REAL,REAL,,REAL
560,Both the Democratic and Republican candidates for president in 2016 are quite unpopular.,true,REAL,16,0.94462913,0.05537092,0.94462913,FAKE,0.52390975,0.47609022,0.52390975,FAKE,REAL,,REAL,REAL,,REAL
561,Republicans are attempting to remove Barack Obama from Georgias Presidential Ballot in 2012.,half-true,FAKE,17,0.98736584,0.01263419,0.98736584,FAKE,0.8532504,0.1467496,0.8532504,FAKE,FAKE,,FAKE,REAL,,REAL
562,"Says Hillary Clinton takes tens of millions of dollars from countries that hate women, that disrespect women, that throw gays off of buildings.",barely-true,FAKE,33,0.98518556,0.014814386,0.98518556,FAKE,0.83622384,0.1637761,0.83622384,FAKE,FAKE,,FAKE,REAL,,REAL
563,Says he came to the Republican Party sooner in age than Ronald Reagan.,true,REAL,16,0.18573083,0.81426924,0.81426924,REAL,0.30710697,0.692893,0.692893,REAL,REAL,,REAL,REAL,,REAL
564,Voter turnout for some groups in the 2008 presidential general election in Georgia was far greater than it should have been demographically.,mostly-true,REAL,26,0.13004912,0.86995083,0.86995083,REAL,0.26433387,0.7356661,0.7356661,REAL,REAL,,REAL,REAL,,REAL
565,"Fluoride in the water, that was originally done by the Nazis!",pants-fire,FAKE,17,0.9633238,0.03667617,0.9633238,FAKE,0.76668394,0.233316,0.76668394,FAKE,REAL,,REAL,REAL,,REAL
566,He was a member of the Iraq Study Group and was either fired or quit from a very important commission that was trying to figure out the way forward in Iraq.,true,REAL,34,0.7149891,0.28501084,0.7149891,FAKE,0.6418223,0.35817778,0.6418223,FAKE,REAL,,REAL,REAL,,REAL
567,"If an individual is determined to commit suicide, the availability of a gun is not a factor because they will find a way.",barely-true,FAKE,27,0.95543253,0.04456741,0.95543253,FAKE,0.63532835,0.36467165,0.63532835,FAKE,FAKE,,FAKE,FAKE,,FAKE
568,"Presidents Hoover, Truman and Eisenhower collectively ordered the deportation of at least 15 million illegal aliens.",false,FAKE,20,0.7884442,0.2115558,0.7884442,FAKE,0.49871454,0.50128543,0.50128543,REAL,FAKE,,FAKE,REAL,,REAL
569,"The total number of dollars that passes through the Department of Development is like $900 million and like $650 (million) of it has nothing to do with development, which is breathtaking when you think about it.",half-true,FAKE,45,0.8119058,0.1880942,0.8119058,FAKE,0.33787563,0.6621244,0.6621244,REAL,REAL,,REAL,REAL,,REAL
570,"Medicare only has about 50 percent of it paid for by either premiums or payroll taxes, and the rest is deficit spending ... or debt spending.",half-true,FAKE,33,0.13986103,0.8601389,0.8601389,REAL,0.2873887,0.7126113,0.7126113,REAL,REAL,,REAL,REAL,,REAL
571,"In the 2014 election, 80 percentofpoor people did not vote.",mostly-true,REAL,17,0.52940595,0.47059408,0.52940595,FAKE,0.29970354,0.70029646,0.70029646,REAL,REAL,,REAL,REAL,,REAL
572,Says the Nike bill is not a tax break ... this does not lower the taxes that Nike will pay nor does it prevent the Legislature from raising those taxes in the future.,mostly-true,REAL,38,0.5687053,0.43129465,0.5687053,FAKE,0.52167505,0.47832498,0.52167505,FAKE,REAL,,REAL,REAL,,REAL
573,"Thanks to the Trans-Pacific Partnership, Vietnam is drafting and presenting unprecedented labor reforms, changing their Constitution to recognize worker organizations in Vietnam for the first time.",half-true,FAKE,33,0.8066023,0.19339776,0.8066023,FAKE,0.664477,0.335523,0.664477,FAKE,REAL,,REAL,REAL,,REAL
574,"As state treasurer, Alexi Giannoulias lost $73 million in our kids college savings.",half-true,FAKE,23,0.56286275,0.43713728,0.56286275,FAKE,0.6334487,0.36655125,0.6334487,FAKE,FAKE,,FAKE,REAL,,REAL
575,District 22 includes about 80% of the district I have represented since 2010. District 20 includes about 20% of the area I have represented since 2010.,half-true,FAKE,32,0.060028482,0.93997157,0.93997157,REAL,0.14309682,0.85690314,0.85690314,REAL,REAL,,REAL,REAL,,REAL
576,We now work the longest hours of any people around the world.,false,FAKE,15,0.42415434,0.57584566,0.57584566,REAL,0.21175879,0.7882412,0.7882412,REAL,REAL,,REAL,REAL,,REAL
577,"When lenders foreclose on homes, they typically suffer losses that exceed 30 percent of the value of the home.",mostly-true,REAL,26,0.20081083,0.7991892,0.7991892,REAL,0.36407298,0.6359271,0.6359271,REAL,REAL,,REAL,REAL,,REAL
578,The policy of the Bush administration was also not to add new nuclear capabilities.,half-true,FAKE,17,0.87524307,0.12475692,0.87524307,FAKE,0.5583489,0.44165114,0.5583489,FAKE,REAL,,REAL,REAL,,REAL
579,"We haven't built a refinery, I think, in 30 years.",barely-true,FAKE,17,0.15079036,0.8492096,0.8492096,REAL,0.2591765,0.7408235,0.7408235,REAL,REAL,,REAL,REAL,,REAL
580,"In the state legislature, I supported Second Amendment rights.",mostly-true,REAL,13,0.09813599,0.90186405,0.90186405,REAL,0.32355312,0.67644686,0.67644686,REAL,REAL,,REAL,REAL,,REAL
581,"Says the health care reform bill was paid for, in part, by taking money from students and the student loan system.",half-true,FAKE,26,0.8411148,0.15888515,0.8411148,FAKE,0.7072601,0.2927399,0.7072601,FAKE,REAL,,REAL,REAL,,REAL
582,The Republican National Convention is a Super Bowl times four.,false,FAKE,13,0.026941292,0.97305876,0.97305876,REAL,0.19346973,0.8065303,0.8065303,REAL,FAKE,,FAKE,REAL,,REAL
583,"John McCain ""has threatened extinction for North Korea and sung songs about bombing Iran.""",half-true,FAKE,19,0.1390462,0.8609538,0.8609538,REAL,0.3940689,0.6059311,0.6059311,REAL,FAKE,,FAKE,REAL,,REAL
584,Says more Republicans than Democrats voted for the Wall Street bailouts.,false,FAKE,15,0.9130717,0.08692834,0.9130717,FAKE,0.5045633,0.49543667,0.5045633,FAKE,REAL,,REAL,REAL,,REAL
585,Says a prank phone call caused 400 children to be taken from their parents... without warrant.,half-true,FAKE,22,0.9798654,0.02013462,0.9798654,FAKE,0.7225522,0.27744782,0.7225522,FAKE,FAKE,,FAKE,REAL,,REAL
586,A bill that could restrict free speech when the president is nearby was signed by President Barack Obama in secret.,pants-fire,FAKE,23,0.9767513,0.023248704,0.9767513,FAKE,0.8021343,0.1978657,0.8021343,FAKE,REAL,,REAL,REAL,,REAL
587,Californias Prop 55 prevents $4 billion in new cuts to our schools.,barely-true,FAKE,17,0.9891651,0.010834918,0.9891651,FAKE,0.75457436,0.24542561,0.75457436,FAKE,REAL,,REAL,REAL,,REAL
588,"George Allen voted for budgets that increased the national debt by $16,400 for every second he served in the U.S. Senate.",true,REAL,30,0.09951298,0.90048707,0.90048707,REAL,0.35925505,0.640745,0.640745,REAL,REAL,,REAL,REAL,,REAL
589,"This town (Wilmington, Ohio) hasnt taken any money from the government. They dont want any money from the government.",pants-fire,FAKE,28,0.9748113,0.0251887,0.9748113,FAKE,0.62995917,0.37004083,0.62995917,FAKE,REAL,,REAL,REAL,,REAL
590,"We were not, I repeat, were not told that waterboarding or any of these other enhanced interrogation methods were used.",false,FAKE,26,0.8632134,0.13678652,0.8632134,FAKE,0.47779495,0.52220505,0.52220505,REAL,REAL,,REAL,REAL,,REAL
591,22 Countries Invaded by the U.S. in 20 Years.,false,FAKE,15,0.053905074,0.9460949,0.9460949,REAL,0.30341467,0.69658536,0.69658536,REAL,FAKE,,FAKE,REAL,,REAL
592,Sixteen [federal] programs exist to fight homelessness and some of them are duplicative.,mostly-true,REAL,21,0.29981515,0.7001848,0.7001848,REAL,0.31537354,0.68462646,0.68462646,REAL,REAL,,REAL,REAL,,REAL
593,The U.S. Constitution is the oldest written constitution still in use today among nations.,true,REAL,20,0.17151351,0.8284865,0.8284865,REAL,0.22736312,0.77263683,0.77263683,REAL,REAL,,REAL,REAL,,REAL
594,Says U.S. Senate opponent Tommy Thompson favors raising taxes on small businesses.,barely-true,FAKE,18,0.4538145,0.54618543,0.54618543,REAL,0.65464705,0.34535298,0.65464705,FAKE,REAL,,REAL,REAL,,REAL
595,Republicans offered Wisconsin bar patrons free shots (of alcohol) to sign recall petitions against Democrats.,barely-true,FAKE,20,0.9231031,0.076896906,0.9231031,FAKE,0.59809446,0.40190554,0.59809446,FAKE,REAL,,REAL,REAL,,REAL
596,Says Donald Trumpsfoundation took money other people gave to his charity and then bought a six-foot-tall painting of himself.,true,REAL,29,0.33388534,0.6661146,0.6661146,REAL,0.6561074,0.34389257,0.6561074,FAKE,REAL,,REAL,REAL,,REAL
597,The Democrat-led Senate has failed to pass a budget for 750 days ... Senate Democrats have neglected one of their most basic responsibilities.,half-true,FAKE,30,0.9598326,0.04016733,0.9598326,FAKE,0.4212195,0.57878053,0.57878053,REAL,REAL,,REAL,REAL,,REAL
598,On Common Core.,false,FAKE,6,0.9825136,0.017486416,0.9825136,FAKE,0.8824309,0.117569126,0.8824309,FAKE,REAL,,REAL,REAL,,REAL
599,Says Ron Johnson helped companies ship jobs overseas.,false,FAKE,11,0.95956165,0.04043837,0.95956165,FAKE,0.7419862,0.2580138,0.7419862,FAKE,FAKE,,FAKE,REAL,,REAL
600,Florida Democrats just voted to impose Sharia law on women.,pants-fire,FAKE,14,0.9866152,0.013384735,0.9866152,FAKE,0.6836826,0.31631735,0.6836826,FAKE,FAKE,,FAKE,REAL,,REAL
601,Says opponent Beto ORourke wants to legalize drugs.,half-true,FAKE,15,0.9770846,0.022915494,0.9770846,FAKE,0.83793026,0.16206972,0.83793026,FAKE,FAKE,,FAKE,REAL,,REAL
602,Says Bill Clinton opposes President Barack Obamas plan to raise taxes on wealthy Americans.,false,FAKE,18,0.8342805,0.16571948,0.8342805,FAKE,0.7255336,0.27446643,0.7255336,FAKE,REAL,,REAL,REAL,,REAL
603,Ninety-seven percent of Americans do not receive subsidies for health care under the Affordable Care Act.,true,REAL,21,0.91677827,0.083221756,0.91677827,FAKE,0.33920747,0.6607925,0.6607925,REAL,REAL,,REAL,REAL,,REAL
604,Our economy is not growing.,false,FAKE,8,0.9840136,0.015986418,0.9840136,FAKE,0.67298883,0.32701117,0.67298883,FAKE,REAL,,REAL,REAL,,REAL
605,It doesn't make sense to me to send $1-billion a day out of our country. We can be energy independent and should be.,half-true,FAKE,32,0.7604824,0.23951763,0.7604824,FAKE,0.49315444,0.5068456,0.5068456,REAL,REAL,,REAL,REAL,,REAL
606,Says Scott Walkers plan to replace Obamacare is a new entitlement program for every single American human being from the time they are born right up until they grow old and become eligible for Medicare.,half-true,FAKE,41,0.98864913,0.011350836,0.98864913,FAKE,0.8981053,0.10189466,0.8981053,FAKE,REAL,,REAL,REAL,,REAL
607,Says state Senate candidate Monk Elmer voted to exceed the (school district property tax) spending caps.,pants-fire,FAKE,21,0.17387617,0.8261239,0.8261239,REAL,0.6699253,0.33007476,0.6699253,FAKE,FAKE,,FAKE,REAL,,REAL
608,"For at least a year now, I have called for two additional brigades, perhaps three.",true,REAL,20,0.415109,0.58489096,0.58489096,REAL,0.2998801,0.7001199,0.7001199,REAL,REAL,,REAL,REAL,,REAL
609,Says Hillary Clinton wants to go to a single-payer plan for health care,false,FAKE,18,0.9649079,0.03509214,0.9649079,FAKE,0.78491366,0.2150863,0.78491366,FAKE,REAL,,REAL,REAL,,REAL
610,Foreign aid is less than 1 percent of our federal budget.,true,REAL,14,0.028067706,0.97193235,0.97193235,REAL,0.15361124,0.84638876,0.84638876,REAL,REAL,,REAL,REAL,,REAL
611,Pay-as-you-go is the principle that helped transform large deficits into surpluses in the 1990s.,half-true,FAKE,25,0.93872267,0.061277267,0.93872267,FAKE,0.6895679,0.3104321,0.6895679,FAKE,REAL,,REAL,REAL,,REAL
612,"Obama has ""visited more countries and met with more world leaders than any president in his first six months in office.""",true,REAL,26,0.27139714,0.72860277,0.72860277,REAL,0.4097637,0.5902363,0.5902363,REAL,REAL,,REAL,REAL,,REAL
613,"Says Texas has so few gas-pump inspectors in the field, the HEBs of this state, the Brookshires of this state, theyre calibrating their own gas pumps. The (Texas Department of Agriculture) just sends them the stickers and they calibrate them.",false,FAKE,60,0.42410088,0.5758991,0.5758991,REAL,0.44176766,0.5582323,0.5582323,REAL,REAL,,REAL,REAL,,REAL
614,"We have empowered state insurance commissioners to review the rate hikes that are taking place in states. And in some states like North Carolina, they have already used it and rolled back premium increases by 25 percent.",mostly-true,REAL,43,0.84735245,0.1526475,0.84735245,FAKE,0.47218212,0.5278179,0.5278179,REAL,REAL,,REAL,REAL,,REAL
615,Says a rather extraordinary amount of non-classroom employees were added by Texas school districts over the last decade.,mostly-true,REAL,23,0.46410045,0.5358996,0.5358996,REAL,0.3544605,0.64553946,0.64553946,REAL,REAL,,REAL,REAL,,REAL
616,"A mortgage buyback plan is ""my proposal, it's not Sen. Obama's proposal, it's not President Bush's proposal.""",mostly-true,REAL,34,0.9200948,0.079905264,0.9200948,FAKE,0.71626025,0.2837398,0.71626025,FAKE,REAL,,REAL,REAL,,REAL
617,The permission to engage was given before the word RPG was ever used.,half-true,FAKE,16,0.59584296,0.404157,0.59584296,FAKE,0.5117874,0.48821256,0.5117874,FAKE,REAL,,REAL,REAL,,REAL
618,Senator Obama has voted 94 times to either increase your taxes or against tax cuts.,false,FAKE,18,0.2275069,0.7724931,0.7724931,REAL,0.42967704,0.570323,0.570323,REAL,REAL,,REAL,REAL,,REAL
619,Lorain is the poorest urban school district in the state of Ohio.,false,FAKE,17,0.07176183,0.92823815,0.92823815,REAL,0.21401164,0.7859884,0.7859884,REAL,REAL,,REAL,REAL,,REAL
620,The Senate health care bill does not contain limits on medical malpractice lawsuits.,true,REAL,19,0.07528425,0.92471576,0.92471576,REAL,0.36076906,0.6392309,0.6392309,REAL,REAL,,REAL,REAL,,REAL
621,Narragansett Bay waters are getting warmer -- 4 degrees Fahrenheit warmer in the winter since the 1960s.,half-true,FAKE,27,0.03287241,0.96712756,0.96712756,REAL,0.23829369,0.76170635,0.76170635,REAL,REAL,,REAL,REAL,,REAL
622,"Says Barack Obama has the legal authority to let in really however many refugees he wants, from whatever country.",half-true,FAKE,23,0.9520777,0.047922324,0.9520777,FAKE,0.7675801,0.23241991,0.7675801,FAKE,REAL,,REAL,REAL,,REAL
623,"Of all cities in the United States with more than 100,000 people, Providence is the 183rd safest.",mostly-true,REAL,25,0.55444324,0.4455567,0.55444324,FAKE,0.22706796,0.772932,0.772932,REAL,REAL,,REAL,REAL,,REAL
624,"In Japan, executives of failing companies say 'I'm sorry' and then either do one of two things: resign or go commit suicide.",half-true,FAKE,31,0.8836931,0.11630691,0.8836931,FAKE,0.5688146,0.43118545,0.5688146,FAKE,REAL,,REAL,REAL,,REAL
625,Says President Barack Obama said that American exceptionalism is no more exceptional than the exceptionalism of any other country.,false,FAKE,24,0.55165666,0.44834328,0.55165666,FAKE,0.76596785,0.23403217,0.76596785,FAKE,REAL,,REAL,REAL,,REAL
626,Says Barack Obamas favorability rating in Israel once clocked in at 4 percent.,barely-true,FAKE,19,0.9314746,0.068525344,0.9314746,FAKE,0.70712996,0.29287007,0.70712996,FAKE,FAKE,,FAKE,REAL,,REAL
627,"Says Donald Trump proposes to deport 16 million people, 11 million who are here without documents, and both Donald Trump and Mike Pence want to get rid of birthright citizenship.",half-true,FAKE,38,0.7063752,0.29362476,0.7063752,FAKE,0.5769797,0.4230203,0.5769797,FAKE,REAL,,REAL,REAL,,REAL
628,Says U.S. House candidate Carlos Curbelo opposes the repeal of Obamacare.,barely-true,FAKE,19,0.8166654,0.18333465,0.8166654,FAKE,0.76735246,0.23264751,0.76735246,FAKE,REAL,,REAL,REAL,,REAL
629,"Says, Statistics indicate that one in eight children, and one in 18 adults in Oregon suffers from mental illness.",mostly-true,REAL,24,0.19107725,0.8089227,0.8089227,REAL,0.31898502,0.681015,0.681015,REAL,REAL,,REAL,REAL,,REAL
630,One in five American households have nobody under the same roof thats got a job.,half-true,FAKE,19,0.0215731,0.97842693,0.97842693,REAL,0.27023593,0.72976404,0.72976404,REAL,REAL,,REAL,REAL,,REAL
631,"George Bush ... used a signing statement (on a FEMA bill) to say, 'I don't have to follow that, unless I choose to.'",true,REAL,37,0.29229343,0.70770663,0.70770663,REAL,0.43619198,0.56380796,0.56380796,REAL,REAL,,REAL,REAL,,REAL
632,Obamas mid-term approval ratings are similar to other presidents who went on to re-election.,half-true,FAKE,22,0.631864,0.368136,0.631864,FAKE,0.5694596,0.43054044,0.5694596,FAKE,REAL,,REAL,REAL,,REAL
633,I saved the taxpayers $2-billion on a bogus Air Force Boeing tanker deal where people went to jail.,true,REAL,25,0.88564736,0.114352666,0.88564736,FAKE,0.6468175,0.3531825,0.6468175,FAKE,REAL,,REAL,REAL,,REAL
634,Says the fluoride Austin is putting in its drinking water is toxic waste.,false,FAKE,18,0.969972,0.030028014,0.969972,FAKE,0.7560129,0.24398713,0.7560129,FAKE,REAL,,REAL,REAL,,REAL
635,The new light bulbs will cost roughly six times the cost of the light bulbs we now use.,barely-true,FAKE,21,0.6684842,0.33151576,0.6684842,FAKE,0.41153637,0.58846366,0.58846366,REAL,REAL,,REAL,REAL,,REAL
636,Only three in 10 young Americans under 30 -- 30 percent under 30 -- have full-time work.,half-true,FAKE,24,0.36404753,0.6359524,0.6359524,REAL,0.19464059,0.80535936,0.80535936,REAL,REAL,,REAL,REAL,,REAL
637,Emory University students were provided counseling after someone wrote Trump 2016 in chalk on campus.,barely-true,FAKE,18,0.8906985,0.109301575,0.8906985,FAKE,0.6873357,0.31266424,0.6873357,FAKE,REAL,,REAL,REAL,,REAL
638,"Through the Clinton Foundation, the Clintons are now worth in excess of $100 million.",barely-true,FAKE,20,0.94398147,0.05601857,0.94398147,FAKE,0.64816135,0.35183868,0.64816135,FAKE,FAKE,,FAKE,REAL,,REAL
639,The U.S. Supreme Court struck down Wisconsins photo ID election law,false,FAKE,17,0.54664975,0.4533503,0.54664975,FAKE,0.46565914,0.5343408,0.5343408,REAL,REAL,,REAL,REAL,,REAL
640,"A telephone company will no longer have to provide landline service to customers if there is an alternative provider, including wireless.",true,REAL,26,0.5118883,0.4881117,0.5118883,FAKE,0.35680023,0.6431998,0.6431998,REAL,REAL,,REAL,REAL,,REAL
641,The people of Tiverton have historically supported [gambling measures] at a rate higher than the rest of the state.,true,REAL,26,0.14267842,0.8573216,0.8573216,REAL,0.2534296,0.7465704,0.7465704,REAL,REAL,,REAL,REAL,,REAL
642,We know how to stop AIDS: persuade men not to have sex with men.,pants-fire,FAKE,18,0.9842494,0.015750641,0.9842494,FAKE,0.73530203,0.26469794,0.73530203,FAKE,FAKE,,FAKE,REAL,,REAL
643,Democrats in Congress had control since January of 2007. They haven't passed a law making waterboarding illegal. They haven't gone into any of these things and changed law.,barely-true,FAKE,38,0.8015691,0.19843091,0.8015691,FAKE,0.40139222,0.5986078,0.5986078,REAL,REAL,,REAL,REAL,,REAL
644,Alexander Hamilton was an immigration hawk.,half-true,FAKE,9,0.97958815,0.020411901,0.97958815,FAKE,0.7749536,0.22504641,0.7749536,FAKE,REAL,,REAL,REAL,,REAL
645,And weve constantly been the lowest unemployed county in the state.,false,FAKE,15,0.15209986,0.8479001,0.8479001,REAL,0.20779203,0.792208,0.792208,REAL,REAL,,REAL,REAL,,REAL
646,The federal government can tell General Motors what to charge for its automobiles.,false,FAKE,16,0.8760416,0.123958446,0.8760416,FAKE,0.51706284,0.4829372,0.51706284,FAKE,FAKE,,FAKE,REAL,,REAL
647,A few weeks ago Obama took Hamas and Iran OFF the terror list.,false,FAKE,16,0.9882619,0.011738144,0.9882619,FAKE,0.7281691,0.27183098,0.7281691,FAKE,FAKE,,FAKE,REAL,,REAL
648,"Once a woman enters into the sex trade, her average life expectancy is seven years.",false,FAKE,20,0.5717419,0.42825812,0.5717419,FAKE,0.2695015,0.7304985,0.7304985,REAL,FAKE,,FAKE,REAL,,REAL
649,"Says Congresswoman Loretta Sanchez has passed one bill in her 20 years in Congress, and that was to rename a post office.",half-true,FAKE,28,0.9302514,0.069748625,0.9302514,FAKE,0.44345534,0.55654466,0.55654466,REAL,REAL,,REAL,REAL,,REAL
650,"Under the House Republican budget, if these cuts were to be spread out evenly the year after next, nearly 10 million college students would see their financial aid cut by an average of more than $1,000 each.",half-true,FAKE,45,0.16050085,0.8394992,0.8394992,REAL,0.4901854,0.50981456,0.50981456,REAL,REAL,,REAL,REAL,,REAL
651,The Electric Reliability Council of Texas (ERCOT) has estimated that the Obama administrations Power Plan will cause energy costs in Texas to rise as much as 16 percent per year.,false,FAKE,36,0.98758453,0.012415546,0.98758453,FAKE,0.8361436,0.16385645,0.8361436,FAKE,FAKE,,FAKE,REAL,,REAL
652,John Boozman supports privatizing Social Security,barely-true,FAKE,11,0.9858577,0.014142258,0.9858577,FAKE,0.78068525,0.21931481,0.78068525,FAKE,FAKE,,FAKE,REAL,,REAL
653,Slot machines in Miami-Dade and Broward counties have generated 20 percent of the promised $500 million per year for schools.,mostly-true,REAL,27,0.41803482,0.5819652,0.5819652,REAL,0.3046312,0.6953688,0.6953688,REAL,REAL,,REAL,REAL,,REAL
654,Jebs policies in Florida helped lead to its almost total collapse.,barely-true,FAKE,15,0.831002,0.168998,0.831002,FAKE,0.64544433,0.3545556,0.64544433,FAKE,REAL,,REAL,REAL,,REAL
655,"We are almost halfway to our goal of 1,000 rapes prosecuted!",true,REAL,17,0.8213662,0.17863376,0.8213662,FAKE,0.3783477,0.6216523,0.6216523,REAL,FAKE,,FAKE,REAL,,REAL
656,"One in every five families in the state of New Jersey has a loved one with a mental illness, a serious mental illness, and today, we dont care.",true,REAL,35,0.950982,0.049018063,0.950982,FAKE,0.49798667,0.5020133,0.5020133,REAL,FAKE,,FAKE,REAL,,REAL
657,"Says kids who start in the ninth grade in the city of Newark this past September, 23 percent of them will graduate in four years.",pants-fire,FAKE,29,0.958381,0.041619074,0.958381,FAKE,0.38747132,0.6125287,0.6125287,REAL,REAL,,REAL,REAL,,REAL
658,"Says that, unlike the U.S. Senate, even the Libyan government, in the middle of a civil war, passed a budget on June 15, 2011",half-true,FAKE,34,0.83770156,0.16229835,0.83770156,FAKE,0.42273027,0.57726973,0.57726973,REAL,REAL,,REAL,REAL,,REAL
659,"The nonpartisan CBO, Congressional Budget Office, has said that the No. 1 policy decision that brought us to the need to prevent the nation from defaulting on our debt for the first time in history were the Bush tax cuts in 2001 and 2003.",half-true,FAKE,53,0.3597523,0.6402477,0.6402477,REAL,0.4634058,0.5365942,0.5365942,REAL,FAKE,,FAKE,REAL,,REAL
660,"When Rick Scott was deposed in lawsuits about his company, he took the Fifth 75 times.",mostly-true,REAL,20,0.1140553,0.88594466,0.88594466,REAL,0.35572663,0.64427334,0.64427334,REAL,REAL,,REAL,REAL,,REAL
661,"Vern Buchanan. His old business was caught illegally funneling over $60,000 in campaign donations to Buchanan to influence his election.",mostly-true,REAL,29,0.961695,0.038304962,0.961695,FAKE,0.7330969,0.2669031,0.7330969,FAKE,REAL,,REAL,REAL,,REAL
662,"Says McCain was a ""Hanoi Hilton songbird"" who collaborated with the enemy.",pants-fire,FAKE,18,0.6598435,0.3401564,0.6598435,FAKE,0.50309664,0.4969034,0.50309664,FAKE,REAL,,REAL,REAL,,REAL
663,"Were spending less money today, in upcoming fiscal year 2014 than the Corzine-Buono budget spent in fiscal year 2008.",mostly-true,REAL,28,0.072809316,0.9271907,0.9271907,REAL,0.2413432,0.7586568,0.7586568,REAL,REAL,,REAL,REAL,,REAL
664,"In New Mexico, Democratic gubernatorial candidate Diane Denish spent federal stimulus funds on campaign Christmas cards.",half-true,FAKE,21,0.86586285,0.1341372,0.86586285,FAKE,0.6699041,0.33009583,0.6699041,FAKE,FAKE,,FAKE,REAL,,REAL
665,House Republicans are ramming through legislation ... to classify pizza as a vegetable for the purpose of school lunches.,half-true,FAKE,26,0.8940978,0.10590223,0.8940978,FAKE,0.7213856,0.27861437,0.7213856,FAKE,FAKE,,FAKE,REAL,,REAL
666,Wendy Davis legal work is currently under FBI investigation.,barely-true,FAKE,12,0.9816191,0.018380823,0.9816191,FAKE,0.8202532,0.17974685,0.8202532,FAKE,FAKE,,FAKE,REAL,,REAL
667,On whether hes had a relationship with Vladimir Putin.,false,FAKE,13,0.9847853,0.015214749,0.9847853,FAKE,0.8646707,0.13532928,0.8646707,FAKE,REAL,,REAL,REAL,,REAL
668,Says Gov. Chris Christies poll ratings have been going up.,false,FAKE,15,0.8661544,0.13384566,0.8661544,FAKE,0.7596043,0.24039572,0.7596043,FAKE,REAL,,REAL,REAL,,REAL
669,The United States is the only developed country in the world that has not cut its corporate tax rate.,half-true,FAKE,22,0.062604226,0.9373958,0.9373958,REAL,0.2051857,0.7948143,0.7948143,REAL,REAL,,REAL,REAL,,REAL
670,I committed to public financing; (Obama) committed to public financing.,mostly-true,REAL,16,0.73803437,0.2619656,0.73803437,FAKE,0.61286706,0.3871329,0.61286706,FAKE,REAL,,REAL,REAL,,REAL
671,Says Donald Trump wants to replace Obamacare with a single-payer system.,half-true,FAKE,18,0.48302937,0.5169706,0.5169706,REAL,0.7565752,0.2434248,0.7565752,FAKE,FAKE,,FAKE,REAL,,REAL
672,"The U.S. energy policy is to ""borrow money from China to buy oil from countries that don't like us.""",half-true,FAKE,29,0.9746712,0.025328755,0.9746712,FAKE,0.7215278,0.2784722,0.7215278,FAKE,REAL,,REAL,REAL,,REAL
673,All private healthcare plans must conform to government rules to participate in a Healthcare Exchange.,true,REAL,18,0.7051076,0.2948923,0.7051076,FAKE,0.3950241,0.6049759,0.6049759,REAL,REAL,,REAL,REAL,,REAL
674,On debating.,false,FAKE,5,0.9671098,0.032890245,0.9671098,FAKE,0.8773046,0.12269541,0.8773046,FAKE,REAL,,REAL,REAL,,REAL
675,"Obama supports ""teaching schoolchildren in 2nd grade, no less about homosexual relationships.""",barely-true,FAKE,20,0.9592731,0.0407269,0.9592731,FAKE,0.7181653,0.2818347,0.7181653,FAKE,REAL,,REAL,REAL,,REAL
676,"Atlanta Mayor Kasim Reed became a city resident in the last annexation, opening the door to his candidacy.",mostly-true,REAL,24,0.9815922,0.018407863,0.9815922,FAKE,0.7192914,0.28070855,0.7192914,FAKE,REAL,,REAL,REAL,,REAL
677,"In Pennsylvania, President Barack Obamas policies have increased unemployment 19 percent, led to the loss of 37,900 manufacturing jobs, and left 189,000 more people in poverty.",half-true,FAKE,37,0.9929022,0.0070977793,0.9929022,FAKE,0.8746392,0.12536077,0.8746392,FAKE,FAKE,,FAKE,REAL,,REAL
678,Virtually every person across this country has seen premiums going up and up and up due to Obamacare.,false,FAKE,23,0.9801325,0.019867549,0.9801325,FAKE,0.8210173,0.17898273,0.8210173,FAKE,REAL,,REAL,REAL,,REAL
679,Secure Communities has a proven track record of enhancing public safety by focusing on violent offenders and those that pose a threat to our communities and our national security.,half-true,FAKE,32,0.81787694,0.1821231,0.81787694,FAKE,0.485061,0.514939,0.514939,REAL,REAL,,REAL,REAL,,REAL
680,Every (U.S. Supreme Court) nominee since 1875 has received a nomination hearing.,barely-true,FAKE,20,0.06140774,0.93859226,0.93859226,REAL,0.21290374,0.78709626,0.78709626,REAL,REAL,,REAL,REAL,,REAL
681,"The 1990s were a time of prosperity. We created more than 22-million new jobs, moved 8-million people out of poverty, and turned our economy around.",true,REAL,35,0.6541233,0.34587675,0.6541233,FAKE,0.38223517,0.61776483,0.61776483,REAL,REAL,,REAL,REAL,,REAL
682,The Affordable Care Act will likely go down as the biggest tax increase in history.,pants-fire,FAKE,18,0.91463304,0.08536701,0.91463304,FAKE,0.6215112,0.3784888,0.6215112,FAKE,FAKE,,FAKE,REAL,,REAL
683,The unemployment rate is declining faster in Tampa than almost anywhere else.,mostly-true,REAL,15,0.27913,0.72086996,0.72086996,REAL,0.22273424,0.7772657,0.7772657,REAL,REAL,,REAL,REAL,,REAL
684,"New Jersey loses net, that is minus those who come into the state, 30,000 students a year.",true,REAL,24,0.029275939,0.97072405,0.97072405,REAL,0.20408715,0.79591286,0.79591286,REAL,REAL,,REAL,REAL,,REAL
685,All the talk about socialism during the campaign made young people more interested in it by Election Day.,false,FAKE,21,0.8662139,0.13378602,0.8662139,FAKE,0.521669,0.478331,0.521669,FAKE,REAL,,REAL,REAL,,REAL
686,Ive done more impeachments than anybody else in the history of the country.,true,REAL,20,0.16611697,0.83388305,0.83388305,REAL,0.26555452,0.73444545,0.73444545,REAL,REAL,,REAL,REAL,,REAL
687,"Says Marco Rubio believes the earth is 9,000 years old and that humans hunted dinosaurs to extinction; says Rand Paul believes the earth is 10,000 years old and God removed dinosaurs to make space for humans.",pants-fire,FAKE,45,0.94190663,0.058093347,0.94190663,FAKE,0.75663143,0.24336855,0.75663143,FAKE,FAKE,,FAKE,REAL,,REAL
688,The Affordable Care Act basically puts a penalty or a tax on employers for every new job they create.,half-true,FAKE,22,0.85642415,0.14357577,0.85642415,FAKE,0.56769633,0.43230364,0.56769633,FAKE,FAKE,,FAKE,REAL,,REAL
689,"In Texas, we created over 1 million new jobs while the rest of the nation lost over 2 million.",half-true,FAKE,23,0.8394405,0.16055946,0.8394405,FAKE,0.3694376,0.63056237,0.63056237,REAL,REAL,,REAL,REAL,,REAL
690,Women have come through the recession worse off than men the numbers bear that out. We went from a 7 percent unemployment rate for women when he (President Barack Obama) was elected to an 8.1 percent now.,mostly-true,REAL,45,0.9844742,0.01552581,0.9844742,FAKE,0.69742966,0.30257034,0.69742966,FAKE,REAL,,REAL,REAL,,REAL
691,"The fact of the matter is that my colleague from New York, Senator Clinton, there are 50 percent of the American public that say they're not going to vote for her.",mostly-true,REAL,38,0.3098289,0.6901711,0.6901711,REAL,0.3914305,0.6085695,0.6085695,REAL,REAL,,REAL,REAL,,REAL
692,A $250 fine if youre caught with a plastic bag coming out of a store. Plastic bag police anyone?,false,FAKE,25,0.96042585,0.0395742,0.96042585,FAKE,0.6707864,0.32921362,0.6707864,FAKE,FAKE,,FAKE,REAL,,REAL
693,"In countries where there are higher, more strict gun laws, there is more gun violence.",false,FAKE,20,0.8640778,0.13592222,0.8640778,FAKE,0.42709392,0.5729061,0.5729061,REAL,REAL,,REAL,REAL,,REAL
694,Says he never wanted to raise the debt ceiling.,barely-true,FAKE,12,0.3908502,0.6091499,0.6091499,REAL,0.4140423,0.5859577,0.5859577,REAL,REAL,,REAL,REAL,,REAL
695,"Thanks to (North Carolinas) governor and the legislature, the average teachersalary can barely support a family.",barely-true,FAKE,25,0.9269255,0.07307451,0.9269255,FAKE,0.3682159,0.6317841,0.6317841,REAL,FAKE,,FAKE,REAL,,REAL
696,There never really was a Hastert Rule.,half-true,FAKE,11,0.7373658,0.26263416,0.7373658,FAKE,0.49967802,0.5003219,0.5003219,REAL,REAL,,REAL,REAL,,REAL
697,Says Donald Trump wants to undo marriage equality.,true,REAL,11,0.4523809,0.5476191,0.5476191,REAL,0.48176315,0.5182368,0.5182368,REAL,REAL,,REAL,REAL,,REAL
698,It has been over 80 years since a lame-duck president appointed a Supreme Court justice.,barely-true,FAKE,20,0.6941347,0.3058653,0.6941347,FAKE,0.31210616,0.6878938,0.6878938,REAL,REAL,,REAL,REAL,,REAL
699,Says Rick Santorum opposes right-to-work,half-true,FAKE,12,0.58864605,0.41135398,0.58864605,FAKE,0.47545195,0.52454805,0.52454805,REAL,REAL,,REAL,REAL,,REAL
700,"In 1981, Matagorda, Brazoria, and Galveston Counties all opted out of the Social Security program for their employees. Today, their program is very, very well-funded and there is no question about whether its going to be funded in years to come.",mostly-true,REAL,56,0.5835027,0.41649726,0.5835027,FAKE,0.3673775,0.6326225,0.6326225,REAL,REAL,,REAL,REAL,,REAL
701,Virginia ranked near the bottom of the nation 50 years ago in per capita income but is in the top 10 today. It had a very low rate of higher education attainment but is now above the national average.,half-true,FAKE,44,0.04076677,0.9592333,0.9592333,REAL,0.16064802,0.839352,0.839352,REAL,REAL,,REAL,REAL,,REAL
702,Says (Clinton) called President Assad a reformer. She called Assad a different kind of leader.,half-true,FAKE,23,0.34326816,0.65673184,0.65673184,REAL,0.58049333,0.41950667,0.58049333,FAKE,REAL,,REAL,REAL,,REAL
703,"As a state rep, I was considered the fourth-most conservative in the Legislature.	states	rick-green			republican	0	1	1	0	0	a speech
2552.json	mostly-true	Rand Paul wants us to pay $2,000 just to get Medicare.	health-care,medicare,message-machine	jack-conway	Kentucky Attorney General	Kentucky	democrat	0	1	0	2	0	a campaign commercial
9353.json	mostly-true	Says Hillary Clinton opposed an individual mandate and favored an employer mandate back in 1993.	health-care,public-health	bobby-jindal	Governor of Louisiana	Louisiana	republican	0	1	4	4	0	an op-ed for Politico Magazine
9577.json	mostly-true	There are more than 46 million Americans living in poverty today -- the largest number in 54 years.	medicaid,poverty	kirk-cox	House majority leader	Virginia	republican	0	0	0	1	0	a speech.
4318.json	half-true	Since I introduced my budget -- first budget -- in March of 2010, weve created 50,000 new private-sector jobs for the people of this state.	jobs,state-budget	chris-christie	Governor of New Jersey	New Jersey	republican	10	17	27	19	8	a news conference in Belmar 
9864.json	mostly-true	Scott Walker cut school funding more per student than any governor in America.	children,education,message-machine-2014,state-budget,states,taxes	greater-wisconsin-political-fund		Wisconsin	none	3	3	3	1	1	a TV ad
8243.json	true	Says he would be first CPA to serve as Texas comptroller.	state-finances	raul-torres	Accountant, politician	Texas	republican	0	0	0	0	0	a campaign video
13500.json	mostly-true	On Donald Trumps plan to cut federal funding to sanctuary cities, because of a decision by the Supreme Court, no presidents in a position to cut off funding across the board. It has to be very specific to the matter at hand.	city-budget,county-budget,federal-budget,homeland-security,immigration,state-budget	bill-de-blasio	New York City Mayor	New York	democrat	1	0	0	1	0	a WNYC interview
9854.json	false	Thomas Jefferson said, That government is best which governs the least, because its people discipline themselves.	elections	jody-hice			republican	0	1	0	0	0	a Facebook post
7737.json	barely-true	Proposed gun control legislation will outlaw practically every firearm, make you pay $100 per firearm, put you into a police database and make it nearly impossible to get a permit to carry a concealed weapon.	crime,criminal-justice,government-regulation,guns,market-regulation	ed-doyle	administrator, Rhode Island chapter, Gun Rights Across America.	Rhode Island	activist	1	0	0	0	0	a news release and Facebook post
12293.json	barely-true	Says Donald Trump thinks a grown man pretending to be a woman (should) be allowed to use the womens restroom.	candidates-biography,corrections-and-updates,gays-and-lesbians,campaign-advertising	ted-cruz	Senator	Texas	republican	36	33	15	19	8	an attack ad
457.json	half-true	McCain has voted repeatedly at least six times against funding for global HIV/AIDS, malaria and TB fund, once as one of only 14 senators.""",half-true,FAKE,128,0.26204,0.73796,0.73796,REAL,0.6013542,0.3986458,0.6013542,FAKE,REAL,,REAL,REAL,,REAL
704,"The Border Patrol has 20,000 agents more than twice as many as there were in 2004.",true,REAL,21,0.10880348,0.8911965,0.8911965,REAL,0.20563518,0.79436475,0.79436475,REAL,REAL,,REAL,REAL,,REAL
705,The fact is that red light cameras change driver behavior and cut down on the most dangerous types of accidents.,half-true,FAKE,23,0.92105806,0.07894198,0.92105806,FAKE,0.69595355,0.30404642,0.69595355,FAKE,REAL,,REAL,REAL,,REAL
706,"Under (Rick Perrys) watch as governor, over six million Texans have no health care coverage, including one million children, homeowners suffer from the highest insurance rates in the country, and college tuition has skyrocketed 136 percent.",half-true,FAKE,51,0.8143311,0.18566887,0.8143311,FAKE,0.6170025,0.38299745,0.6170025,FAKE,REAL,,REAL,REAL,,REAL
707,Georgias HOPE scholarship is still the richest scholarship program in America.,half-true,FAKE,15,0.07506704,0.92493296,0.92493296,REAL,0.23576824,0.76423174,0.76423174,REAL,FAKE,,FAKE,REAL,,REAL
708,Abortions account for 94 percent of the services provided for pregnant women by Planned Parenthood.,false,FAKE,20,0.9836421,0.016357848,0.9836421,FAKE,0.37935835,0.6206416,0.6206416,REAL,FAKE,,FAKE,REAL,,REAL
709,"While (Charlie Crist) was governor, utility costs went up 30 percent and went from below the national average to above the national average. Since I got elected, utility rates have come down 11 percent and now we are below the average.",false,FAKE,50,0.7469219,0.25307816,0.7469219,FAKE,0.37439546,0.62560457,0.62560457,REAL,REAL,,REAL,REAL,,REAL
710,"Bernie Sanders opposesthe Trans-Pacific Partnership, and Hillary Clinton supportsit.",mostly-true,REAL,17,0.2273276,0.7726724,0.7726724,REAL,0.5041361,0.4958639,0.5041361,FAKE,REAL,,REAL,REAL,,REAL
711,On supporting right to work legislation in 2015,false,FAKE,10,0.9521222,0.047877844,0.9521222,FAKE,0.8597571,0.1402429,0.8597571,FAKE,REAL,,REAL,REAL,,REAL
712,Says the success of his economic agenda is supported by the fact we went from unemployment at 9.2 percent when I decided to run for governor four years ago to two points lower.,barely-true,FAKE,38,0.9097051,0.09029494,0.9097051,FAKE,0.49789262,0.5021074,0.5021074,REAL,REAL,,REAL,REAL,,REAL
713,"In the Patient Protection and Affordable Care Act, it was the Democrats who cut $500 billion from Medicare. And they also put in place the Independent Payment Advisory Board, 15 unelected bureaucrats, which will be making decisions about health care for our seniors and for all Americans.",barely-true,FAKE,58,0.98924005,0.010759959,0.98924005,FAKE,0.8167121,0.183288,0.8167121,FAKE,FAKE,,FAKE,REAL,,REAL
714,Were trailing every other state in the Midwest in terms of job creation since January of 2011.,half-true,FAKE,20,0.08096335,0.9190366,0.9190366,REAL,0.18644235,0.8135576,0.8135576,REAL,REAL,,REAL,REAL,,REAL
715,"POTUS economists: Stimulus Has Cost $278,000 per job.",false,FAKE,16,0.9862018,0.013798207,0.9862018,FAKE,0.8782284,0.12177158,0.8782284,FAKE,REAL,,REAL,REAL,,REAL
716,The education tax burden for Shelby County -- and Tennessee -- is one of the lowest in the country.,mostly-true,REAL,24,0.023953605,0.9760464,0.9760464,REAL,0.17097749,0.8290225,0.8290225,REAL,REAL,,REAL,REAL,,REAL
717,"Says Donald Trumps conversion to pro-life beliefs are akin to Justin Biebers, who said in the past that abortion was no big deal to him.",false,FAKE,34,0.6891954,0.31080455,0.6891954,FAKE,0.54319996,0.45680004,0.54319996,FAKE,FAKE,,FAKE,REAL,,REAL
718,"By the time I left the State Department, economic growth was up and opium production was down in Afghanistan, while infant mortality declined and school enrollment rose by more than sevenfold.",mostly-true,REAL,37,0.72319406,0.2768059,0.72319406,FAKE,0.39508438,0.6049156,0.6049156,REAL,REAL,,REAL,REAL,,REAL
719,We have the most productive workers in the world.,mostly-true,REAL,12,0.9651778,0.034822267,0.9651778,FAKE,0.2286518,0.77134824,0.77134824,REAL,REAL,,REAL,REAL,,REAL
720,"Before I was state treasurer, my Rhode Island business helped create over 1,000 jobs.",true,REAL,20,0.36267573,0.63732433,0.63732433,REAL,0.43247482,0.5675252,0.5675252,REAL,REAL,,REAL,REAL,,REAL
721,Says Bill White profiteered in the aftermath of Hurricane Rita.,false,FAKE,15,0.98875743,0.01124261,0.98875743,FAKE,0.82114583,0.17885417,0.82114583,FAKE,REAL,,REAL,REAL,,REAL
722,"Alabamas Crimson Tide will be the underdog in Saturdays game against the Georgia Bulldogs, the first time in 72 consecutive games that Alabama has not been favored by oddsmakers to win.",mostly-true,REAL,38,0.20594883,0.79405123,0.79405123,REAL,0.35334006,0.6466599,0.6466599,REAL,REAL,,REAL,REAL,,REAL
723,"Says Rick Scott took $200,000 in campaign contributions from a company that profited off pollution.",half-true,FAKE,22,0.5068307,0.4931693,0.5068307,FAKE,0.6389256,0.36107433,0.6389256,FAKE,REAL,,REAL,REAL,,REAL
724,"In a lawsuit between private citizens, a Florida judge announced the decision was going to be based on Islamic Law.",mostly-true,REAL,24,0.94251204,0.057487953,0.94251204,FAKE,0.7319398,0.26806027,0.7319398,FAKE,REAL,,REAL,REAL,,REAL
725,"Says Democrats raised taxes over 115 times in the past 10 years, making New Jersey increasingly unaffordable and chasing jobs to neighboring states.",half-true,FAKE,30,0.98422223,0.015777793,0.98422223,FAKE,0.59845066,0.40154934,0.59845066,FAKE,REAL,,REAL,REAL,,REAL
726,Metro on whether it could use bond money for restoration.,false,FAKE,13,0.98157364,0.01842637,0.98157364,FAKE,0.85627496,0.14372501,0.85627496,FAKE,REAL,,REAL,REAL,,REAL
727,Roy Barnes is like Barack Obama because theyre both doing a lot of apologizing.,half-true,FAKE,20,0.96983093,0.030169101,0.96983093,FAKE,0.8350789,0.16492106,0.8350789,FAKE,FAKE,,FAKE,REAL,,REAL
728,Barack Obama thinks terrorists just need a good talking to.,pants-fire,FAKE,13,0.966396,0.033603996,0.966396,FAKE,0.86150753,0.13849252,0.86150753,FAKE,REAL,,REAL,REAL,,REAL
729,"The Germans, the French, countries that opposed us in the (Iraq) war, all believed (Saddam Hussein) had weapons of mass destruction.",barely-true,FAKE,31,0.80912495,0.19087498,0.80912495,FAKE,0.5928334,0.4071666,0.5928334,FAKE,REAL,,REAL,REAL,,REAL
730,The pope and Donald Trump and Tammy Baldwin all agree on eliminating the carried-interest tax break.,half-true,FAKE,21,0.41886407,0.5811359,0.5811359,REAL,0.601054,0.398946,0.601054,FAKE,REAL,,REAL,REAL,,REAL
731,Agriculture has always required a significant workforce from abroad.,barely-true,FAKE,12,0.39731145,0.6026886,0.6026886,REAL,0.30147943,0.69852054,0.69852054,REAL,REAL,,REAL,REAL,,REAL
732,"Says Jon Huntsman supports changes in Medicare that would deny guaranteed benefits to 980,000 New Hampshire residents.",half-true,FAKE,23,0.80599844,0.19400148,0.80599844,FAKE,0.61705816,0.3829418,0.61705816,FAKE,REAL,,REAL,REAL,,REAL
733,"Across the United States, 25 percent of voting age African Americans do not have the photo ID that this bill would require.",half-true,FAKE,26,0.5085344,0.4914656,0.5085344,FAKE,0.26586115,0.73413885,0.73413885,REAL,REAL,,REAL,REAL,,REAL
734,Says Rick Scott stripped women of access to public health care.,half-true,FAKE,14,0.9635206,0.036479365,0.9635206,FAKE,0.68215936,0.3178406,0.68215936,FAKE,REAL,,REAL,REAL,,REAL
735,"A majority of Americans agree with a ban on assault weapons. And by the way, so did Ronald Reagan.",true,REAL,24,0.027694779,0.97230524,0.97230524,REAL,0.24308388,0.75691617,0.75691617,REAL,REAL,,REAL,REAL,,REAL
736,"Only 42 percent of young Georgians have a college certificate or degree, but soon 60 percent of jobs will require some college credential.",true,REAL,30,0.077609874,0.92239016,0.92239016,REAL,0.2499305,0.7500695,0.7500695,REAL,REAL,,REAL,REAL,,REAL
737,Texas has the lowest crime rate in this state since 1968 because of changes in law regarding nonviolent drug offenders.,half-true,FAKE,25,0.78614116,0.21385887,0.78614116,FAKE,0.21399347,0.7860065,0.7860065,REAL,REAL,,REAL,REAL,,REAL
738,Says HJM 20 was the only bill not assigned to a House committee.,false,FAKE,17,0.3363963,0.6636037,0.6636037,REAL,0.3319165,0.6680834,0.6680834,REAL,REAL,,REAL,REAL,,REAL
739,"Says if you try to hide marijuana in a hemp field, it becomes worthless. The THC goes away.",mostly-true,REAL,25,0.88187003,0.11812993,0.88187003,FAKE,0.7061723,0.2938277,0.7061723,FAKE,REAL,,REAL,REAL,,REAL
740,The Texas Senate approved a bill to put a special label on the insurance cards of anyone who bought a plan through Obamacare that includes the letter S for subsidy.,barely-true,FAKE,34,0.97853136,0.021468593,0.97853136,FAKE,0.75076646,0.24923353,0.75076646,FAKE,REAL,,REAL,REAL,,REAL
741,"Said the year before he took office, the state lost 119,000 private-sector jobs, labeling them Corzine jobs losses of 2009.",half-true,FAKE,31,0.96738183,0.032618184,0.96738183,FAKE,0.5730033,0.42699674,0.5730033,FAKE,REAL,,REAL,REAL,,REAL
742,Says the state is required pick up 70 percent of the cost of K-12 education.,barely-true,FAKE,20,0.68771756,0.31228247,0.68771756,FAKE,0.30476964,0.69523036,0.69523036,REAL,REAL,,REAL,REAL,,REAL
743,Theres a loophole where you can sell guns without a background check 40 percent of guns are sold that way at gun shows and over the Internet.,half-true,FAKE,32,0.48794326,0.5120567,0.5120567,REAL,0.35252452,0.6474755,0.6474755,REAL,REAL,,REAL,REAL,,REAL
744,"Illinois suffered 1,652 overdose deaths in 2014 ... of which 40 percent were associated with heroin. Illinois is ranked number one in the nation for a decline in treatment capacity between 2007 and 2012, and is now ranked the third worst in the country for state-funded treatment capacity.",true,REAL,60,0.37062111,0.6293789,0.6293789,REAL,0.21904166,0.78095835,0.78095835,REAL,REAL,,REAL,REAL,,REAL
745,The minimum wage has risen $2.35 in the last two years. Thats 31 percent.,false,FAKE,22,0.42742935,0.5725707,0.5725707,REAL,0.18261366,0.8173863,0.8173863,REAL,REAL,,REAL,REAL,,REAL
746,ColoradoCare would have higher revenues than McDonalds.,mostly-true,REAL,12,0.79355884,0.2064412,0.79355884,FAKE,0.48985714,0.51014286,0.51014286,REAL,REAL,,REAL,REAL,,REAL
747,"Everywhere that we have more citizens carrying guns, crime is less. Theres a study showing that where states have open carry or concealed carry, but particularly open carry, the crime is down 25 percent.",barely-true,FAKE,42,0.906016,0.09398399,0.906016,FAKE,0.6132964,0.38670364,0.6132964,FAKE,REAL,,REAL,REAL,,REAL
748,"Weve seen 115,000 jobs created in the American auto industry since GM and Chrysler emerged from bankruptcy.",half-true,FAKE,23,0.015864827,0.9841352,0.9841352,REAL,0.30258015,0.6974199,0.6974199,REAL,REAL,,REAL,REAL,,REAL
749,"Bill Nelson voted to confirm Sonia Sotomayor, who signed a Supreme Court opinion saying Americans do not have an individual right to own firearms.",mostly-true,REAL,30,0.6561446,0.34385535,0.6561446,FAKE,0.5466661,0.4533339,0.5466661,FAKE,REAL,,REAL,REAL,,REAL
750,"The Stupak Amendment doesnt just say you cant use your federal insurance subsidy to pay for an abortion, it says, if youre getting a federal subsidy of any kind, youre not allowed to buy an insurance plan that covers abortion even with your own money.",barely-true,FAKE,57,0.8539849,0.14601518,0.8539849,FAKE,0.53417295,0.46582708,0.53417295,FAKE,REAL,,REAL,REAL,,REAL
751,Says President Barack Obama already passed all these Obamacare taxes. About a dozen of them hit middle-income taxpayers.,barely-true,FAKE,25,0.97281975,0.027180249,0.97281975,FAKE,0.8005821,0.19941796,0.8005821,FAKE,REAL,,REAL,REAL,,REAL
752,The music industry is the biggest export from Africa after oil and gas.,false,FAKE,16,0.14849184,0.85150814,0.85150814,REAL,0.27179316,0.7282069,0.7282069,REAL,FAKE,,FAKE,REAL,,REAL
753,The presidents health care law raids Medicare by more than $500 billion and creates a Medicare rationing board a group of 15 unelected bureaucrats to slow the growth of Medicare spending.,barely-true,FAKE,39,0.9927362,0.007263785,0.9927362,FAKE,0.84048176,0.15951821,0.84048176,FAKE,FAKE,,FAKE,REAL,,REAL
754,Congress used earmarks for more than 200 years.,mostly-true,REAL,12,0.123607814,0.8763922,0.8763922,REAL,0.23642325,0.76357675,0.76357675,REAL,REAL,,REAL,REAL,,REAL
755,Venezuela is a country whose defense budget is probably 1/600th of the United States.,mostly-true,REAL,20,0.046539415,0.9534606,0.9534606,REAL,0.19998083,0.8000192,0.8000192,REAL,REAL,,REAL,REAL,,REAL
756,Senator Obama thinks we can achieve energy independence without more drilling and without more nuclear power.,half-true,FAKE,19,0.81401366,0.18598634,0.81401366,FAKE,0.81073505,0.18926494,0.81073505,FAKE,REAL,,REAL,REAL,,REAL
757,"The average family (is) now bringing home $4,000 less than they did just five years ago.",true,REAL,24,0.04441222,0.95558774,0.95558774,REAL,0.18844299,0.811557,0.811557,REAL,REAL,,REAL,REAL,,REAL
758,On the Troubled Asset Relief Program (TARP),true,REAL,12,0.96680945,0.033190526,0.96680945,FAKE,0.8714576,0.1285424,0.8714576,FAKE,REAL,,REAL,REAL,,REAL
759,"Leticia Van de Putte opposed putting National Guard troops on the border, would send millions to Central American governments instead and wrote the law giving in-state tuition to illegal immigrants.",half-true,FAKE,38,0.77476484,0.22523515,0.77476484,FAKE,0.7036229,0.29637712,0.7036229,FAKE,FAKE,,FAKE,REAL,,REAL
760,Says there are four super PACs on the Republican side of the Texas U.S. Senate race.,true,REAL,23,0.22931196,0.77068806,0.77068806,REAL,0.3962926,0.60370743,0.60370743,REAL,REAL,,REAL,REAL,,REAL
761,"Unfortunately, since Mr. Fosters been mayor ... there are less people employed in the city of St. Petersburg than there were prior to his taking office.",false,FAKE,35,0.96986145,0.030138573,0.96986145,FAKE,0.38174993,0.6182501,0.6182501,REAL,FAKE,,FAKE,REAL,,REAL
762,"Says U.S. Rep. Ron Kinds stimulus cost taxpayers $278,000 per job.",false,FAKE,21,0.9870459,0.01295406,0.9870459,FAKE,0.8690689,0.13093103,0.8690689,FAKE,REAL,,REAL,REAL,,REAL
763,"When you read the Koran, it talks about dont take Christians and Jews as your friends.",half-true,FAKE,22,0.9022829,0.097717054,0.9022829,FAKE,0.6836109,0.3163891,0.6836109,FAKE,FAKE,,FAKE,REAL,,REAL
764,Dan Patrick called for increasing the gas tax and the state sales tax.,mostly-true,REAL,16,0.7189649,0.28103513,0.7189649,FAKE,0.6586451,0.34135494,0.6586451,FAKE,REAL,,REAL,REAL,,REAL
765,Congressman Joe Heck has (voted) 62% of the time with Nancy Pelosi and the Democrats on a variety of important issues.,barely-true,FAKE,29,0.1646663,0.8353337,0.8353337,REAL,0.3144837,0.6855163,0.6855163,REAL,REAL,,REAL,REAL,,REAL
766,"Chile ranks third internationally in economic freedom, while the U.S. ranks 17th.",barely-true,FAKE,19,0.45771715,0.5422828,0.5422828,REAL,0.2310079,0.7689921,0.7689921,REAL,REAL,,REAL,REAL,,REAL
767,"Under the White Houses budget proposal, we will not be adding more to the national debt by the middle of the decade.",false,FAKE,26,0.9788062,0.02119378,0.9788062,FAKE,0.7310842,0.26891583,0.7310842,FAKE,REAL,,REAL,REAL,,REAL
768,Bill McCollum said tax cuts don't work.,barely-true,FAKE,14,0.4085229,0.5914771,0.5914771,REAL,0.51341146,0.48658857,0.51341146,FAKE,REAL,,REAL,REAL,,REAL
769,The tax burden on Virginia families was lower under Tim Kaine than under George Allen.,barely-true,FAKE,19,0.6561835,0.34381652,0.6561835,FAKE,0.3936421,0.60635793,0.60635793,REAL,REAL,,REAL,REAL,,REAL
770,Says CharlieCrist made it easier for Duke to take your money.,false,FAKE,16,0.67843354,0.3215665,0.67843354,FAKE,0.7780168,0.22198322,0.7780168,FAKE,FAKE,,FAKE,REAL,,REAL
771,Says a Barack Obama black imposter joke got a standing ovation at San Angelo rodeo.,barely-true,FAKE,21,0.9722873,0.027712697,0.9722873,FAKE,0.8139562,0.1860438,0.8139562,FAKE,FAKE,,FAKE,REAL,,REAL
772,Already in Wisconsin we have seen fewer people pursuing education as a career due to the Act 10 collective bargaining law.,barely-true,FAKE,24,0.9741743,0.025825761,0.9741743,FAKE,0.50987476,0.49012524,0.50987476,FAKE,REAL,,REAL,REAL,,REAL
773,SaysMaggie Hassan was out of state on 30 days over the last three months.,mostly-true,REAL,20,0.6920423,0.30795768,0.6920423,FAKE,0.53072095,0.4692791,0.53072095,FAKE,REAL,,REAL,REAL,,REAL
774,Gov. Kasich and the Republican-dominated legislature have foregone the popular option of closing tax loopholes that amount to $7 billion annually in this state.,mostly-true,REAL,36,0.5737854,0.42621458,0.5737854,FAKE,0.5236363,0.4763637,0.5236363,FAKE,REAL,,REAL,REAL,,REAL
775,Says his Texas election fraud investigations have resulted in 50 convictions.,half-true,FAKE,14,0.3865282,0.6134718,0.6134718,REAL,0.40280628,0.5971937,0.5971937,REAL,REAL,,REAL,REAL,,REAL
776,Miami-Dade County is the No. 1 donor county in the state.,barely-true,FAKE,17,0.18728784,0.8127122,0.8127122,REAL,0.23169777,0.7683022,0.7683022,REAL,REAL,,REAL,REAL,,REAL
777,"We havent had a Republican senator in Washington for ... why, I think Clifford Case was our last Republican senator.",mostly-true,REAL,27,0.36874136,0.63125867,0.63125867,REAL,0.35697544,0.64302456,0.64302456,REAL,REAL,,REAL,REAL,,REAL
778,"Judging by a recent vote, Rep. Debbie Wasserman Schultz thinks its okay for medical marijuana patients to go to federal prison.",barely-true,FAKE,28,0.9463968,0.053603124,0.9463968,FAKE,0.8171794,0.18282059,0.8171794,FAKE,FAKE,,FAKE,REAL,,REAL
779,Federal prosecutions for lying on background checks to buy guns are down 40 percent under President Barack Obama.,half-true,FAKE,22,0.9441173,0.05588271,0.9441173,FAKE,0.74768054,0.25231943,0.74768054,FAKE,REAL,,REAL,REAL,,REAL
780,We havent yet taken out a negative ad.,pants-fire,FAKE,12,0.9896861,0.010313852,0.9896861,FAKE,0.6834519,0.3165481,0.6834519,FAKE,REAL,,REAL,REAL,,REAL
781,Jane Norton supported the largest tax hike in Colorado history.,half-true,FAKE,13,0.9189682,0.0810318,0.9189682,FAKE,0.583337,0.41666293,0.583337,FAKE,FAKE,,FAKE,REAL,,REAL
782,"Here in Florida, Ive slashed government by 10 percent. That's $7 billion.",barely-true,FAKE,21,0.67017996,0.32982004,0.67017996,FAKE,0.44552407,0.55447596,0.55447596,REAL,REAL,,REAL,REAL,,REAL
783,"Over the past year ... our 16 counties have hemorrhaged more than 6,000 jobs with no apparent end in sight.",false,FAKE,30,0.8808974,0.11910263,0.8808974,FAKE,0.27469432,0.7253056,0.7253056,REAL,REAL,,REAL,REAL,,REAL
784,"Since President Barack Obama took office, you have 1,700 employees just at the Department of Transportation earning over $170,000.",false,FAKE,28,0.3459965,0.65400356,0.65400356,REAL,0.73181117,0.2681888,0.73181117,FAKE,FAKE,,FAKE,REAL,,REAL
785,"New Jerseys governor cut $1.6 billion from public education while handing out $2.1 billion in corporate tax breaks, more than the entire previous decade.",mostly-true,REAL,34,0.6881436,0.3118564,0.6881436,FAKE,0.63616484,0.36383513,0.63616484,FAKE,REAL,,REAL,REAL,,REAL
786,"Even with recent changes, the average hourly wage at General Motors is still $75 an hour.",false,FAKE,21,0.096083954,0.9039161,0.9039161,REAL,0.2279673,0.77203274,0.77203274,REAL,REAL,,REAL,REAL,,REAL
787,U.S. House opponent Paul Ryan supports cutting funding for veterans by 24 percent.,false,FAKE,19,0.2743178,0.72568226,0.72568226,REAL,0.608777,0.39122304,0.608777,FAKE,REAL,,REAL,REAL,,REAL
788,"Since 1970, the Clean Air Act has reduced toxic and health-threatening air pollution by 60 percent while our economy has grown more than 200 percent.",mostly-true,REAL,31,0.92883575,0.07116423,0.92883575,FAKE,0.3729776,0.6270224,0.6270224,REAL,REAL,,REAL,REAL,,REAL
789,Missouri is #1 in the nation for holding down tuition increases at public universities.,mostly-true,REAL,18,0.054732833,0.94526714,0.94526714,REAL,0.19023326,0.8097667,0.8097667,REAL,REAL,,REAL,REAL,,REAL
790,The Milwaukee business community did not speak about the facts -- and in support of train manufacturer Talgo -- as the Milwaukee-Madison rail link was being killed.,true,REAL,35,0.91224617,0.08775379,0.91224617,FAKE,0.6862682,0.31373173,0.6862682,FAKE,REAL,,REAL,REAL,,REAL
791,The U.S. representatives that voted to keep militarizing the police received 73 percent more campaign money from the defense industry than the representatives who voted to stop it.,mostly-true,REAL,37,0.17616281,0.8238372,0.8238372,REAL,0.34826148,0.6517386,0.6517386,REAL,REAL,,REAL,REAL,,REAL
792,We have never done business with Donald Trump.,half-true,FAKE,11,0.97394764,0.026052346,0.97394764,FAKE,0.46320987,0.5367902,0.5367902,REAL,REAL,,REAL,REAL,,REAL
793,Sen. McCain says it was not a mistake to vote against the Bush tax cuts ... but now says the tax cuts need to be made permanent.,true,REAL,33,0.4413225,0.55867743,0.55867743,REAL,0.39773783,0.6022622,0.6022622,REAL,REAL,,REAL,REAL,,REAL
794,"During the Reagan era, while productivity increased, ""wages for working people remained frozen.""",mostly-true,REAL,20,0.08644746,0.9135526,0.9135526,REAL,0.45677003,0.54322994,0.54322994,REAL,REAL,,REAL,REAL,,REAL
795,"When you look at the earned income tax credit, it has about a 25 percent fraud rate. Were looking at $20 billion to $30 billion.",half-true,FAKE,32,0.5799675,0.42003247,0.5799675,FAKE,0.44155362,0.5584464,0.5584464,REAL,REAL,,REAL,REAL,,REAL
796,"Unemployment insurance kept more than 620,000 children out of poverty in 2012.",half-true,FAKE,17,0.7667152,0.23328476,0.7667152,FAKE,0.48208973,0.51791024,0.51791024,REAL,REAL,,REAL,REAL,,REAL
797,"170,000 of the jobs created in Texas under Gov. Rick Perry were government jobs.",half-true,FAKE,20,0.94046086,0.059539117,0.94046086,FAKE,0.6260102,0.3739898,0.6260102,FAKE,FAKE,,FAKE,REAL,,REAL
798,Says 97 percent of food stamp benefits are paid in the proper amounts to people who are really eligible.,true,REAL,22,0.6873657,0.31263426,0.6873657,FAKE,0.27964407,0.7203559,0.7203559,REAL,REAL,,REAL,REAL,,REAL
799,"To this day, (the Cuban government) is a regime that provides safe harbor to terrorists and fugitives.",mostly-true,REAL,24,0.9160451,0.08395491,0.9160451,FAKE,0.6090192,0.39098072,0.6090192,FAKE,REAL,,REAL,REAL,,REAL
800,"The Senate has not passed a budget in more than three years, not a good budget, not a bad budget, no budget.",true,REAL,28,0.27959454,0.7204054,0.7204054,REAL,0.24319425,0.7568058,0.7568058,REAL,REAL,,REAL,REAL,,REAL
801,"Congress includes 36 people accused of spousal abuse, 84 arrested for drunk driving in the past year, 71 with terrible creditand more.",pants-fire,FAKE,30,0.351586,0.64841396,0.64841396,REAL,0.43351874,0.56648123,0.56648123,REAL,REAL,,REAL,REAL,,REAL
802,Says the initial Portland plastic bag ban represented only a modest share of total single-use checkout bag use.,barely-true,FAKE,24,0.26402763,0.7359723,0.7359723,REAL,0.33402842,0.6659716,0.6659716,REAL,REAL,,REAL,REAL,,REAL
803,The Bundy Ranch deal is all about Nevada Sen. Harry Reid using federal violence to take peoples land in his state so he can package it to re-sell it to the Chinese.,pants-fire,FAKE,39,0.9890912,0.010908866,0.9890912,FAKE,0.8332158,0.16678424,0.8332158,FAKE,FAKE,,FAKE,REAL,,REAL
804,There's no evidence anywhere that offshore drilling has hurt tourism in any area where it has been allowed.,false,FAKE,23,0.70435274,0.29564723,0.70435274,FAKE,0.4342383,0.5657616,0.5657616,REAL,REAL,,REAL,REAL,,REAL
805,Says Wisconsin women facing pay discrimination cant do something about it under bill passed by Republicans.,false,FAKE,20,0.9773892,0.022610763,0.9773892,FAKE,0.72873676,0.27126324,0.72873676,FAKE,REAL,,REAL,REAL,,REAL
806,"Under the new health care law, if a landscaper wants to buy a new lawnmower, or a restaurant needs a new ice-maker, they have to report that to the feds.",true,REAL,42,0.8676661,0.13233395,0.8676661,FAKE,0.5831751,0.4168249,0.5831751,FAKE,FAKE,,FAKE,REAL,,REAL
807,"Says that President Obama said if Congress passed the economic stimulus bill, we would have unemployment at 8 percent and no higher. And it went higher.",barely-true,FAKE,31,0.871147,0.128853,0.871147,FAKE,0.6913905,0.3086095,0.6913905,FAKE,REAL,,REAL,REAL,,REAL
808,Says Charlie Crist implemented Jeb Bushs A+ Plan.,true,REAL,15,0.933964,0.06603596,0.933964,FAKE,0.71955967,0.2804403,0.71955967,FAKE,FAKE,,FAKE,REAL,,REAL
809,We have 650 people who move to Texas every day.,true,REAL,13,0.32195982,0.6780402,0.6780402,REAL,0.24259965,0.75740033,0.75740033,REAL,REAL,,REAL,REAL,,REAL
810,"By some estimates, as few as 2 percent of the 50,000 (Central American) children who have crossed the border illegally this year have been sent home.",mostly-true,REAL,34,0.6786798,0.3213202,0.6786798,FAKE,0.27165654,0.7283434,0.7283434,REAL,REAL,,REAL,REAL,,REAL
811,Says city of Portland has a one-time $22 million surplus,half-true,FAKE,15,0.9518901,0.04810988,0.9518901,FAKE,0.5417663,0.4582337,0.5417663,FAKE,REAL,,REAL,REAL,,REAL
812,I never gave up custody of my children. I never lost custody of my children.,mostly-true,REAL,19,0.7918742,0.2081258,0.7918742,FAKE,0.46750328,0.5324967,0.5324967,REAL,REAL,,REAL,REAL,,REAL
813,The New England Journal of Medicine released a survey the week that President Obama signed Obamacare stating that over 30 percent of American physicians would leave the profession if the government took over health care.,false,FAKE,39,0.97939837,0.020601558,0.97939837,FAKE,0.80164224,0.19835775,0.80164224,FAKE,REAL,,REAL,REAL,,REAL
814,You can buy lobster with food stamps.,true,REAL,10,0.26431844,0.7356816,0.7356816,REAL,0.43853742,0.5614626,0.5614626,REAL,REAL,,REAL,REAL,,REAL
815,I cut more as a percentage out of government than any state in the country this past decade. And where is Michigan in terms of its economic growth? Cutting did not result in economic growth.,mostly-true,REAL,40,0.8249891,0.17501093,0.8249891,FAKE,0.39252493,0.6074751,0.6074751,REAL,REAL,,REAL,REAL,,REAL
816,The Obama administration gave Iran $400 million in ransom payment cash.,barely-true,FAKE,15,0.87133855,0.1286615,0.87133855,FAKE,0.80144304,0.198557,0.80144304,FAKE,FAKE,,FAKE,REAL,,REAL
817,"I remember one of [Curt Schillings] teammates said he painted his sock, the bloody sock.",false,FAKE,23,0.34111544,0.65888464,0.65888464,REAL,0.49774823,0.50225174,0.50225174,REAL,REAL,,REAL,REAL,,REAL
818,Not one dime gets added to the deficit because of Social Security.,barely-true,FAKE,15,0.11439833,0.8856017,0.8856017,REAL,0.37931234,0.62068766,0.62068766,REAL,REAL,,REAL,REAL,,REAL
819,"The United States of America, right now, has the strongest, most durable economy in the world.",mostly-true,REAL,22,0.061103266,0.9388968,0.9388968,REAL,0.16895226,0.8310477,0.8310477,REAL,REAL,,REAL,REAL,,REAL
820,Canada sets aside 36 percent of their visas for people with skills they think their country needs. We set aside 6 percent.,false,FAKE,26,0.033463128,0.9665368,0.9665368,REAL,0.2627508,0.7372492,0.7372492,REAL,REAL,,REAL,REAL,,REAL
821,The federal health care law is probably the biggest tax increase ever in the history of our country.,false,FAKE,21,0.94326645,0.05673357,0.94326645,FAKE,0.2820368,0.71796316,0.71796316,REAL,REAL,,REAL,REAL,,REAL
822,"There are 60,000 fewer jobs today in this state than we had in 2008.",half-true,FAKE,19,0.044787604,0.95521235,0.95521235,REAL,0.15824746,0.8417525,0.8417525,REAL,REAL,,REAL,REAL,,REAL
823,On toll roads.,half-true,FAKE,6,0.9719539,0.02804602,0.9719539,FAKE,0.85996926,0.14003071,0.85996926,FAKE,REAL,,REAL,REAL,,REAL
824,Says Republicans supported legislation on early voting and in-person voting in 2005.,true,REAL,17,0.16718571,0.83281434,0.83281434,REAL,0.39188173,0.60811824,0.60811824,REAL,REAL,,REAL,REAL,,REAL
825,"Chained CPI would save $1 trillion in the second decade off the federal budget debt, a report shows.",half-true,FAKE,23,0.25033566,0.74966437,0.74966437,REAL,0.64323777,0.35676226,0.64323777,FAKE,REAL,,REAL,REAL,,REAL
826,Says Austin is the largest city in America without a congressional district anchored in it.,true,REAL,18,0.12191684,0.87808317,0.87808317,REAL,0.2744516,0.7255484,0.7255484,REAL,REAL,,REAL,REAL,,REAL
827,"A president must ""obtain Congress' consent before formally accepting the Nobel Prize.""",barely-true,FAKE,18,0.7984644,0.20153557,0.7984644,FAKE,0.420435,0.5795649,0.5795649,REAL,REAL,,REAL,REAL,,REAL
828,"When people enter the service, theres not a mental health evaluation.",true,REAL,16,0.97705084,0.022949094,0.97705084,FAKE,0.6907185,0.30928156,0.6907185,FAKE,REAL,,REAL,REAL,,REAL
829,"Road congestion costs rush hour drivers in Austin and Dallas more than $1,000 a year. And in Houston, its even more -- almost $1,500 a year.",mostly-true,REAL,38,0.8929016,0.10709836,0.8929016,FAKE,0.2803351,0.7196649,0.7196649,REAL,REAL,,REAL,REAL,,REAL
830,Theres more murders with hammers last year than...shotguns and pistols and AK-47s.,pants-fire,FAKE,25,0.1792745,0.8207255,0.8207255,REAL,0.23628388,0.7637161,0.7637161,REAL,REAL,,REAL,REAL,,REAL
831,Uses headlines to portray Gov. Rick Perry as beholden to special interests.,mostly-true,REAL,17,0.9792777,0.020722324,0.9792777,FAKE,0.77775586,0.22224411,0.77775586,FAKE,REAL,,REAL,REAL,,REAL
832,"Ms. Kagan has spent her entire professional career in Harvard Square, Hyde Park and the D.C. Beltway.",true,REAL,27,0.68841094,0.31158903,0.68841094,FAKE,0.49757457,0.5024254,0.5024254,REAL,REAL,,REAL,REAL,,REAL
833,Her campaign and her supporters in her campaign were the ones that borne out the birther movement.,half-true,FAKE,21,0.9737803,0.026219703,0.9737803,FAKE,0.74371487,0.25628513,0.74371487,FAKE,REAL,,REAL,REAL,,REAL
834,"Because of voter fraud, Republican candidates need to do a point or two better to win statewide elections in Wisconsin.",false,FAKE,24,0.7687101,0.23128994,0.7687101,FAKE,0.46987027,0.5301297,0.5301297,REAL,REAL,,REAL,REAL,,REAL
835,Nine million people have lower-cost HIV/AIDS medicine because of the work of the Clinton Foundation and my husband.,true,REAL,25,0.98398787,0.016012052,0.98398787,FAKE,0.7425065,0.25749347,0.7425065,FAKE,REAL,,REAL,REAL,,REAL
836,"Chris Christie helped funnel $6 million in federal Hurricane Sandy money to a senior center in Belleville, N.J., a place that suffered no damage.",mostly-true,REAL,34,0.6827417,0.31725827,0.6827417,FAKE,0.6212245,0.37877548,0.6212245,FAKE,REAL,,REAL,REAL,,REAL
837,"Massachusetts under Gov. Mitt Romney initially ranked last among states in job growth, but by the end of his governorship, we were in the middle of the pack.",half-true,FAKE,36,0.623743,0.376257,0.623743,FAKE,0.27275655,0.7272435,0.7272435,REAL,REAL,,REAL,REAL,,REAL
838,"The federal budget bill reauthorizes the Overseas Private Investment Corporation, which provides taxpayer dollars so that the Four Seasons hotel can build a resort in Turkey.",mostly-true,REAL,33,0.5737831,0.42621693,0.5737831,FAKE,0.5692116,0.4307884,0.5692116,FAKE,FAKE,,FAKE,REAL,,REAL
839,Says that 9 million to 50 million undocumented immigrants live in the United States.,barely-true,FAKE,19,0.8879901,0.112009935,0.8879901,FAKE,0.59346426,0.40653577,0.59346426,FAKE,REAL,,REAL,REAL,,REAL
840,Ohioans want an end to pay-to-play politics.,false,FAKE,15,0.95711887,0.042881083,0.95711887,FAKE,0.6301805,0.36981952,0.6301805,FAKE,REAL,,REAL,REAL,,REAL
841,We are the only industrialized nation that doesnt guarantee workers paid family leave.,mostly-true,REAL,18,0.03053172,0.96946824,0.96946824,REAL,0.36422876,0.6357712,0.6357712,REAL,REAL,,REAL,REAL,,REAL
842,"A single mother of two cant qualify for basic healthcare through Medicaid if she makes more than $3,504 dollars a year.",mostly-true,REAL,31,0.2518828,0.7481172,0.7481172,REAL,0.2737585,0.7262415,0.7262415,REAL,REAL,,REAL,REAL,,REAL
843,General Motors is the largest corporation in the world again.,false,FAKE,13,0.30136868,0.6986313,0.6986313,REAL,0.24111065,0.7588893,0.7588893,REAL,FAKE,,FAKE,REAL,,REAL
844,"A mailer from the Obama campaign ""accurately indicates"" that Hillary Clinton would ""force uninsured people to buy insurance, even if they can't afford it.""",half-true,FAKE,37,0.97739184,0.022608168,0.97739184,FAKE,0.7183502,0.28164986,0.7183502,FAKE,FAKE,,FAKE,REAL,,REAL
845,Says Ohio Treasurer Josh Mandel supports allowing the United States to default on its obligations.,pants-fire,FAKE,19,0.6318657,0.3681343,0.6318657,FAKE,0.80164284,0.19835715,0.80164284,FAKE,FAKE,,FAKE,REAL,,REAL
846,Says Mitt Romney belittled middle-class tax cuts as nothing more than little Band-Aids.,barely-true,FAKE,23,0.7516877,0.24831225,0.7516877,FAKE,0.45438844,0.54561156,0.54561156,REAL,REAL,,REAL,REAL,,REAL
847,A referendum gives the people the chance to decide on cutting the Milwaukee County Board budget by two-thirds,false,FAKE,22,0.97247905,0.02752098,0.97247905,FAKE,0.61794055,0.38205948,0.61794055,FAKE,REAL,,REAL,REAL,,REAL
848,"Even among second and third generation Muslims in the United States, theres no real assimilation.",false,FAKE,20,0.97401434,0.02598563,0.97401434,FAKE,0.40849024,0.59150976,0.59150976,REAL,REAL,,REAL,REAL,,REAL
849,Hackers broke into Virginias prescription-drug database (and) ... obtained more than 8.2 million patient records and a total of nearly 36 million prescriptions.,mostly-true,REAL,37,0.72136986,0.27863017,0.72136986,FAKE,0.38563418,0.61436576,0.61436576,REAL,REAL,,REAL,REAL,,REAL
850,"Says Ted Cruz was just bribed by the Kochs to introduce a bill that would give them and their allies Americas national forests, parks, and other public lands and open them for mining, drilling, fracking and logging.",pants-fire,FAKE,47,0.97582656,0.024173448,0.97582656,FAKE,0.68705493,0.3129451,0.68705493,FAKE,FAKE,,FAKE,REAL,,REAL
851,The (Russian) ruble is already going down.,mostly-true,REAL,13,0.7122565,0.28774345,0.7122565,FAKE,0.6152891,0.38471085,0.6152891,FAKE,REAL,,REAL,REAL,,REAL
852,On subsidies for ethanol production.,false,FAKE,8,0.9564584,0.043541558,0.9564584,FAKE,0.8646736,0.13532633,0.8646736,FAKE,REAL,,REAL,REAL,,REAL
853,One out of five of our children live in a family thats on food stamps.,true,REAL,19,0.32031962,0.6796804,0.6796804,REAL,0.32573327,0.67426676,0.67426676,REAL,REAL,,REAL,REAL,,REAL
854,"Says she brought together business, labor and hospitals to give 94,000 Oregon children health care.",mostly-true,REAL,21,0.9219766,0.078023404,0.9219766,FAKE,0.6418059,0.35819408,0.6418059,FAKE,REAL,,REAL,REAL,,REAL
855,"According to independent analysis, unfair trade deals have resulted in the loss of over 64,000 jobs in Wisconsin ... But Ron Johnson favors those deals.",half-true,FAKE,33,0.87779635,0.12220368,0.87779635,FAKE,0.65378857,0.3462115,0.65378857,FAKE,REAL,,REAL,REAL,,REAL
856,Ohio currently ranks 50th out of all states in income growth.,mostly-true,REAL,14,0.018069822,0.9819302,0.9819302,REAL,0.15053554,0.8494645,0.8494645,REAL,REAL,,REAL,REAL,,REAL
857,We knew Strom Thurmond had proposed the amendment that blocked Puerto Ricos use of Chapter 9 bankruptcy protection.,mostly-true,REAL,25,0.6520928,0.34790716,0.6520928,FAKE,0.50745064,0.49254936,0.50745064,FAKE,REAL,,REAL,REAL,,REAL
858,"In the four years before I became governor, we increased state debt $5.2 billion. Weve paid it down $2 billion.",half-true,FAKE,30,0.53853875,0.46146128,0.53853875,FAKE,0.28213075,0.7178692,0.7178692,REAL,REAL,,REAL,REAL,,REAL
859,"Says they said it was impossible to balance a budget at the same time, with an $11 billion deficit and we did it.",half-true,FAKE,28,0.36784592,0.63215405,0.63215405,REAL,0.43546653,0.5645335,0.5645335,REAL,REAL,,REAL,REAL,,REAL
860,Says Bruce Starr broke the law by letting lobbyists wine and dine him in Maui.,false,FAKE,20,0.47971296,0.52028704,0.52028704,REAL,0.6704191,0.32958093,0.6704191,FAKE,REAL,,REAL,REAL,,REAL
861,Latina who enthusiastically supported Donald Trump on stage in Las Vegas in October 2015 has been deported.,pants-fire,FAKE,21,0.98139316,0.018606868,0.98139316,FAKE,0.6883816,0.31161836,0.6883816,FAKE,REAL,,REAL,REAL,,REAL
862,John McCain is right on that one. The line-item veto is the best tool the president has to rein in excessive spending.,half-true,FAKE,28,0.2639792,0.7360208,0.7360208,REAL,0.35467434,0.64532566,0.64532566,REAL,REAL,,REAL,REAL,,REAL
863,"In 2009, the FBI referred more than 71,000 cases of people failing background checks when trying to buy a gun to another federal agency, but U.S. attorneys ultimately prosecuted only 77 of them.",half-true,FAKE,43,0.16782942,0.83217055,0.83217055,REAL,0.3572805,0.6427195,0.6427195,REAL,REAL,,REAL,REAL,,REAL
864,Says Barack Obama is the first president in modern history not to have a single year of 3 percent growth.,mostly-true,REAL,23,0.9530158,0.04698425,0.9530158,FAKE,0.6755728,0.3244272,0.6755728,FAKE,REAL,,REAL,REAL,,REAL
865,Half of all hospitalized seniors are suffering from malnutrition so severe that it either caused their illness or it prevents them from getting better.,barely-true,FAKE,30,0.039608266,0.96039176,0.96039176,REAL,0.3029755,0.6970245,0.6970245,REAL,REAL,,REAL,REAL,,REAL
866,"Under conservative leadership, Congress has reduced the federal deficit by 60 percent nearly $800 billion.",barely-true,FAKE,20,0.97546583,0.024534242,0.97546583,FAKE,0.70966464,0.29033536,0.70966464,FAKE,REAL,,REAL,REAL,,REAL
867,Says Patrick Murphy never worked as a CPA and was never a small business owner.,barely-true,FAKE,19,0.70585626,0.29414374,0.70585626,FAKE,0.64789176,0.35210827,0.64789176,FAKE,REAL,,REAL,REAL,,REAL
868,"In 2012, Wall Street gave Scott Brown more campaign contributions than any other candidate -- $5.3 million.",mostly-true,REAL,25,0.30908188,0.6909181,0.6909181,REAL,0.34310445,0.6568956,0.6568956,REAL,REAL,,REAL,REAL,,REAL
869,$65 billion would be added to the deficit if we keep the cuts for people on the highest incomes.,mostly-true,REAL,23,0.7039208,0.29607916,0.7039208,FAKE,0.6187697,0.38123032,0.6187697,FAKE,REAL,,REAL,REAL,,REAL
870,"What I look at every month is how many more New Jerseyans are back to work. You have another 9,900 last month that are back to work and over almost 90,000 that are back to work now since I became governor.",false,FAKE,50,0.076358,0.923642,0.923642,REAL,0.22682475,0.77317524,0.77317524,REAL,REAL,,REAL,REAL,,REAL
871,Says Newt Gingrich co-sponsored a bill with Nancy Pelosi that would have given $60 million a year to a U.N. program supporting Chinas brutal one-child policy.,pants-fire,FAKE,42,0.74449587,0.25550413,0.74449587,FAKE,0.5626222,0.43737784,0.5626222,FAKE,REAL,,REAL,REAL,,REAL
872,"Poor people go to a ""payday lender...and they pay 300, 400, 500 percent interest.""",true,REAL,27,0.84671134,0.1532887,0.84671134,FAKE,0.51130885,0.4886911,0.51130885,FAKE,REAL,,REAL,REAL,,REAL
873,"Other states have considered or have sunset advisory commissions; the federal government has the ability, too.",mostly-true,REAL,21,0.080449715,0.91955024,0.91955024,REAL,0.28427354,0.7157265,0.7157265,REAL,REAL,,REAL,REAL,,REAL
874,"Under Wisconsin law, anyone who knows anything about a John Doe secret criminal investigation cant talk about it.",half-true,FAKE,23,0.18978375,0.81021625,0.81021625,REAL,0.45808104,0.541919,0.541919,REAL,REAL,,REAL,REAL,,REAL
875,... following World War II war crime trials were convened. The Japanese were tried and convicted and hung for war crimes committed against American POWs. Among those charges for which they were convicted was waterboarding.,true,REAL,44,0.9153461,0.0846539,0.9153461,FAKE,0.52718264,0.47281733,0.52718264,FAKE,REAL,,REAL,REAL,,REAL
876,"On the economic crisis, ""the biggest problem in this whole process was the deregulation of the financial system.""",half-true,FAKE,26,0.9858431,0.0141569525,0.9858431,FAKE,0.63901,0.36098996,0.63901,FAKE,REAL,,REAL,REAL,,REAL
877,"Texas high school graduation rate went from 27th in the country in 2002, to second highest in the country in 2013.",barely-true,FAKE,25,0.24531916,0.7546808,0.7546808,REAL,0.18242723,0.8175728,0.8175728,REAL,REAL,,REAL,REAL,,REAL
878,Says the secret John Doe criminal investigation of his campaign has been resolved and two judges have said it is over.,false,FAKE,24,0.9384532,0.061546847,0.9384532,FAKE,0.6807684,0.31923163,0.6807684,FAKE,REAL,,REAL,REAL,,REAL
879,"Obama came into office ""with a $1.3 trillion deficit before I had passed any law. ... We came in with $8 trillion worth of debt over the next decade.""",mostly-true,REAL,41,0.8562827,0.14371721,0.8562827,FAKE,0.53426856,0.4657315,0.53426856,FAKE,REAL,,REAL,REAL,,REAL
880,"Says Daniel Webster wants to make divorce illegal, even for abused wives.",half-true,FAKE,16,0.45609367,0.5439064,0.5439064,REAL,0.6889144,0.31108552,0.6889144,FAKE,REAL,,REAL,REAL,,REAL
881,"Says Amanda Fritz publicly claimed to be endorsed by NARAL Pro-Choice Oregon, both on her website and in the voters guide.",half-true,FAKE,28,0.87782437,0.12217566,0.87782437,FAKE,0.68346214,0.31653783,0.68346214,FAKE,REAL,,REAL,REAL,,REAL
882,"I'll tell you what I can tell this country: If they want a president who doesn't believe in God, there's probably plenty of choices.",false,FAKE,35,0.33299837,0.66700155,0.66700155,REAL,0.49619013,0.50380987,0.50380987,REAL,REAL,,REAL,REAL,,REAL
883,Drinking champagne could help prevent Alzheimers and other forms of dementia.,false,FAKE,15,0.57966304,0.42033693,0.57966304,FAKE,0.57818687,0.42181313,0.57818687,FAKE,FAKE,,FAKE,REAL,,REAL
884,"Because of the health care act, The people who have health care and like it in this county are not going to be able to keep what they have.",barely-true,FAKE,33,0.7316681,0.26833186,0.7316681,FAKE,0.61039686,0.3896031,0.61039686,FAKE,FAKE,,FAKE,REAL,,REAL
885,Ford is moving all of their small-car production to Mexico.,mostly-true,REAL,15,0.97147715,0.028522886,0.97147715,FAKE,0.75819916,0.24180083,0.75819916,FAKE,FAKE,,FAKE,REAL,,REAL
886,"Right now in Georgia, nearly one in three leaving our prisons are re-convicted within three years.",true,REAL,22,0.08389196,0.916108,0.916108,REAL,0.20654641,0.7934536,0.7934536,REAL,REAL,,REAL,REAL,,REAL
887,Says Kay Hagan supports waivers for friends of Obama and special treatment for Congress and their staffs.,false,FAKE,22,0.9649679,0.03503208,0.9649679,FAKE,0.81038624,0.18961373,0.81038624,FAKE,REAL,,REAL,REAL,,REAL
888,Says shes never said dont build Texas 45 Southwest.,half-true,FAKE,14,0.96263164,0.037368342,0.96263164,FAKE,0.7017499,0.29825008,0.7017499,FAKE,REAL,,REAL,REAL,,REAL
889,The Department of Homeland Security is the only federal department not funded for this entire fiscal year by Congress.,true,REAL,22,0.16163577,0.83836424,0.83836424,REAL,0.2313707,0.7686293,0.7686293,REAL,REAL,,REAL,REAL,,REAL
890,"If you are a member of union, your median weekly income is roughly $200 more than if you are a nonunion member, and that doesnt include benefits.",true,REAL,36,0.8065766,0.19342339,0.8065766,FAKE,0.3001373,0.69986266,0.69986266,REAL,REAL,,REAL,REAL,,REAL
891,"For every dollar (in the stimulus package) that is spent to help small businesses, $4 is being spent to help upkeep the grass on the lawns of Washington.",false,FAKE,38,0.6048079,0.39519206,0.6048079,FAKE,0.531195,0.46880502,0.531195,FAKE,FAKE,,FAKE,FAKE,,FAKE
892,"If sea levels rise six feet due to climate change, Waterplace Park in Providence and Wickford village would be swamped",true,REAL,28,0.98877966,0.0112203695,0.98877966,FAKE,0.7973339,0.20266613,0.7973339,FAKE,REAL,,REAL,REAL,,REAL
893,"Chinese tire imports threatened 1,000 American jobs, so President Obama stood up to China and protected American workers. Mitt Romney attacked Obamas decision.",mostly-true,REAL,32,0.7191272,0.28087276,0.7191272,FAKE,0.6809993,0.31900075,0.6809993,FAKE,REAL,,REAL,REAL,,REAL
894,"Says the state of Texas rates as unacceptable almost 500 of the states 8,000 public schools.",true,REAL,21,0.9880614,0.011938522,0.9880614,FAKE,0.36453697,0.63546306,0.63546306,REAL,REAL,,REAL,REAL,,REAL
895,The Wisconsin Economic Development Corporation is a proven job creator.,half-true,FAKE,13,0.9894385,0.010561546,0.9894385,FAKE,0.798335,0.20166497,0.798335,FAKE,REAL,,REAL,REAL,,REAL
896,Says Dan Patrick proposed Arizona-style show-me-your-papers legislation.,true,REAL,18,0.5950152,0.4049848,0.5950152,FAKE,0.6228343,0.3771657,0.6228343,FAKE,REAL,,REAL,REAL,,REAL
897,Our (Texas) graduation rate ranks 43rd out of 50 states.,true,REAL,15,0.2721445,0.72785556,0.72785556,REAL,0.17396878,0.8260312,0.8260312,REAL,REAL,,REAL,REAL,,REAL
898,Says that his transportation budget and Ohio Turnpike plan would make sure we have lower tolls than weve had through the history of the turnpike.,pants-fire,FAKE,30,0.40805587,0.5919441,0.5919441,REAL,0.5478651,0.45213494,0.5478651,FAKE,REAL,,REAL,REAL,,REAL
899,The war spending bill actually spends more money on the International Monetary Fund than on the war.,barely-true,FAKE,20,0.29996753,0.7000325,0.7000325,REAL,0.22569337,0.7743066,0.7743066,REAL,REAL,,REAL,REAL,,REAL
900,North Carolina has one of the fastest growing populations as well as the fastest growing economy in the country.,true,REAL,22,0.019819345,0.9801807,0.9801807,REAL,0.15707403,0.84292597,0.84292597,REAL,REAL,,REAL,REAL,,REAL
901,Says Paul Ryans budget relies on the same $700 billion in savings from Medicare that Mitt Romney and other Republicans have been attacking Democrats about.,true,REAL,31,0.721438,0.27856207,0.721438,FAKE,0.66540307,0.33459693,0.66540307,FAKE,REAL,,REAL,REAL,,REAL
902,Says Hillary Clintons State Department blocked investigation into Orlando killers mosque.,false,FAKE,15,0.9796607,0.020339375,0.9796607,FAKE,0.8220444,0.17795563,0.8220444,FAKE,FAKE,,FAKE,REAL,,REAL
903,The Madison-Milwaukee (high-speed) train line is dead.,false,FAKE,16,0.77724284,0.22275719,0.77724284,FAKE,0.53736097,0.46263906,0.53736097,FAKE,REAL,,REAL,REAL,,REAL
904,"In February, John McCain suggested the Bergdahl-Taliban swap that he now calls outrageous and dangerous.",mostly-true,REAL,23,0.4641571,0.53584284,0.53584284,REAL,0.49944863,0.5005514,0.5005514,REAL,REAL,,REAL,REAL,,REAL
905,"Says that in 2011, Oregon had the second fastest growing economy in the nation.",true,REAL,18,0.38272044,0.6172795,0.6172795,REAL,0.23609726,0.7639027,0.7639027,REAL,REAL,,REAL,REAL,,REAL
906,Robert Hurt supported a bill that helped the uranium industry after taking contributions from the industry and because his father had a stake in it.,barely-true,FAKE,28,0.8202992,0.17970079,0.8202992,FAKE,0.6091387,0.39086124,0.6091387,FAKE,REAL,,REAL,REAL,,REAL
907,Sherrod Brown supported President Obamas $453 billion tax increase.,barely-true,FAKE,17,0.8714104,0.12858963,0.8714104,FAKE,0.78655064,0.21344942,0.78655064,FAKE,REAL,,REAL,REAL,,REAL
908,I never favored cap and trade.,false,FAKE,9,0.49599892,0.5040011,0.5040011,REAL,0.44142923,0.55857074,0.55857074,REAL,REAL,,REAL,REAL,,REAL
909,"The runnerup to Caitlyn Jenner for ESPNs Arthur Ashe Courage Award was Army veteran Noah Galloway, who lost an arm and leg to a roadside bomb in Iraq.",pants-fire,FAKE,37,0.897839,0.10216096,0.897839,FAKE,0.658633,0.34136704,0.658633,FAKE,REAL,,REAL,REAL,,REAL
910,"Every year the state loses 8,000-10,000 acres of land in bear country.",half-true,FAKE,21,0.32671398,0.673286,0.673286,REAL,0.2842673,0.71573275,0.71573275,REAL,REAL,,REAL,REAL,,REAL
911,Caution: Kissing and cuddling chickens can be hazardous to your health.,true,REAL,16,0.7664053,0.23359472,0.7664053,FAKE,0.6698515,0.3301485,0.6698515,FAKE,REAL,,REAL,REAL,,REAL
912,Says Connie Mack is protecting Chevron oil from a multi-billion dollar lawsuit over pollution of rivers and rainforests.,half-true,FAKE,25,0.9886486,0.011351474,0.9886486,FAKE,0.855693,0.14430703,0.855693,FAKE,FAKE,,FAKE,REAL,,REAL
913,Theyre paying a less rate of tax -- these richest people in America -- than they have in the last 80 years.,mostly-true,REAL,28,0.05246874,0.9475313,0.9475313,REAL,0.18845953,0.8115404,0.8115404,REAL,REAL,,REAL,REAL,,REAL
914,The coalition of Arab states against Libyas Moammar Gadhafi is the biggest coalition against a fellow Arab leader since the Persian Gulf War in 1990-1991.,true,REAL,35,0.97503597,0.024964036,0.97503597,FAKE,0.64513177,0.35486826,0.64513177,FAKE,REAL,,REAL,REAL,,REAL
915,"The CBO says if we raise the minimum wage the way Charlie (Crist) wants to do it, it would lose 500,000 jobs.",half-true,FAKE,32,0.9317079,0.06829208,0.9317079,FAKE,0.7319091,0.2680909,0.7319091,FAKE,REAL,,REAL,REAL,,REAL
916,"The Obama administration is using as its legal justification for these airstrikes (on the Islamic State), an authorization for military force that the president himself has called for repeal of.",mostly-true,REAL,38,0.96556747,0.034432504,0.96556747,FAKE,0.76948285,0.23051716,0.76948285,FAKE,REAL,,REAL,REAL,,REAL
917,Florida is enjoying its lowest crime rate in 39 years.,mostly-true,REAL,13,0.046189245,0.95381075,0.95381075,REAL,0.19307508,0.8069249,0.8069249,REAL,REAL,,REAL,REAL,,REAL
918,There has never been a panther attack in the history of Florida.,mostly-true,REAL,15,0.09319013,0.90680987,0.90680987,REAL,0.29489154,0.70510846,0.70510846,REAL,REAL,,REAL,REAL,,REAL
919,"In this judicial race, special interest groups have demanded money from me, in exchange for endorsement and support.",false,FAKE,23,0.59168476,0.40831524,0.59168476,FAKE,0.6549684,0.3450316,0.6549684,FAKE,REAL,,REAL,REAL,,REAL
920,"Before Medicare, only 51 percent of Americans 65 and older had health care coverage and nearly 30 percent lived below the poverty line. Today, thanks to Medicare ... nearly all seniors have coverage and 75 percent fewer struggle in poverty.",half-true,FAKE,48,0.37832576,0.6216742,0.6216742,REAL,0.32494342,0.6750566,0.6750566,REAL,REAL,,REAL,REAL,,REAL
921,Says the federal government hosted a conference and ordered 250 muffins at 16 bucks a piece.,barely-true,FAKE,21,0.6226184,0.3773816,0.6226184,FAKE,0.45500037,0.5449996,0.5449996,REAL,REAL,,REAL,REAL,,REAL
922,Says the Simpson-Bowles deficit reduction proposal went from President Barack Obamas desk to the garbage can.,false,FAKE,23,0.95661265,0.043387376,0.95661265,FAKE,0.8422184,0.15778159,0.8422184,FAKE,REAL,,REAL,REAL,,REAL
923,"Fifty-six percent decline in overall crime. A 73 percent decline in motor-vehicle theft. A 67 percent decline in robbery. A 66 percent decline in murder. This is way beyond what happened in the nation during this period of time.	crime	rudy-giuliani	Attorney	New York	republican	9	11	10	7	3	New York, N.Y.
5122.json	mostly-true	In 1958, there were 16 states in this country that prohibited -- prohibited -- an African-American and a Caucasian from being married.	civil-rights,gays-and-lesbians,marriage	sheila-oliver	Assemblywoman	New Jersey	democrat	0	1	1	3	0	a news conference
11191.json	true	Says Donald Trump has changed his mind on abortion.	abortion	carly-fiorina		California	republican	5	5	4	3	2	the first Republican presidential debate
10315.json	mostly-true	It has been many years, if ever, since an inmate has completed his or her high school diploma while incarcerated in a state correctional facility for adults.	corrections-and-updates,criminal-justice,public-safety	lc-buster-evans	Assistant Commissioner	Georgia	none	0	0	0	1	0	in a press release
1964.json	mostly-true	Says U.S. Rep. Michael McCaul is the sixth-richest person in Congress.	candidates-biography	ted-ankrum	Retired	Texas	democrat	0	1	0	1	0	a speech
624.json	true	McCain is raising campaign cash with one of (Jack) Abramoff's closest business partners: scandal-plagued conservative activist Ralph Reed.""",true,REAL,128,0.9310181,0.06898193,0.9310181,FAKE,0.534819,0.46518105,0.534819,FAKE,REAL,,REAL,REAL,,REAL
924,More than 10 years of free trade has brought a $2 billion per day trade deficit.,mostly-true,REAL,20,0.9638771,0.03612286,0.9638771,FAKE,0.45645872,0.54354125,0.54354125,REAL,REAL,,REAL,REAL,,REAL
925,"Says Kurt Schrader voted to cut $500 billion from Medicare, threatening thousands of Oregon seniors and their access to their current coverage.",barely-true,FAKE,29,0.9807262,0.019273795,0.9807262,FAKE,0.73844874,0.26155123,0.73844874,FAKE,REAL,,REAL,REAL,,REAL
926,"Believe it or not, consumer spending is up over the last eight months.",true,REAL,17,0.08158486,0.9184151,0.9184151,REAL,0.2998083,0.70019174,0.70019174,REAL,REAL,,REAL,REAL,,REAL
927,"Under Common Core standards, it takes more than a minute to teach a student how to add nine plus six.",half-true,FAKE,24,0.15677294,0.843227,0.843227,REAL,0.25781694,0.7421831,0.7421831,REAL,REAL,,REAL,REAL,,REAL
928,Rick Scott says he supported in-state tuition for Dreamers while Charlie Crist was against it.,half-true,FAKE,22,0.2749522,0.7250477,0.7250477,REAL,0.61392665,0.38607332,0.61392665,FAKE,REAL,,REAL,REAL,,REAL
929,Black children constitute 18 percent of the nations public school population but 40 percent of the children who are suspended or expelled.,mostly-true,REAL,25,0.34970444,0.6502955,0.6502955,REAL,0.26414007,0.73586,0.73586,REAL,REAL,,REAL,REAL,,REAL
930,I opposed TPP (Trans-Pacific Partnership) and have always opposed TPP.,mostly-true,REAL,19,0.14256309,0.8574369,0.8574369,REAL,0.44688833,0.5531117,0.5531117,REAL,REAL,,REAL,REAL,,REAL
931,President Obama and liberal former DNC Chairman Tim Kaines $787 billion stimulus failed to create jobs.,false,FAKE,23,0.99291223,0.007087806,0.99291223,FAKE,0.8609428,0.13905719,0.8609428,FAKE,REAL,,REAL,REAL,,REAL
932,"Says that during his eight years as Florida governor, we created 1.3 million net new jobs -- more jobs created than Texas.",mostly-true,REAL,29,0.31786403,0.68213594,0.68213594,REAL,0.35111326,0.64888674,0.64888674,REAL,REAL,,REAL,REAL,,REAL
933,"Marco Rubio's ""income skyrocketed while his power increased.""",true,REAL,19,0.8254719,0.17452812,0.8254719,FAKE,0.56357396,0.43642607,0.56357396,FAKE,REAL,,REAL,REAL,,REAL
934,This ban will only apply to Oregon commercial fishermen. Washington commercial fishermen would still be allowed to use gillnets on the Columbia River.,half-true,FAKE,28,0.2910924,0.7089076,0.7089076,REAL,0.47901243,0.5209876,0.5209876,REAL,REAL,,REAL,REAL,,REAL
935,Says Republican recall challenger Jonathan Steitz failed to pay his taxes.,half-true,FAKE,15,0.55029565,0.4497043,0.55029565,FAKE,0.60896105,0.39103898,0.60896105,FAKE,REAL,,REAL,REAL,,REAL
936,"In six years, (U.S. Rep. Gary) Peters introduced zero bills that became law.",barely-true,FAKE,23,0.96127605,0.038723994,0.96127605,FAKE,0.59275395,0.40724602,0.59275395,FAKE,REAL,,REAL,REAL,,REAL
937,Measures taken by my administration have saved taxpayers $1 billion.,mostly-true,REAL,14,0.8468096,0.15319034,0.8468096,FAKE,0.6844488,0.31555122,0.6844488,FAKE,REAL,,REAL,REAL,,REAL
938,"Says his proposed payroll tax cut will mean an extra $1,500 in your pocket compared to if we do nothing.",true,REAL,26,0.82446563,0.17553435,0.82446563,FAKE,0.5859915,0.41400853,0.5859915,FAKE,FAKE,,FAKE,REAL,,REAL
939,"In last weeks debate, Bernie questioned Hillarys commitment to fighting climate change because a whopping 0.2 percent of the money given to our campaign has come from employees of oil and gas companies. Not even 2 percent, mind you: 0.2 percent.",mostly-true,REAL,54,0.76821554,0.23178445,0.76821554,FAKE,0.53018373,0.46981627,0.53018373,FAKE,REAL,,REAL,REAL,,REAL
940,"A few months ago when you were asked whats the biggest geopolitical threat facing America, you said Russia.",half-true,FAKE,25,0.7833571,0.21664293,0.7833571,FAKE,0.5701947,0.42980522,0.5701947,FAKE,REAL,,REAL,REAL,,REAL
941,Says his views on reparations for slavery are the same as Barack Obamas and Hillary Clintons.,mostly-true,REAL,23,0.861145,0.13885497,0.861145,FAKE,0.8108984,0.18910153,0.8108984,FAKE,FAKE,,FAKE,REAL,,REAL
942,Says the National Labor Relations Board told Boeing that it cant build a factory in a non-union state.,false,FAKE,24,0.9583245,0.04167554,0.9583245,FAKE,0.62737364,0.37262636,0.62737364,FAKE,REAL,,REAL,REAL,,REAL
943,"Says by rejecting an expansion of Medicaid under the new law, Georgia was depriving 25,000 veterans of health care coverage.",true,REAL,30,0.5123736,0.48762637,0.5123736,FAKE,0.6253521,0.3746479,0.6253521,FAKE,REAL,,REAL,REAL,,REAL
944,Says the case of a Texas judge who refused to perform heterosexual weddings exposes a double standard in the case against Kentucky clerk Kim Davis.,false,FAKE,29,0.96287984,0.037120227,0.96287984,FAKE,0.7271247,0.2728753,0.7271247,FAKE,REAL,,REAL,REAL,,REAL
945,Obamacare will drive 2.5 million Americans out of the workforce.,barely-true,FAKE,16,0.99016273,0.009837243,0.99016273,FAKE,0.8953639,0.10463612,0.8953639,FAKE,FAKE,,FAKE,REAL,,REAL
946,"After laying off 30,000 people,Carly Fiorina said that in retrospect, I would have done them all faster.",half-true,FAKE,29,0.36982208,0.6301779,0.6301779,REAL,0.58893144,0.41106856,0.58893144,FAKE,REAL,,REAL,REAL,,REAL
947,Peter Kilmartin voted for the 38 Studios loan guarantee and his State House job was to twist [legislators] arms to vote for deals like this.,barely-true,FAKE,33,0.8223811,0.17761889,0.8223811,FAKE,0.60027677,0.39972323,0.60027677,FAKE,REAL,,REAL,REAL,,REAL
948,On Donald Trumps track record in business,false,FAKE,10,0.9562217,0.04377829,0.9562217,FAKE,0.79588455,0.20411545,0.79588455,FAKE,REAL,,REAL,REAL,,REAL
949,"Eleven states complete their [legislative] sessions within three calendar months, and another five only meet biennially.",mostly-true,REAL,23,0.018254824,0.9817452,0.9817452,REAL,0.14914115,0.85085887,0.85085887,REAL,REAL,,REAL,REAL,,REAL
950,"With the exception of baby formula, the federal government does not require any food to carry an expiration date, and state laws vary widely.",true,REAL,30,0.049894426,0.9501056,0.9501056,REAL,0.25140694,0.74859303,0.74859303,REAL,REAL,,REAL,REAL,,REAL
951,"On my first day in office, I ordered a review of every regulation in the pipeline and every contract exceeding $1 million.",mostly-true,REAL,27,0.82238305,0.17761698,0.82238305,FAKE,0.42776862,0.5722314,0.5722314,REAL,REAL,,REAL,REAL,,REAL
952,The amount of money that we put into running our own state legislature is nearly as much as we put into the University of Rhode Island.,false,FAKE,29,0.5031982,0.49680182,0.5031982,FAKE,0.24991843,0.7500816,0.7500816,REAL,REAL,,REAL,REAL,,REAL
953,Says Sean Duffy was a no-show as Ashland County District Attorney while he was on the campaign trail,barely-true,FAKE,22,0.9270884,0.07291158,0.9270884,FAKE,0.66536766,0.33463234,0.66536766,FAKE,REAL,,REAL,REAL,,REAL
954,Beaverton enjoys the most diverse population (by percentage of population) among Oregon cities.,false,FAKE,19,0.2031947,0.7968053,0.7968053,REAL,0.17242256,0.8275775,0.8275775,REAL,REAL,,REAL,REAL,,REAL
955,Evidence shows Zika virus turns fetus brains to liquid.,pants-fire,FAKE,14,0.98111045,0.018889524,0.98111045,FAKE,0.7891061,0.21089387,0.7891061,FAKE,FAKE,,FAKE,REAL,,REAL
956,"Says after leaving the White House, Hillary Clinton was forced to return an estimated $200,000 in White House china, furniture and artwork that she had stolen.",barely-true,FAKE,34,0.5503103,0.4496897,0.5503103,FAKE,0.6760331,0.32396686,0.6760331,FAKE,FAKE,,FAKE,REAL,,REAL
957,Georgia is the Saudi Arabia of pine trees.,barely-true,FAKE,11,0.93171805,0.06828194,0.93171805,FAKE,0.6006211,0.39937887,0.6006211,FAKE,REAL,,REAL,REAL,,REAL
958,U.S. Senate candidate Jack Kingston voted for the Cash for Clunkers program.,half-true,FAKE,20,0.7552923,0.2447077,0.7552923,FAKE,0.66148704,0.33851293,0.66148704,FAKE,REAL,,REAL,REAL,,REAL
959,"Put simply, less government spending equals more private sector jobs.",half-true,FAKE,14,0.41704744,0.58295256,0.58295256,REAL,0.4165074,0.5834926,0.5834926,REAL,REAL,,REAL,REAL,,REAL
960,I turned a $110 million deficit into a $1.6 million surplus for our city.,barely-true,FAKE,21,0.97623444,0.02376552,0.97623444,FAKE,0.64654684,0.3534532,0.64654684,FAKE,REAL,,REAL,REAL,,REAL
961,Seventy percent of Americans dont have a college degree.,true,REAL,13,0.016766394,0.98323363,0.98323363,REAL,0.15475072,0.8452493,0.8452493,REAL,REAL,,REAL,REAL,,REAL
962,"Under the plan, for the first five years your employer not only has to keep the coverage, but you can't migrate to the public plan.",barely-true,FAKE,32,0.92092156,0.07907844,0.92092156,FAKE,0.5114468,0.4885532,0.5114468,FAKE,FAKE,,FAKE,REAL,,REAL
963,Says the oil industry subsidies that President Barack Obama is attacking dont exist,false,FAKE,16,0.9892425,0.01075755,0.9892425,FAKE,0.88713545,0.11286457,0.88713545,FAKE,REAL,,REAL,REAL,,REAL
964,"President Barack Obamas veto of the Keystone XL pipeline killed 42,000 jobs.",half-true,FAKE,18,0.9878471,0.01215287,0.9878471,FAKE,0.8756184,0.12438159,0.8756184,FAKE,FAKE,,FAKE,REAL,,REAL
965,John McCain decided to stand with George Bush 95 percent of the time (last year).,true,REAL,20,0.04777395,0.9522261,0.9522261,REAL,0.2396117,0.76038826,0.76038826,REAL,FAKE,,FAKE,REAL,,REAL
966,"Says Bill Pascrell voted to eliminate all estate taxes for billionaires, and I voted no.",barely-true,FAKE,22,0.43317485,0.5668252,0.5668252,REAL,0.4355952,0.5644048,0.5644048,REAL,REAL,,REAL,REAL,,REAL
967,"In Hillary Clintons tax returns, you saw a lot of income coming from donors to the Clinton Foundation and people who benefitted from her State Department term as well.",half-true,FAKE,35,0.832387,0.16761297,0.832387,FAKE,0.6210907,0.37890923,0.6210907,FAKE,REAL,,REAL,REAL,,REAL
968,"Says that when the Rolling Stones performed in an Austin park, they paid $25,000 to the nearby city of Rollingwood for one night of inconvenience.",true,REAL,36,0.81845814,0.18154192,0.81845814,FAKE,0.5114578,0.4885422,0.5114578,FAKE,FAKE,,FAKE,REAL,,REAL
969,Says the NAACPs Ohio chapter has endorsed Issue 2.,barely-true,FAKE,13,0.9713174,0.028682556,0.9713174,FAKE,0.5946304,0.4053696,0.5946304,FAKE,REAL,,REAL,REAL,,REAL
970,Florida led the nation in job creation while Bush was governor.,half-true,FAKE,14,0.49632165,0.5036783,0.5036783,REAL,0.36454123,0.6354588,0.6354588,REAL,REAL,,REAL,REAL,,REAL
971,Says Marco Rubio knows full well I voted for his amendment to increase military spending to $697 billion.,true,REAL,24,0.36248907,0.63751096,0.63751096,REAL,0.48206344,0.5179365,0.5179365,REAL,REAL,,REAL,REAL,,REAL
972,Says Joe Heck voted to shut down the government.,half-true,FAKE,12,0.9574329,0.04256701,0.9574329,FAKE,0.7576427,0.24235728,0.7576427,FAKE,REAL,,REAL,REAL,,REAL
973,Oil production is down 14 percent this year on federal land.,half-true,FAKE,14,0.26615137,0.7338487,0.7338487,REAL,0.21398996,0.78601,0.78601,REAL,REAL,,REAL,REAL,,REAL
974,"Of the 98 top oxycodone-dispensing doctors who used to live in Florida, today, there are none.",mostly-true,REAL,30,0.049348436,0.9506515,0.9506515,REAL,0.22991571,0.77008426,0.77008426,REAL,REAL,,REAL,REAL,,REAL
975,A white family is likely to have about six times as much wealth than a black or Hispanic family coming out of the recession.,true,REAL,27,0.16276744,0.83723253,0.83723253,REAL,0.2141977,0.7858023,0.7858023,REAL,REAL,,REAL,REAL,,REAL
976,John McCain has changed position on invading Iraq.,barely-true,FAKE,11,0.90490687,0.095093116,0.90490687,FAKE,0.58268464,0.41731536,0.58268464,FAKE,REAL,,REAL,REAL,,REAL
977,State employees are actually going to get a pay raise.,false,FAKE,13,0.985,0.014999967,0.985,FAKE,0.7556862,0.24431385,0.7556862,FAKE,REAL,,REAL,REAL,,REAL
978,"A Texas law requires every high school to have a voter registrar and part of their responsibility is to make sure that when children become 18 and become eligible to vote, that they vote.",half-true,FAKE,38,0.86640805,0.13359194,0.86640805,FAKE,0.34767032,0.6523297,0.6523297,REAL,REAL,,REAL,REAL,,REAL
979,Federal spending on entitlements is projected to consume all revenue by 2045.,mostly-true,REAL,19,0.08043344,0.9195666,0.9195666,REAL,0.32970458,0.6702954,0.6702954,REAL,FAKE,,FAKE,REAL,,REAL
980,Congressman Kasich wants to use our tax dollars to give secret bonuses to his corporate friends.,pants-fire,FAKE,21,0.9615106,0.03848939,0.9615106,FAKE,0.6697884,0.33021164,0.6697884,FAKE,FAKE,,FAKE,REAL,,REAL
981,"The Democrat majority in the Senate has failed to submit [a] budget in the past 1,000 days.",barely-true,FAKE,24,0.95207345,0.047926567,0.95207345,FAKE,0.31502864,0.68497133,0.68497133,REAL,REAL,,REAL,REAL,,REAL
982,Says Rick Perry increased spending in Texas by more than 50 percent.,half-true,FAKE,15,0.8376735,0.16232657,0.8376735,FAKE,0.5808935,0.41910642,0.5808935,FAKE,REAL,,REAL,REAL,,REAL
983,"Says as a share of the US economy, the governments support for research and development (RD) has fallen by nearly two-thirds since the 1960s.",true,REAL,32,0.19170554,0.8082944,0.8082944,REAL,0.2671235,0.73287654,0.73287654,REAL,REAL,,REAL,REAL,,REAL
984,Says Texas Republican leaders have proposed laying off thousands of teachers.,barely-true,FAKE,14,0.95491356,0.045086462,0.95491356,FAKE,0.79620546,0.20379458,0.79620546,FAKE,FAKE,,FAKE,REAL,,REAL
985,The Democratic health care bill in the House would create 53 new government bureaucracies.,barely-true,FAKE,19,0.77328,0.22672002,0.77328,FAKE,0.6990601,0.30093986,0.6990601,FAKE,FAKE,,FAKE,REAL,,REAL
986,Says that Donald Trump supported Charlie Crist.,mostly-true,REAL,11,0.15184963,0.8481503,0.8481503,REAL,0.5076666,0.4923334,0.5076666,FAKE,REAL,,REAL,REAL,,REAL
987,"Dollar General added 2,500 stores and 20,000 jobs during his four-year tenure as CEO.",mostly-true,REAL,23,0.06949252,0.9305075,0.9305075,REAL,0.4319672,0.5680328,0.5680328,REAL,FAKE,,FAKE,REAL,,REAL
988,Property tax exemptions can be granted to small businesses that move into Milwaukee County.,false,FAKE,18,0.11219655,0.88780344,0.88780344,REAL,0.31648368,0.6835163,0.6835163,REAL,REAL,,REAL,REAL,,REAL
989,Gov. Sarah Palin got precisely zero support for her call for Alaskas Democratic Senator Mark Begich to resign because Ted Stevens corruption conviction was overturned.,false,FAKE,32,0.852125,0.147875,0.852125,FAKE,0.61004,0.38996002,0.61004,FAKE,REAL,,REAL,REAL,,REAL
990,Says overwhelming majorities of Americans support gun legislation like background checks.,mostly-true,REAL,15,0.43111593,0.56888413,0.56888413,REAL,0.20170656,0.7982935,0.7982935,REAL,REAL,,REAL,REAL,,REAL
991,"Under the DREAM Act, after two years of higher education or military service you are eligible for citizenship. Once a citizen, this paves the way to bring the rest of (your) extended family to the United States.",barely-true,FAKE,46,0.93191284,0.0680871,0.93191284,FAKE,0.42632854,0.5736714,0.5736714,REAL,REAL,,REAL,REAL,,REAL
992,"Since President Barack Obama took office, 2 million more Americans are out of work.",half-true,FAKE,18,0.96214515,0.037854824,0.96214515,FAKE,0.8475368,0.15246321,0.8475368,FAKE,FAKE,,FAKE,REAL,,REAL
993,Says opponent David Dewhurst is a career politician.,false,FAKE,12,0.9875016,0.012498372,0.9875016,FAKE,0.8535746,0.14642543,0.8535746,FAKE,REAL,,REAL,REAL,,REAL
994,Says Virginia economic development officials decided they didnt want to bid on his companys electric automobile plant.,false,FAKE,22,0.3506175,0.64938253,0.64938253,REAL,0.66677135,0.33322865,0.66677135,FAKE,REAL,,REAL,REAL,,REAL
995,"The State Department says the 42,000 jobs created by the Keystone XL pipeline are ongoing, enduring jobs.",false,FAKE,23,0.98484486,0.01515515,0.98484486,FAKE,0.7477499,0.25225008,0.7477499,FAKE,REAL,,REAL,REAL,,REAL
996,Wisconsins new state budget includes a 15 percent increase for road construction and yet weve got local towns tearing up paved roads and replacing them with gravel.,false,FAKE,32,0.8072612,0.19273882,0.8072612,FAKE,0.7152482,0.28475177,0.7152482,FAKE,REAL,,REAL,REAL,,REAL
997,The Obama administration is refusing to directly arm the Kurds.,mostly-true,REAL,14,0.991078,0.00892202,0.991078,FAKE,0.87027466,0.12972537,0.87027466,FAKE,REAL,,REAL,REAL,,REAL
998,"The Obama administrations green stimulus program funneled close to $2 billion dollars to overseas firms, creating thousands of jobs in China.",barely-true,FAKE,27,0.9892454,0.010754626,0.9892454,FAKE,0.87094694,0.12905307,0.87094694,FAKE,FAKE,,FAKE,REAL,,REAL
999,The worlds 62 richest people own the same wealth as the 3.6 billion poorest.,mostly-true,REAL,20,0.012054098,0.9879459,0.9879459,REAL,0.1573574,0.8426426,0.8426426,REAL,FAKE,,FAKE,REAL,,REAL
1000,"There are approximately 18,000 (police) departments in the United States.",mostly-true,REAL,17,0.087001294,0.9129987,0.9129987,REAL,0.2215141,0.7784859,0.7784859,REAL,REAL,,REAL,REAL,,REAL
1001,The cost-of-living increase in Social Security is tied to wage inflation.,false,FAKE,18,0.9396979,0.06030215,0.9396979,FAKE,0.51385754,0.48614252,0.51385754,FAKE,REAL,,REAL,REAL,,REAL
1002,Nearly a quarter of all adults in this state have some college credit without a degree.,mostly-true,REAL,19,0.037719622,0.9622804,0.9622804,REAL,0.14202546,0.85797447,0.85797447,REAL,REAL,,REAL,REAL,,REAL
1003,"Of the more than 1.3 million temporary mortgage modifications, over half have defaulted.",half-true,FAKE,19,0.05779834,0.9422017,0.9422017,REAL,0.21123454,0.7887655,0.7887655,REAL,REAL,,REAL,REAL,,REAL
1004,Republicans tried to block the deficit commission.,half-true,FAKE,10,0.9696964,0.030303562,0.9696964,FAKE,0.6463683,0.3536317,0.6463683,FAKE,REAL,,REAL,REAL,,REAL
1005,The state is able to sharply curtail contract bargaining rights for state employee unions.,mostly-true,REAL,18,0.3455024,0.6544976,0.6544976,REAL,0.43144268,0.5685574,0.5685574,REAL,REAL,,REAL,REAL,,REAL
1006,On his support for sharply limiting collective bargaining by public employees.,half-true,FAKE,14,0.9681884,0.031811636,0.9681884,FAKE,0.87525094,0.124749094,0.87525094,FAKE,REAL,,REAL,REAL,,REAL
1007,Georgia is one of only about seven states in the country that has a AAA bond rating.,true,REAL,20,0.08833298,0.911667,0.911667,REAL,0.16979344,0.8302066,0.8302066,REAL,REAL,,REAL,REAL,,REAL
1008,"Rick Perry attempted to fast-track unnecessary coal-fired power plants, which degrade air quality and would cost billions. Fortunately, a court stopped him.",mostly-true,REAL,33,0.7109477,0.28905237,0.7109477,FAKE,0.5804326,0.4195674,0.5804326,FAKE,REAL,,REAL,REAL,,REAL
1009,"Two years ago Providence alone spent $50,000 a year notifying the school department about residents in the states sex offender registry.",half-true,FAKE,28,0.85479784,0.14520216,0.85479784,FAKE,0.35151553,0.64848447,0.64848447,REAL,REAL,,REAL,REAL,,REAL
1010,"In many instances, (peoples) health care costs are more than their mortgage costs or their rent, which, by the way, is a first in American history.",barely-true,FAKE,35,0.08834425,0.9116558,0.9116558,REAL,0.22345503,0.7765449,0.7765449,REAL,REAL,,REAL,REAL,,REAL
1011,"Since the passage of Obamas stimulus package, over 1 million additional jobs were lost and nearly 25 million Americans are out of work, are stuck in part-time work, or have given up looking.",half-true,FAKE,42,0.801414,0.198586,0.801414,FAKE,0.7952382,0.2047618,0.7952382,FAKE,REAL,,REAL,REAL,,REAL
1012,Three in four low-income workers dont have any paid sick days available.,true,REAL,18,0.03311372,0.96688634,0.96688634,REAL,0.19552162,0.80447835,0.80447835,REAL,REAL,,REAL,REAL,,REAL
1013,"Says Vince Polistina is collecting nearly $70,000 in taxpayer-funded salaries -- plus a government pension.",barely-true,FAKE,26,0.8330374,0.16696261,0.8330374,FAKE,0.6980607,0.30193934,0.6980607,FAKE,REAL,,REAL,REAL,,REAL
1014,The Department of Health and Human Services is providing $160 million to the state of Pennsylvania to set up a new high-risk insurance pool program that would cover any abortion legal in the state.,false,FAKE,40,0.9626534,0.03734663,0.9626534,FAKE,0.7664031,0.23359692,0.7664031,FAKE,REAL,,REAL,REAL,,REAL
1015,We have SAT scores lower than that of Alabama.,half-true,FAKE,12,0.028152952,0.9718471,0.9718471,REAL,0.14523798,0.854762,0.854762,REAL,REAL,,REAL,REAL,,REAL
1016,Boston Marathon bombing suspect Tamerlan Tsarnaev is buried not far from President Kennedys grave.,pants-fire,FAKE,22,0.83622426,0.1637757,0.83622426,FAKE,0.70341665,0.29658335,0.70341665,FAKE,REAL,,REAL,REAL,,REAL
1017,Gov. Romneys plan would cut taxes for the folks at the very top.,mostly-true,REAL,18,0.95700914,0.042990837,0.95700914,FAKE,0.76979417,0.23020585,0.76979417,FAKE,REAL,,REAL,REAL,,REAL
1018,Says David Prosser = Scott Walker.,half-true,FAKE,10,0.98135424,0.018645737,0.98135424,FAKE,0.80355287,0.1964472,0.80355287,FAKE,FAKE,,FAKE,REAL,,REAL
1019,"Politician Reid Ribble wants to phase out Social Security, forcing Wisconsin seniors to fend for themselves.",pants-fire,FAKE,22,0.9914636,0.008536405,0.9914636,FAKE,0.8642534,0.1357466,0.8642534,FAKE,FAKE,,FAKE,REAL,,REAL
1020,Says Houstons 18th congressional district has been gentrified and is home to more Anglos than African Americans.,false,FAKE,24,0.7053129,0.29468712,0.7053129,FAKE,0.47319067,0.52680933,0.52680933,REAL,REAL,,REAL,REAL,,REAL
1021,"The Hyde Amendmentlanguage was in the (human trafficking) bill. The Democratic sponsor admits it was in the bill, and she voted for it.",mostly-true,REAL,33,0.62714136,0.37285867,0.62714136,FAKE,0.56665075,0.43334922,0.56665075,FAKE,REAL,,REAL,REAL,,REAL
1022,"Says Joe Heck voted 10 times to defund Planned Parenthood ... and Heck opposes a womans right to choose, even when her health is at risk.",mostly-true,REAL,35,0.4579299,0.5420701,0.5420701,REAL,0.4360624,0.5639376,0.5639376,REAL,FAKE,,FAKE,REAL,,REAL
1023,"Stimulus tax cuts ""began showing up in paychecks of 4.8 million Indiana households about three months ago.""",false,FAKE,26,0.214396,0.785604,0.785604,REAL,0.41170925,0.58829075,0.58829075,REAL,REAL,,REAL,REAL,,REAL
1024,Says Hillary Clinton called the Trans-Pacific Partnership the gold standard. You called it the gold standard of trade deals. You said its the finest deal youve ever seen.,mostly-true,REAL,36,0.3260025,0.6739975,0.6739975,REAL,0.53691083,0.4630892,0.53691083,FAKE,REAL,,REAL,REAL,,REAL
1025,Bernie Sanders voted against the Brady Bill -- background checks and waiting periods.,mostly-true,REAL,17,0.23056892,0.76943105,0.76943105,REAL,0.36947703,0.63052297,0.63052297,REAL,REAL,,REAL,REAL,,REAL
1026,Says Charlie Crist and Missouri Rep. Todd Akin hold same abortion views. No exception except the life of the mother.,barely-true,FAKE,26,0.9860496,0.013950422,0.9860496,FAKE,0.75131786,0.24868213,0.75131786,FAKE,REAL,,REAL,REAL,,REAL
1027,Barack Obama has doubled our national debt. Doubled it. Its going to be close to $20 trillion when he leaves.,half-true,FAKE,26,0.9782939,0.021706121,0.9782939,FAKE,0.82309586,0.17690413,0.82309586,FAKE,REAL,,REAL,REAL,,REAL
1028,"Say Matt Wand cut Troutdale police, created a slush fund for himself.",pants-fire,FAKE,18,0.978716,0.021283964,0.978716,FAKE,0.8390987,0.16090132,0.8390987,FAKE,REAL,,REAL,REAL,,REAL
1029,Were second only to Boston in college students per capita.,false,FAKE,13,0.09279669,0.9072033,0.9072033,REAL,0.19717428,0.80282575,0.80282575,REAL,REAL,,REAL,REAL,,REAL
1030,"Not even expensive bottled water, like Perrier and Evian, are of good enough quality to pump out of mines in Southwest Virginia, according to the EPA regulation.",barely-true,FAKE,35,0.8702636,0.12973642,0.8702636,FAKE,0.5515455,0.44845453,0.5515455,FAKE,REAL,,REAL,REAL,,REAL
1031,Obama Declares November National Muslim Appreciation Month.,pants-fire,FAKE,10,0.9849102,0.015089862,0.9849102,FAKE,0.8120568,0.18794319,0.8120568,FAKE,FAKE,,FAKE,REAL,,REAL
1032,Says Catherine Cortez Masto was happy to line her own pockets with taxpayer dollars when state employees were slammed with frozen salaries.,barely-true,FAKE,28,0.916444,0.08355603,0.916444,FAKE,0.7099007,0.29009938,0.7099007,FAKE,REAL,,REAL,REAL,,REAL
1033,"Under Obamacare, The IRS will have access to the American peoples protected health care information.",pants-fire,FAKE,20,0.9713292,0.02867079,0.9713292,FAKE,0.86567867,0.13432138,0.86567867,FAKE,REAL,,REAL,REAL,,REAL
1034,Mike Martinez has voted to raise taxes and utility rates while ending free bus service for seniors.,mostly-true,REAL,20,0.9577098,0.04229017,0.9577098,FAKE,0.7662954,0.23370457,0.7662954,FAKE,FAKE,,FAKE,REAL,,REAL
1035,"Ohio has one of the highest provisional ballot rates in the country, and many of them go uncounted each election.",true,REAL,27,0.117133245,0.88286674,0.88286674,REAL,0.16543142,0.83456856,0.83456856,REAL,REAL,,REAL,REAL,,REAL
1036,"Rand Paul wants to end all federal faith-based initiatives, and even end the deduction for religious charities.",mostly-true,REAL,24,0.8773614,0.122638546,0.8773614,FAKE,0.5975828,0.40241715,0.5975828,FAKE,REAL,,REAL,REAL,,REAL
1037,Homicides last year increased by 17 percent in Americas 50 largest cities. Thats the largest increase in 25 years.,half-true,FAKE,25,0.11830861,0.88169146,0.88169146,REAL,0.24605669,0.7539433,0.7539433,REAL,REAL,,REAL,REAL,,REAL
1038,The Canadians they (dropped) their tax rates to 15 percent. The average tax rate on businesses in the industrialized world is 25 percent.,mostly-true,REAL,30,0.79402417,0.2059758,0.79402417,FAKE,0.31589556,0.6841044,0.6841044,REAL,REAL,,REAL,REAL,,REAL
1039,White men account for 69 percent of those arrested for violent crimes.,false,FAKE,15,0.39002284,0.6099772,0.6099772,REAL,0.22208561,0.7779144,0.7779144,REAL,REAL,,REAL,REAL,,REAL
1040,We know that tax cuts are remarkably un-stimulative when you compare them with different kinds of government spending.,half-true,FAKE,26,0.039787136,0.9602129,0.9602129,REAL,0.3261624,0.6738376,0.6738376,REAL,REAL,,REAL,REAL,,REAL
1041,The climate-change agreement between the United States and China requires the Chinese to do nothing at all for 16 years.,barely-true,FAKE,25,0.97222894,0.027771022,0.97222894,FAKE,0.60840994,0.39159,0.60840994,FAKE,FAKE,,FAKE,REAL,,REAL
1042,"Says in fiscal year 2011, the state had a projected $11 billion deficit.",half-true,FAKE,18,0.14830567,0.8516943,0.8516943,REAL,0.3496845,0.65031546,0.65031546,REAL,REAL,,REAL,REAL,,REAL
1043,"Wisconsin election officials to accept Mickey Mouse, Hitler signatures on recall petitions.",barely-true,FAKE,16,0.99091387,0.009086098,0.99091387,FAKE,0.824895,0.17510502,0.824895,FAKE,FAKE,,FAKE,REAL,,REAL
1044,"I wrote to Secretary Paulson, I wrote to Federal Reserve Chairman Bernanke [in March 2007], and told them this is something we have to deal with, and nobody did anything about it.",half-true,FAKE,43,0.20490463,0.7950954,0.7950954,REAL,0.47442356,0.5255765,0.5255765,REAL,REAL,,REAL,REAL,,REAL
1045,"The Great Wall of China, built 2,000 years ago, is 13,000 miles (long).",half-true,FAKE,24,0.8465101,0.15348987,0.8465101,FAKE,0.38243872,0.6175613,0.6175613,REAL,REAL,,REAL,REAL,,REAL
1046,"When the Dallas/Fort Worth Airport needed to stop its earthquake spike a few years ago, they temporarily shut down the wells that were injecting fracking fluid into the ground ... (and) those earthquakes stopped.",true,REAL,47,0.39202738,0.6079726,0.6079726,REAL,0.5472147,0.4527853,0.5472147,FAKE,REAL,,REAL,REAL,,REAL
1047,Says Supreme Court candidate JoAnne Kloppenburgs record as a state Justice Department lawyer consists only of the prosecution of cases regarding regulation of docks.,pants-fire,FAKE,31,0.9475942,0.05240576,0.9475942,FAKE,0.77889174,0.22110827,0.77889174,FAKE,FAKE,,FAKE,REAL,,REAL
1048,"One half of federal spending goes to Social Security, Medicare and Medicaid while the other half goes to other programs funded with money borrowed from a foreign land.",half-true,FAKE,34,0.13466805,0.8653319,0.8653319,REAL,0.32297042,0.6770296,0.6770296,REAL,REAL,,REAL,REAL,,REAL
1049,Medicare began as a public option and now holds 97 percent of the market share.,mostly-true,REAL,18,0.39126447,0.6087355,0.6087355,REAL,0.3150608,0.6849392,0.6849392,REAL,FAKE,,FAKE,REAL,,REAL
1050,Says Sen. Mitch McConnell is the No. 1 recipient of contributions from lobbyists this cycle.,true,REAL,21,0.10483017,0.89516985,0.89516985,REAL,0.3466246,0.6533754,0.6533754,REAL,FAKE,,FAKE,REAL,,REAL
1051,"98 percent of small businesses make less than $250,000 and would not see a tax increase under Barack Obama's plan.",true,REAL,28,0.9637485,0.03625149,0.9637485,FAKE,0.7403321,0.25966784,0.7403321,FAKE,REAL,,REAL,REAL,,REAL
1052,''The leading Democratic candidate once said that the unfettered free market is the most destructive force in modern America.'',false,FAKE,28,0.81422836,0.18577164,0.81422836,FAKE,0.44059452,0.5594055,0.5594055,REAL,REAL,,REAL,REAL,,REAL
1053,Says the American public overwhelmingly opposed Democratic-steered health care plan.,half-true,FAKE,15,0.0709525,0.9290475,0.9290475,REAL,0.5380512,0.46194875,0.5380512,FAKE,REAL,,REAL,REAL,,REAL
1054,"Says Dan Patrick supported giving a $5,000 taxpayer-funded voucher to every family to buy a car.",mostly-true,REAL,25,0.35234195,0.64765805,0.64765805,REAL,0.59838533,0.4016147,0.59838533,FAKE,REAL,,REAL,REAL,,REAL
1055,"Right now, if Rhode Island police come across a young person with a gun, they really dont legally have the right to take it away from them.",half-true,FAKE,33,0.14804089,0.85195917,0.85195917,REAL,0.4820301,0.5179699,0.5179699,REAL,FAKE,,FAKE,REAL,,REAL
1056,"We have trade agreements with 20 countries, and we have trade surpluses with each one of those 20.",false,FAKE,23,0.049813043,0.95018697,0.95018697,REAL,0.2003911,0.7996089,0.7996089,REAL,FAKE,,FAKE,REAL,,REAL
1057,"This March, for the first time in human history, the monthly average carbon dioxide in our atmosphere exceeded 400 parts per million. The range had been 170-300 parts per million for hundreds of thousands of years.",true,REAL,44,0.27476293,0.7252371,0.7252371,REAL,0.21152717,0.78847283,0.78847283,REAL,REAL,,REAL,REAL,,REAL
1058,"Jon Corzine, elected governor. Teams up with Barbara Buono. $1.2 billion sales tax increase? Passed. Most spending in state history? Passed. After Buono named budget chair, taxes and fees increase 23 times in just two years. State debt? Up $13.4 billion. Unemployment? Doubled.",half-true,FAKE,68,0.964182,0.03581798,0.964182,FAKE,0.50007725,0.49992278,0.50007725,FAKE,REAL,,REAL,REAL,,REAL
1059,The Obama administration supported Muslim allies trying to establish a new international blasphemy standard.,barely-true,FAKE,20,0.9667754,0.03322451,0.9667754,FAKE,0.7932259,0.2067741,0.7932259,FAKE,REAL,,REAL,REAL,,REAL
1060,Congress' approval rating is 11 percent. You know who's higher? Dick Cheney and HMOs.,false,FAKE,23,0.98143125,0.018568771,0.98143125,FAKE,0.6086433,0.39135674,0.6086433,FAKE,FAKE,,FAKE,REAL,,REAL
1061,Oil companies ...currently have 68-million acres that they're not using.,false,FAKE,20,0.046514675,0.95348537,0.95348537,REAL,0.35176194,0.64823806,0.64823806,REAL,REAL,,REAL,REAL,,REAL
1062,Says Donald Trumps proposed tax treatment of hedge fund managers makes the current loophole even worse.,true,REAL,21,0.30855384,0.6914461,0.6914461,REAL,0.57342356,0.4265764,0.57342356,FAKE,REAL,,REAL,REAL,,REAL
1063,John Raeses wife is registered to vote in Florida so she cant even vote for him.,true,REAL,21,0.94944096,0.05055901,0.94944096,FAKE,0.697109,0.30289105,0.697109,FAKE,REAL,,REAL,REAL,,REAL
1064,"Scientists tell us that we could have a cure in 10 years for Alzheimers were it not for overzealous regulators, excessive taxation and greedy litigators.",pants-fire,FAKE,35,0.982061,0.017938972,0.982061,FAKE,0.72950506,0.27049497,0.72950506,FAKE,REAL,,REAL,REAL,,REAL
1065,"Mitt Romney made over a hundred million dollars by shutting down (a Marion, Ind. paper) plant.",barely-true,FAKE,24,0.7467002,0.25329974,0.7467002,FAKE,0.52211565,0.47788432,0.52211565,FAKE,REAL,,REAL,REAL,,REAL
1066,More people are struck by lightning than commit in-person voter fraud by impersonation.,true,REAL,20,0.4356344,0.5643656,0.5643656,REAL,0.49001482,0.50998515,0.50998515,REAL,REAL,,REAL,REAL,,REAL
1067,Says Hillary Clinton and Tim Kaine want to expand (Obamacare) into a single-payer program.,barely-true,FAKE,24,0.97915536,0.020844627,0.97915536,FAKE,0.84917563,0.15082437,0.84917563,FAKE,FAKE,,FAKE,REAL,,REAL
1068,Says the last non-partisan commission to improve the voting experience in America concluded that #VoterID was necessary.,true,REAL,24,0.96217,0.037830044,0.96217,FAKE,0.5884976,0.41150245,0.5884976,FAKE,REAL,,REAL,REAL,,REAL
1069,Oregon school districts are directing 24 percent of their food budgets to purchase local foods. Thats the highest percentage in the country.,half-true,FAKE,27,0.20426749,0.7957325,0.7957325,REAL,0.33594835,0.66405165,0.66405165,REAL,REAL,,REAL,REAL,,REAL
1070,Germany is crime-riddled right now because of migration to Europe.,barely-true,FAKE,16,0.80471283,0.1952872,0.80471283,FAKE,0.5305548,0.4694452,0.5305548,FAKE,FAKE,,FAKE,REAL,,REAL
1071,Says theCongressional Budget Officehas estimatedevery penny of the federal budget will go to interest on the debt and entitlement spending by 2025.,true,REAL,35,0.058507096,0.941493,0.941493,REAL,0.41466883,0.58533114,0.58533114,REAL,FAKE,,FAKE,REAL,,REAL
1072,Mitt Romney said it was tragic to end the war in Iraq.,half-true,FAKE,16,0.9639593,0.03604074,0.9639593,FAKE,0.4547158,0.5452842,0.5452842,REAL,REAL,,REAL,REAL,,REAL
1073,"During Obamas first five years as president, black unemployment increased 42 percent. During Reagans presidency, black unemployment dropped 20 percent.",pants-fire,FAKE,28,0.65100753,0.34899247,0.65100753,FAKE,0.53280276,0.46719718,0.53280276,FAKE,REAL,,REAL,REAL,,REAL
1074,Milwaukee lost the headquarters for MillerCoors because the area lacks good transit.,false,FAKE,17,0.98221785,0.017782172,0.98221785,FAKE,0.6722713,0.3277287,0.6722713,FAKE,REAL,,REAL,REAL,,REAL
1075,"Says President Obama said of the national debt, If I dont have this done in three years, then theres going to be a one-term proposition.",false,FAKE,34,0.9247884,0.07521155,0.9247884,FAKE,0.695701,0.30429903,0.695701,FAKE,REAL,,REAL,REAL,,REAL
1076,"Black Lives Matter, who are attacking law enforcement officers -- Barack Obama had them to the White House.",barely-true,FAKE,23,0.9936606,0.0063394206,0.9936606,FAKE,0.89081025,0.10918971,0.89081025,FAKE,REAL,,REAL,REAL,,REAL
1077,"In 2012, there were nearly 12.2 million arrests and only 410 uses of deadly force by police in the United States.",mostly-true,REAL,27,0.1902292,0.80977076,0.80977076,REAL,0.27010658,0.7298934,0.7298934,REAL,REAL,,REAL,REAL,,REAL
1078,Every major religion is opposed to same-sex marriage.,half-true,FAKE,13,0.07145608,0.9285439,0.9285439,REAL,0.27148584,0.72851413,0.72851413,REAL,FAKE,,FAKE,REAL,,REAL
1079,"Says Texas has more than 80,000 abortions each year.",barely-true,FAKE,15,0.8976257,0.10237429,0.8976257,FAKE,0.26287767,0.7371223,0.7371223,REAL,REAL,,REAL,REAL,,REAL
1080,Says Thomas Jefferson said that government is best which governs least.,false,FAKE,15,0.91925216,0.080747895,0.91925216,FAKE,0.6101737,0.38982636,0.6101737,FAKE,REAL,,REAL,REAL,,REAL
1081,The $18.8 billion in funding for K-12 education funding is the highest in Florida history and includes a record $10.6 billion in state funds.,half-true,FAKE,35,0.24693751,0.7530625,0.7530625,REAL,0.2481907,0.75180924,0.75180924,REAL,REAL,,REAL,REAL,,REAL
1082,"In the 2000 Florida election, at least 1,100 eligible voters were wrongly dropped from voting rolls in an attempt to purge a list of felons. Many of those who were dropped showed up to vote and were told they could not.",true,REAL,50,0.8491182,0.1508819,0.8491182,FAKE,0.37504572,0.6249543,0.6249543,REAL,REAL,,REAL,REAL,,REAL
1083,"My grandfather came home from ... (World War II) exhausted from the burdens he had borne, and died the next day.",true,REAL,30,0.35624182,0.6437582,0.6437582,REAL,0.38734254,0.6126575,0.6126575,REAL,REAL,,REAL,REAL,,REAL
1084,The largest U.S. companies would owe $620 billion in U.S. taxes on the cash they store in tax havens.,mostly-true,REAL,30,0.045764234,0.95423573,0.95423573,REAL,0.3112169,0.6887831,0.6887831,REAL,REAL,,REAL,REAL,,REAL
1085,If Trump had just put his fathers money in a mutual fund ... hed have $8 billion.,false,FAKE,24,0.13692652,0.86307347,0.86307347,REAL,0.49832323,0.5016768,0.5016768,REAL,REAL,,REAL,REAL,,REAL
1086,"Fewer black and Latino men participate in the labor force, compared to young white men.",mostly-true,REAL,19,0.2827791,0.71722084,0.71722084,REAL,0.22586742,0.7741326,0.7741326,REAL,REAL,,REAL,REAL,,REAL
1087,"Says Adam Hasner gives the wealthy tax breaks worth $250,000 a year but hikes middle class taxes $2,000.",barely-true,FAKE,29,0.97377807,0.026221994,0.97377807,FAKE,0.7587027,0.2412973,0.7587027,FAKE,REAL,,REAL,REAL,,REAL
1088,"State House incumbent Jill Chambers, R-Atlanta, personally profits from taxpayer money.",false,FAKE,18,0.960959,0.03904105,0.960959,FAKE,0.7845402,0.21545984,0.7845402,FAKE,REAL,,REAL,REAL,,REAL
1089,The group that supported the presidents health care bill the most? Latinos.,barely-true,FAKE,17,0.98281384,0.017186154,0.98281384,FAKE,0.76607347,0.23392652,0.76607347,FAKE,REAL,,REAL,REAL,,REAL
1090,"Women take birth control, more than half of them, as a medication for other conditions.",half-true,FAKE,20,0.86785424,0.1321457,0.86785424,FAKE,0.37804398,0.621956,0.621956,REAL,REAL,,REAL,REAL,,REAL
1091,Says the Feingold garage ad is a fake: Hes not standing in front of his house.,pants-fire,FAKE,22,0.8882609,0.11173906,0.8882609,FAKE,0.7178355,0.28216454,0.7178355,FAKE,REAL,,REAL,REAL,,REAL
1092,"McCain ""hasn't held executive responsibility.""",false,FAKE,12,0.61604804,0.38395193,0.61604804,FAKE,0.37843212,0.6215679,0.6215679,REAL,REAL,,REAL,REAL,,REAL
1093,McCain got more money from Airbus' U.S. executives than any other politician.,true,REAL,19,0.24374035,0.7562597,0.7562597,REAL,0.3173384,0.6826616,0.6826616,REAL,REAL,,REAL,REAL,,REAL
1094,Forty-five percent of doctors say theyll quit if health care reform passes.,false,FAKE,18,0.7719339,0.22806613,0.7719339,FAKE,0.41197243,0.5880276,0.5880276,REAL,REAL,,REAL,REAL,,REAL
1095,"Says Glenn Grothman pushed through state tax credits that when phased in, someone that owns a factory that produces millions in income will pay less tax than their nephew would if he worked full time at Taco Bell for minimum wage.",mostly-true,REAL,48,0.15321131,0.8467887,0.8467887,REAL,0.51313704,0.486863,0.51313704,FAKE,REAL,,REAL,REAL,,REAL
1096,"Says that under a new program jail ""time for non-violent, mentally ill offenders has been reduced by 50 percent.""",true,REAL,27,0.8133462,0.18665381,0.8133462,FAKE,0.53314316,0.46685687,0.53314316,FAKE,REAL,,REAL,REAL,,REAL
1097,"John McCain intervened, which helped Airbus get that Pentagon contract.",barely-true,FAKE,14,0.11594859,0.8840514,0.8840514,REAL,0.47657186,0.52342814,0.52342814,REAL,FAKE,,FAKE,REAL,,REAL
1098,I have never said that I don't wear flag pins or refuse to wear flag pins.,false,FAKE,21,0.22048807,0.77951187,0.77951187,REAL,0.33848852,0.6615114,0.6615114,REAL,REAL,,REAL,REAL,,REAL
1099,Say71 percent of doctors say Hillarys health concerns are serious and could be disqualifying.,false,FAKE,23,0.97529715,0.024702817,0.97529715,FAKE,0.5909314,0.4090686,0.5909314,FAKE,REAL,,REAL,REAL,,REAL
1100,Expanding the sale of full-strength beer and wine to grocery stores isgood for everybody.,half-true,FAKE,20,0.98624843,0.013751565,0.98624843,FAKE,0.78847605,0.21152397,0.78847605,FAKE,REAL,,REAL,REAL,,REAL
1101,Says history suggests sports will quickly subsume a lot of the attention span of the country in the presidential primary.,half-true,FAKE,24,0.030627644,0.96937233,0.96937233,REAL,0.3822849,0.6177151,0.6177151,REAL,REAL,,REAL,REAL,,REAL
1102,The U.S. has now spent more on reconstructing Afghanistan than was spent on the Marshall Plan and the reconstruction of Europe.,mostly-true,REAL,29,0.52876645,0.47123355,0.52876645,FAKE,0.33846924,0.66153073,0.66153073,REAL,REAL,,REAL,REAL,,REAL
1103,"The federal debt is more than $14 trillion, almost equal to the size of our entire economy, and every child born today inherits a $45,000 share of the national debt before they take their first breath.",mostly-true,REAL,46,0.014100111,0.98589987,0.98589987,REAL,0.19100337,0.8089967,0.8089967,REAL,REAL,,REAL,REAL,,REAL
1104,I wake up every morning in a house (the White House) that was built by slaves.,true,REAL,21,0.6718293,0.32817075,0.6718293,FAKE,0.532288,0.46771201,0.532288,FAKE,REAL,,REAL,REAL,,REAL
1105,"Says Milwaukee County Executive Chris Abele spent $100,000 of taxpayer money on a new luxury SUV.",false,FAKE,23,0.7167687,0.28323132,0.7167687,FAKE,0.64735556,0.3526444,0.64735556,FAKE,REAL,,REAL,REAL,,REAL
1106,The media never show crowds.,false,FAKE,8,0.99087536,0.0091247065,0.99087536,FAKE,0.64719665,0.35280335,0.64719665,FAKE,REAL,,REAL,REAL,,REAL
1107,The governor has made a commitment to billions of dollars in debt and new spending without any explanation of how he plans to pay that money back.,pants-fire,FAKE,30,0.8897137,0.110286295,0.8897137,FAKE,0.60698676,0.39301324,0.60698676,FAKE,REAL,,REAL,REAL,,REAL
1108,Says he had to impose tougher cost controls on state employees than any previous Wisconsin governor.,mostly-true,REAL,20,0.86356354,0.13643646,0.86356354,FAKE,0.3915842,0.60841584,0.60841584,REAL,REAL,,REAL,REAL,,REAL
1109,Says the Congressional Budget Office is expecting a protracted economic malaise for at least the next decade under current policies.,half-true,FAKE,25,0.9698728,0.030127274,0.9698728,FAKE,0.74546623,0.25453374,0.74546623,FAKE,REAL,,REAL,REAL,,REAL
1110,"It was Hillary Clinton who left Americans in harms way in Benghazi and after four Americans fell said, What difference at this point does it make?",barely-true,FAKE,33,0.97586966,0.024130268,0.97586966,FAKE,0.7530794,0.24692062,0.7530794,FAKE,FAKE,,FAKE,REAL,,REAL
1111,Congresswoman Bachmann actually said we should be 'weaned' off our Social Security and Medicare. She wants to privatize Social Security and replace Medicare with some kind of voucher system.,half-true,FAKE,42,0.7601834,0.23981656,0.7601834,FAKE,0.6361114,0.36388862,0.6361114,FAKE,REAL,,REAL,REAL,,REAL
1112,Says children are coming into the U.S. in staggering numbers because President Barack Obama has been promising amnesty.,false,FAKE,24,0.98944074,0.010559264,0.98944074,FAKE,0.856333,0.14366703,0.856333,FAKE,FAKE,,FAKE,REAL,,REAL
1113,"The United States has never been richer, if you look at per capita GDP.",true,REAL,18,0.6682246,0.33177543,0.6682246,FAKE,0.25410852,0.74589145,0.74589145,REAL,REAL,,REAL,REAL,,REAL
1114,Michele Bachmanns legislative record is offering failed amendments.,mostly-true,REAL,13,0.99374914,0.006250902,0.99374914,FAKE,0.83319235,0.16680762,0.83319235,FAKE,REAL,,REAL,REAL,,REAL
1115,"Says that when San Francisco banned plastic grocery bags, you saw the number of instances of people going to the ER with things like salmonella and other related illnesses spike.",barely-true,FAKE,35,0.91854084,0.081459194,0.91854084,FAKE,0.578822,0.42117795,0.578822,FAKE,REAL,,REAL,REAL,,REAL
1116,Scott Walker had a 2.3 GPA when he was asked to leave Marquette University for cheating.,false,FAKE,22,0.8844524,0.11554762,0.8844524,FAKE,0.5984894,0.40151057,0.5984894,FAKE,REAL,,REAL,REAL,,REAL
1117,"Says a company that got tax breaks from the state later laid off 100 Ohioans, even as its CEO cut a half-million-dollar check to Kasichs super PAC.",mostly-true,REAL,38,0.382021,0.61797905,0.61797905,REAL,0.5895679,0.41043207,0.5895679,FAKE,FAKE,,FAKE,REAL,,REAL
1118,"Ohio Director of Job Creation Mark Kvamme just clawed back about $900,000 from companies that made promises and they didnt keep them.",half-true,FAKE,31,0.92793924,0.07206074,0.92793924,FAKE,0.6835311,0.31646892,0.6835311,FAKE,REAL,,REAL,REAL,,REAL
1119,There is no clinical evidence that vaccinating healthcare workers protects patients.,false,FAKE,17,0.91944695,0.08055311,0.91944695,FAKE,0.5420464,0.45795357,0.5420464,FAKE,FAKE,,FAKE,REAL,,REAL
1120,On in-state tuition for unauthorized immigrants.,half-true,FAKE,11,0.9589455,0.041054443,0.9589455,FAKE,0.8599426,0.1400574,0.8599426,FAKE,REAL,,REAL,REAL,,REAL
1121,I made a bunch of these promises during the campaign. ... Weve got about 60 percent done in three years.,false,FAKE,27,0.320648,0.6793519,0.6793519,REAL,0.31716245,0.68283755,0.68283755,REAL,REAL,,REAL,REAL,,REAL
1122,"On the day of the New Hampshire primary in 1980, the top 13 people of Ronald Reagans staff quit.",mostly-true,REAL,24,0.927011,0.072988994,0.927011,FAKE,0.439163,0.560837,0.560837,REAL,REAL,,REAL,REAL,,REAL
1123,Some of the wealthiest Americans are African-American now.,false,FAKE,13,0.02233707,0.9776629,0.9776629,REAL,0.19395782,0.80604213,0.80604213,REAL,REAL,,REAL,REAL,,REAL
1124,Theres 400 more people working in health care today in New Hampshire than when we passed the budget.,false,FAKE,22,0.023621889,0.9763781,0.9763781,REAL,0.2137766,0.78622335,0.78622335,REAL,REAL,,REAL,REAL,,REAL
1125,President Barack Obamas health care reform slashed $500 billion from Medicare.,barely-true,FAKE,16,0.9579727,0.04202721,0.9579727,FAKE,0.88923526,0.110764734,0.88923526,FAKE,FAKE,,FAKE,REAL,,REAL
1126,The U.S. ranks 37th in the world for health care.,mostly-true,REAL,16,0.11088465,0.8891154,0.8891154,REAL,0.19950129,0.8004987,0.8004987,REAL,REAL,,REAL,REAL,,REAL
1127,"A high school dropout makes on average $19,000 a year, a high school graduate makes $28,000 a year, a college graduate makes $51,000 a year.",mostly-true,REAL,40,0.7158977,0.2841023,0.7158977,FAKE,0.19155896,0.80844104,0.80844104,REAL,REAL,,REAL,REAL,,REAL
1128,Theres almost 1 million Texans who are unemployed and thats an all-time record number in our state.,true,REAL,24,0.05289978,0.9471002,0.9471002,REAL,0.18166955,0.81833047,0.81833047,REAL,REAL,,REAL,REAL,,REAL
1129,"Nearly 70 percent of all federal spending will go towards Social Security, Medicare, and Medicaid in fiscal year 2014.",false,FAKE,26,0.6723838,0.32761618,0.6723838,FAKE,0.5123449,0.48765507,0.5123449,FAKE,REAL,,REAL,REAL,,REAL
1130,"In Ohio, each year an estimated 1,000 children become victims of human trafficking, and over 3,000 more are at risk.",barely-true,FAKE,29,0.39903852,0.6009615,0.6009615,REAL,0.31781313,0.68218684,0.68218684,REAL,REAL,,REAL,REAL,,REAL
1131,"Claims that Obama said, ""For those who oppose our policies, you should just shut up and go away.""",false,FAKE,25,0.9304078,0.06959219,0.9304078,FAKE,0.74584603,0.25415397,0.74584603,FAKE,REAL,,REAL,REAL,,REAL
1132,"Says, Yet in Salem they have traditionally waited until the money is almost gone to pay for the most important things in our states budget.",false,FAKE,29,0.6923783,0.30762172,0.6923783,FAKE,0.35547352,0.64452654,0.64452654,REAL,REAL,,REAL,REAL,,REAL
1133,"18 percent of our land in our state right now is either federally, state or county owned for conservation purposes.",true,REAL,24,0.1425447,0.8574553,0.8574553,REAL,0.21969682,0.7803032,0.7803032,REAL,REAL,,REAL,REAL,,REAL
1134,"The race will tighten, just because that's what happens at the end of campaigns. They always have.",mostly-true,REAL,24,0.9353796,0.0646204,0.9353796,FAKE,0.58801156,0.41198847,0.58801156,FAKE,REAL,,REAL,REAL,,REAL
1135,"Even after Obamacare is fully implemented, there still will be tens of millions of people not covered.",true,REAL,22,0.97024417,0.02975581,0.97024417,FAKE,0.8222208,0.17777921,0.8222208,FAKE,REAL,,REAL,REAL,,REAL
1136,The [Obama] administrations regulatory assault on coal-fired energy has put thousands of Americans out of work,barely-true,FAKE,22,0.9919384,0.00806156,0.9919384,FAKE,0.8345468,0.16545321,0.8345468,FAKE,FAKE,,FAKE,REAL,,REAL
1137,"We have 80,000 abortions in Texas every year.",true,REAL,14,0.7613643,0.23863569,0.7613643,FAKE,0.27384907,0.72615093,0.72615093,REAL,REAL,,REAL,REAL,,REAL
1138,Says Tri-Rail shows the potential problems with investing in high-speed rail.,barely-true,FAKE,18,0.76683855,0.23316142,0.76683855,FAKE,0.7507131,0.24928693,0.7507131,FAKE,REAL,,REAL,REAL,,REAL
1139,Says U.S. Senate rival Tommy Thompson is a big corporate lobbyist and has been lobbying during the middle of the campaign.,half-true,FAKE,28,0.8417982,0.15820181,0.8417982,FAKE,0.7571524,0.2428476,0.7571524,FAKE,REAL,,REAL,REAL,,REAL
1140,"Congressman Paul introduces numerous pieces of substantive legislation each year, probably more than any single member of Congress.",mostly-true,REAL,22,0.17038366,0.82961637,0.82961637,REAL,0.22757292,0.77242714,0.77242714,REAL,REAL,,REAL,REAL,,REAL
1141,Four members of the Rhode Island General Assembly went to vote in 2010 and were told they had already voted.,false,FAKE,23,0.9058798,0.09412022,0.9058798,FAKE,0.3893978,0.6106022,0.6106022,REAL,REAL,,REAL,REAL,,REAL
1142,"The Democrat-backed health care reform plan ""will require (Americans) to subsidize abortion with their hard-earned tax dollars.""",false,FAKE,31,0.96312106,0.03687895,0.96312106,FAKE,0.7990535,0.20094652,0.7990535,FAKE,REAL,,REAL,REAL,,REAL
1143,Mark Warner cast the tiebreaking vote to pass Obamacare.,barely-true,FAKE,15,0.99123234,0.008767601,0.99123234,FAKE,0.8131439,0.18685608,0.8131439,FAKE,REAL,,REAL,REAL,,REAL
1144,"In Iraq, violence is down to an all-time low since the start of the war.",mostly-true,REAL,21,0.30695873,0.69304127,0.69304127,REAL,0.2780499,0.7219501,0.7219501,REAL,REAL,,REAL,REAL,,REAL
1145,North Koreas missiles are not going to have a capability to reach the United States anytime real soon.,true,REAL,22,0.9307331,0.069266856,0.9307331,FAKE,0.67099667,0.32900333,0.67099667,FAKE,REAL,,REAL,REAL,,REAL
1146,Im running for office with much more experience and qualifications than Barack Obama had when he ran.,half-true,FAKE,20,0.98826945,0.011730545,0.98826945,FAKE,0.69440824,0.30559173,0.69440824,FAKE,REAL,,REAL,REAL,,REAL
1147,Says Measure 3-386 will cost a fortune for elections while Measure 3-388 will cost less.,false,FAKE,24,0.23654386,0.76345617,0.76345617,REAL,0.40375572,0.5962443,0.5962443,REAL,REAL,,REAL,REAL,,REAL
1148,"In 2008, Charlie Crist applauded the pick of Sarah Palin and said she would do a great job.",true,REAL,26,0.8004097,0.19959028,0.8004097,FAKE,0.58625257,0.41374743,0.58625257,FAKE,REAL,,REAL,REAL,,REAL
1149,"The president promised to close the space gap, but he now seems intent on repeating the events that created the space gap in the first place -- putting in place a new rocket design and then trying to underfund the effort...",mostly-true,REAL,50,0.92457217,0.07542784,0.92457217,FAKE,0.6215373,0.37846267,0.6215373,FAKE,REAL,,REAL,REAL,,REAL
1150,Republicans dont think its a good idea to make the child care tax credit stronger.,barely-true,FAKE,19,0.77495927,0.2250407,0.77495927,FAKE,0.6317072,0.36829275,0.6317072,FAKE,REAL,,REAL,REAL,,REAL
1151,More than half of women under 30 who give birth do so outside of marriage...,true,REAL,20,0.027396226,0.97260374,0.97260374,REAL,0.18130213,0.8186978,0.8186978,REAL,REAL,,REAL,REAL,,REAL
1152,I cut spending while serving in the state Legislature,mostly-true,REAL,11,0.26523525,0.73476475,0.73476475,REAL,0.3840075,0.6159925,0.6159925,REAL,REAL,,REAL,REAL,,REAL
1153,"If we ban the practice of earmarks, we could save the American taxpayer anywhere between $15 (billion) to $20 billion dollars a year in pork-barrel spending.",mostly-true,REAL,37,0.7893405,0.21065947,0.7893405,FAKE,0.520789,0.47921094,0.520789,FAKE,REAL,,REAL,REAL,,REAL
1154,Our welfare system now consumes 42 percent of our budget.,half-true,FAKE,14,0.06176409,0.93823594,0.93823594,REAL,0.20429048,0.79570955,0.79570955,REAL,REAL,,REAL,REAL,,REAL
1155,Agriculture is the strongest industry in Ohio.,true,REAL,10,0.06812509,0.931875,0.931875,REAL,0.1561734,0.84382653,0.84382653,REAL,REAL,,REAL,REAL,,REAL
1156,This is the first time in the history that weve had the raising of a debt limit also with spending cuts.,false,FAKE,25,0.46914124,0.53085876,0.53085876,REAL,0.27741796,0.72258204,0.72258204,REAL,REAL,,REAL,REAL,,REAL
1157,"Sarah Palin was repeating ""Abraham Lincoln's words"" in discussing the war in Iraq.",mostly-true,REAL,21,0.92389673,0.076103285,0.92389673,FAKE,0.7188507,0.2811493,0.7188507,FAKE,REAL,,REAL,REAL,,REAL
1158,Kelly Ayotte voted for a budget that had $90 billion of cuts to Pell Grants.,barely-true,FAKE,22,0.26482987,0.7351701,0.7351701,REAL,0.60712916,0.39287087,0.60712916,FAKE,REAL,,REAL,REAL,,REAL
1159,Says U.S. Rep. Connie Mack IV passed only one bill in seven years.,mostly-true,REAL,20,0.9779416,0.02205845,0.9779416,FAKE,0.45512742,0.5448726,0.5448726,REAL,REAL,,REAL,REAL,,REAL
1160,Republican-leaning states get more in federal dollars than they pay in taxes.,mostly-true,REAL,17,0.55805254,0.44194752,0.55805254,FAKE,0.28628793,0.7137121,0.7137121,REAL,REAL,,REAL,REAL,,REAL
1161,"Barack Obama said in 2004 ""that he basically agreed with the way George Bush was conducting the war.""",half-true,FAKE,23,0.23551233,0.7644877,0.7644877,REAL,0.46825367,0.5317463,0.5317463,REAL,REAL,,REAL,REAL,,REAL
1162,Says President Barack Obama is a socialist.,pants-fire,FAKE,10,0.9920948,0.007905247,0.9920948,FAKE,0.90166765,0.09833241,0.90166765,FAKE,FAKE,,FAKE,REAL,,REAL
1163,Wisconsin was literally broke when Republicans took office in January 2011.,false,FAKE,14,0.96366274,0.036337283,0.96366274,FAKE,0.49769336,0.50230664,0.50230664,REAL,REAL,,REAL,REAL,,REAL
1164,"About two-thirds of Medicaid beneficiaries are children, but they account for one-third of the programs cost, while one-third are elderly, and they account for two-thirds of the cost.",barely-true,FAKE,47,0.26353255,0.73646754,0.73646754,REAL,0.28130436,0.71869564,0.71869564,REAL,REAL,,REAL,REAL,,REAL
1165,Says Tom Cottons vote in Congress to change Medicare will increase out-of-pocket expenses for every senior in Arkansas.,barely-true,FAKE,26,0.9615172,0.038482826,0.9615172,FAKE,0.80601907,0.19398098,0.80601907,FAKE,REAL,,REAL,REAL,,REAL
1166,"Says the Obama administration approved a major disaster declaration for Oklahoma in 2009, when nine of the states 77 counties burned for about three days, while Texas wildfires have been burning for longer without such a declaration.",mostly-true,REAL,43,0.9878248,0.012175263,0.9878248,FAKE,0.6403608,0.3596392,0.6403608,FAKE,REAL,,REAL,REAL,,REAL
1167,Our campaign depends on small donations for the majority of our support.,barely-true,FAKE,15,0.5320547,0.4679453,0.5320547,FAKE,0.411742,0.588258,0.588258,REAL,REAL,,REAL,REAL,,REAL
1168,"Says Crist campaign website ""has eliminated all references to our Republican Party.""",false,FAKE,18,0.1976901,0.8023099,0.8023099,REAL,0.5748079,0.42519215,0.5748079,FAKE,REAL,,REAL,REAL,,REAL
1169,On a cap-and-trade plan.,false,FAKE,11,0.98510206,0.014897964,0.98510206,FAKE,0.888285,0.11171501,0.888285,FAKE,REAL,,REAL,REAL,,REAL
1170,"There hasnt really been a lot of net growth in the federal workforce when you compare it to say, 1990.",half-true,FAKE,25,0.82381576,0.1761842,0.82381576,FAKE,0.4039121,0.59608793,0.59608793,REAL,REAL,,REAL,REAL,,REAL
1171,The American Conservative Union gives [Rep. Tim] Ryan a dismal 0.0 percent rating for the billions he has contributed to our national debt.,barely-true,FAKE,33,0.89582086,0.104179144,0.89582086,FAKE,0.6516448,0.3483552,0.6516448,FAKE,REAL,,REAL,REAL,,REAL
1172,"The departments of Commerce, Education and Energy and the EPA saw their spending increase by between 130 percent and 219 percent between 2008 and 2010.",false,FAKE,29,0.600244,0.39975607,0.600244,FAKE,0.421929,0.578071,0.578071,REAL,REAL,,REAL,REAL,,REAL
1173,Says he hasnt changed his view on abortion restrictions.,barely-true,FAKE,13,0.53430015,0.46569985,0.53430015,FAKE,0.57696694,0.423033,0.57696694,FAKE,REAL,,REAL,REAL,,REAL
1174,Says the director of an anti-abortion group receiving a Texas grant to provide womens health services believes HIV can be spread through the sewer system.,mostly-true,REAL,31,0.9608507,0.03914935,0.9608507,FAKE,0.76894647,0.23105346,0.76894647,FAKE,REAL,,REAL,REAL,,REAL
1175,Says Rick Perry of Texas was the governor who relied most on stimulus funds to close his states budget deficit in 2010.,half-true,FAKE,25,0.9583893,0.041610703,0.9583893,FAKE,0.55045414,0.44954592,0.55045414,FAKE,REAL,,REAL,REAL,,REAL
1176,Democrats are cutting our school funding. Four times in the last 10 years before we came into office.,barely-true,FAKE,22,0.96219945,0.037800483,0.96219945,FAKE,0.56603193,0.4339681,0.56603193,FAKE,REAL,,REAL,REAL,,REAL
1177,Says President Barack Obama himself has granted waivers allowing into the United States refugees who provided material support to terrorists.,barely-true,FAKE,23,0.9236506,0.07634933,0.9236506,FAKE,0.84928477,0.15071528,0.84928477,FAKE,FAKE,,FAKE,REAL,,REAL
1178,"In almost every other country in the world, artists and musicians are paid when their music is played on the radio. In fact, the only countries besides the U.S. who do not have a radio-performance right are China, Iran and North Korea.",mostly-true,REAL,54,0.22189118,0.7781088,0.7781088,REAL,0.23184425,0.76815575,0.76815575,REAL,REAL,,REAL,REAL,,REAL
1179,One man sacrificed for his country. One man opposed a flawed strategy in Iraq. One man had the courage to call for change. One man didn't play politics with the truth. One man stands up to the special interests.,true,REAL,48,0.9556922,0.04430787,0.9556922,FAKE,0.5789896,0.42101032,0.5789896,FAKE,REAL,,REAL,REAL,,REAL
1180,"Says Paul Ryan supports banning all abortions, even in cases of rape or incest.",half-true,FAKE,20,0.40724853,0.59275144,0.59275144,REAL,0.5198725,0.48012754,0.5198725,FAKE,REAL,,REAL,REAL,,REAL
1181,"More than 1,000 American soldiers have lost their lives in Afghanistan in the last 27 months. This is more than the combined total of the nine years before.",false,FAKE,34,0.024621485,0.97537845,0.97537845,REAL,0.19546933,0.8045307,0.8045307,REAL,REAL,,REAL,REAL,,REAL
1182,Weve doubled the production of clean energy.,mostly-true,REAL,11,0.7014672,0.29853278,0.7014672,FAKE,0.5585077,0.44149235,0.5585077,FAKE,REAL,,REAL,REAL,,REAL
1183,Most Americans support the legalization of marijuana.,true,REAL,11,0.016160142,0.9838398,0.9838398,REAL,0.20983434,0.79016566,0.79016566,REAL,REAL,,REAL,REAL,,REAL
1184,"Under Barack Obama, the U.S. now has the lowest workforce since (President Jimmy) Carter.",barely-true,FAKE,23,0.9835475,0.016452419,0.9835475,FAKE,0.77213186,0.22786815,0.77213186,FAKE,REAL,,REAL,REAL,,REAL
1185,A rural hospital in Missouri closes every 8 months. The legislatures failure to expand Medicaid has brought crisis to many of Missouris rural health care providers.,half-true,FAKE,33,0.9504316,0.04956844,0.9504316,FAKE,0.6408797,0.35912034,0.6408797,FAKE,REAL,,REAL,REAL,,REAL
1186,"Harambe received 15,000 votes in the presidential election.",pants-fire,FAKE,14,0.7076584,0.2923416,0.7076584,FAKE,0.47988546,0.52011454,0.52011454,REAL,FAKE,,FAKE,REAL,,REAL
1187,The United States is one of only seven nations that allows elective abortions after 20 weeks post-fertilization.,true,REAL,26,0.67930263,0.32069734,0.67930263,FAKE,0.23038399,0.769616,0.769616,REAL,REAL,,REAL,REAL,,REAL
1188,Says Thom Tillis gives tax breaks to yacht and jet owners.,false,FAKE,15,0.8357916,0.16420834,0.8357916,FAKE,0.7276335,0.27236652,0.7276335,FAKE,REAL,,REAL,REAL,,REAL
1189,"During his time as House speaker, unemployment came down from 5.6 percent to under 4 (percent).",false,FAKE,24,0.55942065,0.44057932,0.55942065,FAKE,0.36437422,0.6356258,0.6356258,REAL,REAL,,REAL,REAL,,REAL
1190,Obamacare was the Republican plan in the early 90s.,half-true,FAKE,13,0.99056786,0.009432114,0.99056786,FAKE,0.81835645,0.1816435,0.81835645,FAKE,FAKE,,FAKE,REAL,,REAL
1191,We had an amendment in the health care law that said the federal government is going to take over education.,false,FAKE,23,0.86988634,0.13011369,0.86988634,FAKE,0.58908796,0.410912,0.58908796,FAKE,FAKE,,FAKE,REAL,,REAL
1192,"(Assembly Democrats) wanted to raise the gas tax by $2.4 billion. We said no to that....Theyre down on the ground. Theyre sweating. Theyre twitching. Its ugly, cause I keep saying no.",barely-true,FAKE,52,0.6809759,0.3190241,0.6809759,FAKE,0.5500076,0.44999242,0.5500076,FAKE,REAL,,REAL,REAL,,REAL
1193,"Says he turned down a Medicaid expansion under Obamacare, but because of actions he took, for the first time in Wisconsins history everyone living in poverty is covered under Medicaid.",mostly-true,REAL,41,0.6787112,0.32128885,0.6787112,FAKE,0.684277,0.31572297,0.684277,FAKE,REAL,,REAL,REAL,,REAL
1194,Says Patrick Murphy switched his vote on All Aboard Florida ... because his father tried to get in a bid to build it and was unsuccessful.,barely-true,FAKE,31,0.5988642,0.40113586,0.5988642,FAKE,0.5908568,0.40914324,0.5908568,FAKE,REAL,,REAL,REAL,,REAL
1195,Says U.S. Sen Sherrod Brown promised that the first stimulus bill would fund the Brent Spence Bridge.,barely-true,FAKE,25,0.9550154,0.04498459,0.9550154,FAKE,0.7266785,0.2733215,0.7266785,FAKE,REAL,,REAL,REAL,,REAL
1196,"Tampa got more (federal housing) money because they scored higher on the blight scoring system, so theyve got a much bigger problem than we do.",barely-true,FAKE,33,0.24031325,0.7596867,0.7596867,REAL,0.31948042,0.6805196,0.6805196,REAL,REAL,,REAL,REAL,,REAL
1197,"In nine Democratic debates, Weve not had one question about a womans right to make her own decisions about reproductive health care, not one question.",true,REAL,32,0.017636307,0.9823637,0.9823637,REAL,0.20760575,0.7923942,0.7923942,REAL,REAL,,REAL,REAL,,REAL
1198,"The Manchin-Toomey amendment would have criminalized certain private transfers of firearms between honest citizens, requiring lifelong friends, neighbors and some family members to get government approval.",barely-true,FAKE,37,0.6705119,0.32948816,0.6705119,FAKE,0.58104265,0.41895732,0.58104265,FAKE,REAL,,REAL,REAL,,REAL
1199,McCain Trying to Have it Both Ways on Iraq,barely-true,FAKE,11,0.98211795,0.01788208,0.98211795,FAKE,0.7330459,0.26695415,0.7330459,FAKE,REAL,,REAL,REAL,,REAL
1200,The budget submitted by Obama will add more to the debt than the outstanding debt of the previous 43 presidents combined.,true,REAL,24,0.1686199,0.8313801,0.8313801,REAL,0.49271643,0.5072836,0.5072836,REAL,REAL,,REAL,REAL,,REAL
1201,I've issued a six-month moratorium on deepwater drilling.,half-true,FAKE,17,0.92338467,0.07661529,0.92338467,FAKE,0.5863209,0.41367906,0.5863209,FAKE,REAL,,REAL,REAL,,REAL
1202,Toomey and Trump will ban abortion and punish women who have them.,false,FAKE,17,0.8150898,0.18491012,0.8150898,FAKE,0.71143436,0.28856567,0.71143436,FAKE,FAKE,,FAKE,REAL,,REAL
1203,Tuition at Rutgers has increased 10 percent since Gov. Chris Christie took office because he cut funding for higher education.,half-true,FAKE,24,0.79985327,0.2001468,0.79985327,FAKE,0.5627336,0.43726635,0.5627336,FAKE,REAL,,REAL,REAL,,REAL
1204,"The reason we even have colleges is that at some point there were politicians who said, You know what? We should start colleges.",barely-true,FAKE,28,0.79355115,0.20644885,0.79355115,FAKE,0.51697135,0.48302865,0.51697135,FAKE,FAKE,,FAKE,REAL,,REAL
1205,Capital Metro originally said MetroRails yearly operating costs would be about $2.5 million. Last year ... it cost $13 million to operate.,half-true,FAKE,34,0.25431147,0.7456885,0.7456885,REAL,0.4345543,0.56544566,0.56544566,REAL,REAL,,REAL,REAL,,REAL
1206,Providence has more of its pension fund invested in hedge funds and is less transparent about it than the state.,mostly-true,REAL,23,0.11227301,0.88772696,0.88772696,REAL,0.30110922,0.69889075,0.69889075,REAL,REAL,,REAL,REAL,,REAL
1207,Says President John F. Kennedy released a star Green Bay Packer from military reserve duty so that he could play in the 1961 NFL Championship Game.,true,REAL,31,0.5008575,0.4991426,0.5008575,FAKE,0.5082801,0.49171993,0.5082801,FAKE,FAKE,,FAKE,REAL,,REAL
1208,"If the General Assembly does not address the states structural deficit, more than 23,000 education professionals will be immediately yanked out of Pennsylvania schools.",barely-true,FAKE,30,0.9697299,0.03027004,0.9697299,FAKE,0.68561494,0.31438503,0.68561494,FAKE,FAKE,,FAKE,REAL,,REAL
1209,"Says he brought 1,200 jobs to Texas by moving his factories here from China.",half-true,FAKE,19,0.9491622,0.050837863,0.9491622,FAKE,0.6226752,0.37732485,0.6226752,FAKE,FAKE,,FAKE,REAL,,REAL
1210,U.S. Rep. Paul Broun has not authored any legislation that has been adopted by Congress.,mostly-true,REAL,23,0.9934315,0.0065685045,0.9934315,FAKE,0.6514726,0.34852737,0.6514726,FAKE,REAL,,REAL,REAL,,REAL
1211,On recess appointments.,half-true,FAKE,6,0.95103574,0.048964225,0.95103574,FAKE,0.8820592,0.11794083,0.8820592,FAKE,REAL,,REAL,REAL,,REAL
1212,"Four years as a congressman, he [U.S. Rep. Hank Johnson] never talked about MARTA.",pants-fire,FAKE,24,0.68684673,0.31315327,0.68684673,FAKE,0.54034036,0.45965967,0.54034036,FAKE,REAL,,REAL,REAL,,REAL
1213,Texas has the highest rate of uninsured in the nation. ... And there are more uninsured children in Texas than in any other state.,true,REAL,34,0.06406895,0.9359311,0.9359311,REAL,0.17230754,0.8276925,0.8276925,REAL,REAL,,REAL,REAL,,REAL
1214,Eighty percent of Wall Street executives and their spouses donations go to Democrats.,false,FAKE,17,0.98018056,0.019819424,0.98018056,FAKE,0.5501557,0.44984427,0.5501557,FAKE,FAKE,,FAKE,REAL,,REAL
1215,"Like me, Scott Walker opposed the 1998 transportation bill and the $9 billion of wasteful spending.",false,FAKE,22,0.8738537,0.12614635,0.8738537,FAKE,0.6363704,0.36362955,0.6363704,FAKE,REAL,,REAL,REAL,,REAL
1216,"Newspapers say Florida made bad investments, lost hundreds of millions of dollars, billions in pension funds lost. Who was in charge of Floridas investments? Alex Sink.",half-true,FAKE,34,0.9815943,0.01840569,0.9815943,FAKE,0.793628,0.20637202,0.793628,FAKE,REAL,,REAL,REAL,,REAL
1217,Says 80 percent of the health care dollars are spent by 20 percent of the population.,true,REAL,19,0.11655415,0.88344586,0.88344586,REAL,0.22235142,0.77764857,0.77764857,REAL,REAL,,REAL,REAL,,REAL
1218,"Steve Southerland did not pay his taxes in 05, 06, 07, 08 or 09.",false,FAKE,21,0.86144847,0.13855144,0.86144847,FAKE,0.4108205,0.5891795,0.5891795,REAL,REAL,,REAL,REAL,,REAL
1219,Eliminating Obamacare ... saves $95 billion a year.,false,FAKE,15,0.8586902,0.14130978,0.8586902,FAKE,0.8170783,0.18292171,0.8170783,FAKE,REAL,,REAL,REAL,,REAL
1220,There are 4.7 percent of Virginians who are minimum wage earners who are over 25 years of age working full-time and trying to raise a family.,mostly-true,REAL,35,0.04952451,0.9504755,0.9504755,REAL,0.19352247,0.8064775,0.8064775,REAL,REAL,,REAL,REAL,,REAL
1221,Says broken compact fluorescent light bulbs allegedly cause migraines and epilepsy attacks.,false,FAKE,19,0.96898603,0.031013954,0.96898603,FAKE,0.7278932,0.2721068,0.7278932,FAKE,REAL,,REAL,REAL,,REAL
1222,At least a quarter of those apprehended at the border have criminal records.,false,FAKE,19,0.20115718,0.7988428,0.7988428,REAL,0.187937,0.81206304,0.81206304,REAL,REAL,,REAL,REAL,,REAL
1223,Says Rick Scotts record on jobs includes Florida ranked 2nd in the nation in long-term unemployment.,half-true,FAKE,22,0.9710254,0.028974565,0.9710254,FAKE,0.5738764,0.4261236,0.5738764,FAKE,REAL,,REAL,REAL,,REAL
1224,Says President Obamas new immigration plan is amnesty.,barely-true,FAKE,12,0.9881593,0.0118407225,0.9881593,FAKE,0.89661914,0.1033809,0.89661914,FAKE,FAKE,,FAKE,REAL,,REAL
1225,"For the first time in over 40 years, Republicansdont hold a single statewide office in Virginia.",true,REAL,22,0.06222121,0.93777883,0.93777883,REAL,0.22797784,0.7720222,0.7720222,REAL,REAL,,REAL,REAL,,REAL
1226,Polls show that Americans overwhelmingly support expanding background checks.,true,REAL,12,0.018874947,0.981125,0.981125,REAL,0.27639383,0.7236061,0.7236061,REAL,REAL,,REAL,REAL,,REAL
1227,Nearly 20% of our residents are born abroad.,true,REAL,12,0.20490797,0.79509205,0.79509205,REAL,0.18614261,0.8138574,0.8138574,REAL,REAL,,REAL,REAL,,REAL
1228,"When it comes to jobless workers, Mitt Romney says he likes to fire people.",false,FAKE,20,0.16172935,0.83827066,0.83827066,REAL,0.42922443,0.57077557,0.57077557,REAL,REAL,,REAL,REAL,,REAL
1229,A child born in America today will inherit $1.5 million in debt the moment theyre placed in their mothers arms.,mostly-true,REAL,27,0.19042303,0.8095769,0.8095769,REAL,0.3194876,0.6805124,0.6805124,REAL,FAKE,,FAKE,REAL,,REAL
1230,Says the U.S. fleet of attack submarines is scheduled to fall below the 48 boats that Navy says it needs to carry out current missions.,true,REAL,31,0.3281404,0.6718596,0.6718596,REAL,0.4070632,0.5929368,0.5929368,REAL,REAL,,REAL,REAL,,REAL
1231,Georgias share of money from the Federal Highway Trust Fund declined 12 percent between 2008 and 2013.,true,REAL,21,0.023943173,0.9760568,0.9760568,REAL,0.26564643,0.73435354,0.73435354,REAL,REAL,,REAL,REAL,,REAL
1232,"Americans spend 100-million hours a year filling out these forms (FAFSA). That is the equivalent of 55,500 full-time jobs.",half-true,FAKE,33,0.03127243,0.9687275,0.9687275,REAL,0.21419895,0.785801,0.785801,REAL,REAL,,REAL,REAL,,REAL
1233,"If you look at the application for a security clearance, I have a clearance that even the president of the United States cannot obtain because of my background.",pants-fire,FAKE,32,0.1741661,0.8258339,0.8258339,REAL,0.35673276,0.6432673,0.6432673,REAL,REAL,,REAL,REAL,,REAL
1234,Says Hawaii Gov. Neil Abercrombie made a late-night visit to Kinkos to forge President Barack Obamas birth certificate two days before Obama unveiled it to the media.,pants-fire,FAKE,38,0.94666034,0.053339683,0.94666034,FAKE,0.7824843,0.2175157,0.7824843,FAKE,FAKE,,FAKE,FAKE,,FAKE
1235,"In the Illinois Legislature, Barack Obama ""voted 'present,' instead of yes or no"" on seven votes involving abortion rights.",true,REAL,28,0.79351354,0.20648643,0.79351354,FAKE,0.6062189,0.3937811,0.6062189,FAKE,REAL,,REAL,REAL,,REAL
1236,"If you want to vote in Texas, you can use a concealed-weapon permit as a valid form of identification, but a valid student ID isnt good enough.",true,REAL,35,0.08232641,0.9176735,0.9176735,REAL,0.26796445,0.7320356,0.7320356,REAL,REAL,,REAL,REAL,,REAL
1237,Says the cascading effects of climate change contributed to the rise of ISIS.,mostly-true,REAL,18,0.97935635,0.020643733,0.97935635,FAKE,0.81495184,0.18504813,0.81495184,FAKE,REAL,,REAL,REAL,,REAL
1238,"Says state Rep. Sandy Pasch, her recall opponent, voted to allow public school employees to use taxpayer dollars to pick up the tab forViagra.",pants-fire,FAKE,33,0.53368884,0.4663112,0.53368884,FAKE,0.72660875,0.27339122,0.72660875,FAKE,FAKE,,FAKE,REAL,,REAL
1239,"Barack Obama ""rejects everyone white, including his mother and his grandparents.""",pants-fire,FAKE,17,0.9934437,0.006556303,0.9934437,FAKE,0.7653349,0.2346651,0.7653349,FAKE,FAKE,,FAKE,REAL,,REAL
1240,A company hired to do Common Core testing in Florida will attract every one of your children to become as homosexual as they possibly can.,pants-fire,FAKE,28,0.98359644,0.01640357,0.98359644,FAKE,0.68954855,0.31045142,0.68954855,FAKE,FAKE,,FAKE,FAKE,,FAKE
1241,The U.S. Supreme Court has not traditionally asked a lot of questions during oral arguments.,true,REAL,21,0.11463787,0.88536215,0.88536215,REAL,0.25549614,0.74450386,0.74450386,REAL,REAL,,REAL,REAL,,REAL
1242,"Fracturing or horizontally fracturing the shale to open up larger pockets of natural gas ... has been used for over 60 years and, as of 2009, over 80,000 wells have been fracked in Ohio.",half-true,FAKE,46,0.26014453,0.73985547,0.73985547,REAL,0.33346,0.66653997,0.66653997,REAL,REAL,,REAL,REAL,,REAL
1243,"In 2004, ""20 percent of U.S. households were getting about 75 percent of their income from the federal government. ... Another 20 percent were receiving almost 40 percent.""",barely-true,FAKE,40,0.62593734,0.3740627,0.62593734,FAKE,0.23108657,0.76891345,0.76891345,REAL,REAL,,REAL,REAL,,REAL
1244,We are now eighth in the nation in job creation . . . we are No. 1 in the Midwest.,mostly-true,REAL,24,0.04431834,0.9556817,0.9556817,REAL,0.1638605,0.8361395,0.8361395,REAL,REAL,,REAL,REAL,,REAL
1245,"In Europe, church attendance rates (are) in the single digits because churches are supported by taxes.",barely-true,FAKE,22,0.28187773,0.71812224,0.71812224,REAL,0.31324825,0.6867517,0.6867517,REAL,REAL,,REAL,REAL,,REAL
1246,Says George LeMieux even compared Marco Rubio to Barack Obama.,barely-true,FAKE,16,0.38366187,0.6163382,0.6163382,REAL,0.71098214,0.2890179,0.71098214,FAKE,REAL,,REAL,REAL,,REAL
1247,Says Barack Obama promised to halve the deficit in his first term.,true,REAL,16,0.4293331,0.5706669,0.5706669,REAL,0.7281495,0.27185053,0.7281495,FAKE,REAL,,REAL,REAL,,REAL
1248,Says the government has gotten the TARP money back plus a profit.,barely-true,FAKE,16,0.9343054,0.06569458,0.9343054,FAKE,0.7365458,0.26345417,0.7365458,FAKE,FAKE,,FAKE,REAL,,REAL
1249,Points of Light is the worlds largest volunteer organization.,barely-true,FAKE,12,0.8989192,0.101080775,0.8989192,FAKE,0.49011558,0.5098844,0.5098844,REAL,REAL,,REAL,REAL,,REAL
1250,Says Mark Pryorcut Medicare to pay for Obamacare.,half-true,FAKE,14,0.99279445,0.0072055743,0.99279445,FAKE,0.8912406,0.108759426,0.8912406,FAKE,FAKE,,FAKE,REAL,,REAL
1251,Says Tim Kaine actually tried to raise taxes by about $4 billion.,mostly-true,REAL,17,0.88737875,0.11262123,0.88737875,FAKE,0.52937126,0.47062874,0.52937126,FAKE,FAKE,,FAKE,REAL,,REAL
1252,Says Marco Rubio is proposing a new $1 trillion welfare program in tax credits and $1 trillion in new military spending.,mostly-true,REAL,27,0.76048917,0.23951074,0.76048917,FAKE,0.80255353,0.19744645,0.80255353,FAKE,REAL,,REAL,REAL,,REAL
1253,I am the only senator who turned down the state pension plan for part-time legislators.,true,REAL,20,0.08110304,0.9188969,0.9188969,REAL,0.24704283,0.7529571,0.7529571,REAL,REAL,,REAL,REAL,,REAL
1254,Female buffalo lead the herd.,mostly-true,REAL,8,0.83877325,0.1612268,0.83877325,FAKE,0.5834275,0.41657248,0.5834275,FAKE,REAL,,REAL,REAL,,REAL
1255,There is no system to vet refugees from the Middle East.,false,FAKE,14,0.9753117,0.024688294,0.9753117,FAKE,0.5129263,0.48707372,0.5129263,FAKE,REAL,,REAL,REAL,,REAL
1256,"Says Chris Christies plan to kick-start our economy is to propose an income tax cut that disproportionately benefits the wealthy, and...hes still proposing it.",pants-fire,FAKE,41,0.58084303,0.41915694,0.58084303,FAKE,0.66382354,0.33617646,0.66382354,FAKE,REAL,,REAL,REAL,,REAL
1257,Obama used $20 million in federal money to emmigrate (sic) Hamas Refugees to the USA.,pants-fire,FAKE,23,0.95161146,0.04838852,0.95161146,FAKE,0.78220636,0.21779358,0.78220636,FAKE,FAKE,,FAKE,FAKE,,FAKE
1258,On offshore drilling.,half-true,FAKE,6,0.804484,0.19551605,0.804484,FAKE,0.8626306,0.1373694,0.8626306,FAKE,REAL,,REAL,REAL,,REAL
1259,"We came out of the White House not only dead broke, but in debt.",barely-true,FAKE,18,0.7206852,0.2793149,0.7206852,FAKE,0.4579355,0.5420645,0.5420645,REAL,REAL,,REAL,REAL,,REAL
1260,I think its seven or eight of the California system of universities dont even teach an American history course. Its not even available to be taught.,false,FAKE,31,0.73340243,0.26659754,0.73340243,FAKE,0.33278438,0.66721565,0.66721565,REAL,REAL,,REAL,REAL,,REAL
1261,Sen. Bob Menendez voted to enact a new tax on the sale of homes of 3.8%.,pants-fire,FAKE,25,0.9609836,0.039016493,0.9609836,FAKE,0.55205,0.44795004,0.55205,FAKE,REAL,,REAL,REAL,,REAL
1262,Says his budget provides the highest state funding level in history for education.,half-true,FAKE,16,0.21693854,0.7830614,0.7830614,REAL,0.2450123,0.7549877,0.7549877,REAL,REAL,,REAL,REAL,,REAL
1263,Ive been here almost every day.,barely-true,FAKE,10,0.047201354,0.95279866,0.95279866,REAL,0.3038526,0.6961474,0.6961474,REAL,REAL,,REAL,REAL,,REAL
1264,"In the early 1980s, Sen. Edward Kennedy secretly offered to help Soviet leaders counter the Reagan administrations position on nuclear disarmament.",barely-true,FAKE,28,0.8589253,0.14107466,0.8589253,FAKE,0.62264913,0.3773509,0.62264913,FAKE,REAL,,REAL,REAL,,REAL
1265,Says an EPA permit languished under Strickland but his new EPA director got it done in two days.,barely-true,FAKE,25,0.46233925,0.5376607,0.5376607,REAL,0.60939336,0.3906066,0.60939336,FAKE,REAL,,REAL,REAL,,REAL
1266,Says the governor is going around the state talking about [how] we should fund an income tax cut that benefits higher income earners and not lower income earners,false,FAKE,34,0.37508032,0.62491965,0.62491965,REAL,0.6791484,0.3208516,0.6791484,FAKE,REAL,,REAL,REAL,,REAL
